page_url,image_url,source_attr,alt_text,tag_index,width_attr,height_attr,domain,file_name,candidate_id,page_id,raw_page_dir,local_file_name,local_path,download_ok,download_error,is_valid_image,width,height,format,mode,file_size_bytes,area,aspect_ratio,image_error,hard_prefilter_keep,hard_reject_reason,hard_rule_flags,ml_score,ml_pred,final_keep,final_keep_before_dedup,final_dedup_key,final_dedup_rank,removed_by_final_dedup,final_dedup_reason
https://www.nationalgeographic.com/environment/article/great-salt-lake-snowpack,https://i.natgeofe.com/n/411109e6-c112-45d4-a566-304be4de1ea6/GettyImages-2270311624.jpg,src,"Aerial view of a calm, reflective lake meeting a rocky shoreline with ripples on the water. Mountains and blue sky under scattered clouds in the background",0,,,i.natgeofe.com,GettyImages-2270311624.jpg,www.nationalgeographic.com_environment_article_great-salt-lake-snowpack_cand_000000,www.nationalgeographic.com_environment_article_great-salt-lake-snowpack,data\raw\www.nationalgeographic.com_environment_article_great-salt-lake-snowpack,www.nationalgeographic.com_environment_article_great-salt-lake-snowpack_cand_000000_ef626b970d.jpg,data\raw\www.nationalgeographic.com_environment_article_great-salt-lake-snowpack\www.nationalgeographic.com_environment_article_great-salt-lake-snowpack_cand_000000_ef626b970d.jpg,True,,True,3072,1982,JPEG,RGB,1405307,6088704,1.5499495459132189,,True,,[],0.8687919213449867,1,True,True,semantic:https://i.natgeofe.com/n/411109e6-c112-45d4-a566-304be4de1ea6/gettyimages-2270311624,1,False,
https://www.nationalgeographic.com/environment/article/great-salt-lake-snowpack,https://i.natgeofe.com/n/7d1c4303-dd42-41c3-881d-b00c819e0346/GettyImages-2260468700.jpg,src,"Snow-covered mountains under a clear blue sky with a few clouds, framed by bare trees in the foreground",1,,,i.natgeofe.com,GettyImages-2260468700.jpg,www.nationalgeographic.com_environment_article_great-salt-lake-snowpack_cand_000001,www.nationalgeographic.com_environment_article_great-salt-lake-snowpack,data\raw\www.nationalgeographic.com_environment_article_great-salt-lake-snowpack,www.nationalgeographic.com_environment_article_great-salt-lake-snowpack_cand_000001_6cd5db349c.jpg,data\raw\www.nationalgeographic.com_environment_article_great-salt-lake-snowpack\www.nationalgeographic.com_environment_article_great-salt-lake-snowpack_cand_000001_6cd5db349c.jpg,True,,True,3072,1854,JPEG,RGB,764248,5695488,1.656957928802589,,True,,[],0.8607176333716497,1,True,True,semantic:https://i.natgeofe.com/n/7d1c4303-dd42-41c3-881d-b00c819e0346/gettyimages-2260468700,1,False,
https://www.nationalgeographic.com/environment/article/great-salt-lake-snowpack,https://i.natgeofe.com/n/1dccd47a-50c5-48a5-92d5-b485729afb67/h_11.03371904_square.jpg,src,,2,,,i.natgeofe.com,h_11.03371904_square.jpg,www.nationalgeographic.com_environment_article_great-salt-lake-snowpack_cand_000002,www.nationalgeographic.com_environment_article_great-salt-lake-snowpack,data\raw\www.nationalgeographic.com_environment_article_great-salt-lake-snowpack,www.nationalgeographic.com_environment_article_great-salt-lake-snowpack_cand_000002_19989656f6.jpg,data\raw\www.nationalgeographic.com_environment_article_great-salt-lake-snowpack\www.nationalgeographic.com_environment_article_great-salt-lake-snowpack_cand_000002_19989656f6.jpg,True,,True,3072,3072,JPEG,RGB,2558336,9437184,1.0,,True,,[],0.07074426696576822,0,False,False,,,False,
https://www.nationalgeographic.com/environment/article/great-salt-lake-snowpack,https://i.natgeofe.com/n/c079e808-3110-473a-9280-20059d08c6ff/1-PinkLake-Hutt%20Lagoon-WA-DanielaTommasiPhotography-110_square.jpg,src,,3,,,i.natgeofe.com,1-PinkLake-Hutt%20Lagoon-WA-DanielaTommasiPhotography-110_square.jpg,www.nationalgeographic.com_environment_article_great-salt-lake-snowpack_cand_000003,www.nationalgeographic.com_environment_article_great-salt-lake-snowpack,data\raw\www.nationalgeographic.com_environment_article_great-salt-lake-snowpack,www.nationalgeographic.com_environment_article_great-salt-lake-snowpack_cand_000003_f7b94ed524.jpg,data\raw\www.nationalgeographic.com_environment_article_great-salt-lake-snowpack\www.nationalgeographic.com_environment_article_great-salt-lake-snowpack_cand_000003_f7b94ed524.jpg,True,,True,3072,3072,JPEG,RGB,2183216,9437184,1.0,,True,,[],0.05372422019597895,0,False,False,,,False,
https://www.nationalgeographic.com/environment/article/great-salt-lake-snowpack,https://i.natgeofe.com/n/3c33b171-6e04-4f8e-8094-ce1a21a17892/GettyImages-2232461193_square.jpg,src,,4,,,i.natgeofe.com,GettyImages-2232461193_square.jpg,www.nationalgeographic.com_environment_article_great-salt-lake-snowpack_cand_000004,www.nationalgeographic.com_environment_article_great-salt-lake-snowpack,data\raw\www.nationalgeographic.com_environment_article_great-salt-lake-snowpack,www.nationalgeographic.com_environment_article_great-salt-lake-snowpack_cand_000004_bf1537754b.jpg,data\raw\www.nationalgeographic.com_environment_article_great-salt-lake-snowpack\www.nationalgeographic.com_environment_article_great-salt-lake-snowpack_cand_000004_bf1537754b.jpg,True,,True,3072,3072,JPEG,RGB,1756377,9437184,1.0,,True,,[],0.022156993072124688,0,False,False,,,False,
https://www.nationalgeographic.com/environment/article/great-salt-lake-snowpack,https://i.natgeofe.com/n/1e30c681-e15a-4e03-9b78-2a527b610825/AP23184410792768.jpg,src,"Aerial view of an empty marina on a calm, reflective lake with a mountain range in the background.",5,,,i.natgeofe.com,AP23184410792768.jpg,www.nationalgeographic.com_environment_article_great-salt-lake-snowpack_cand_000005,www.nationalgeographic.com_environment_article_great-salt-lake-snowpack,data\raw\www.nationalgeographic.com_environment_article_great-salt-lake-snowpack,www.nationalgeographic.com_environment_article_great-salt-lake-snowpack_cand_000005_7f8f203ed8.jpg,data\raw\www.nationalgeographic.com_environment_article_great-salt-lake-snowpack\www.nationalgeographic.com_environment_article_great-salt-lake-snowpack_cand_000005_7f8f203ed8.jpg,True,,True,3072,2048,JPEG,RGB,945360,6291456,1.5,,True,,[],0.6581761379643709,1,True,True,semantic:https://i.natgeofe.com/n/1e30c681-e15a-4e03-9b78-2a527b610825/ap23184410792768,1,False,
https://www.nationalgeographic.com/environment/article/great-salt-lake-snowpack,https://i.natgeofe.com/n/c3b7ee9f-cb9b-46a1-b5b1-f1cb57479646/GettyImages-2270444449.jpg,src,"Empty, dry docks sit on cracked earth under a cloudy sky",6,,,i.natgeofe.com,GettyImages-2270444449.jpg,www.nationalgeographic.com_environment_article_great-salt-lake-snowpack_cand_000006,www.nationalgeographic.com_environment_article_great-salt-lake-snowpack,data\raw\www.nationalgeographic.com_environment_article_great-salt-lake-snowpack,www.nationalgeographic.com_environment_article_great-salt-lake-snowpack_cand_000006_fff7b4db1d.jpg,data\raw\www.nationalgeographic.com_environment_article_great-salt-lake-snowpack\www.nationalgeographic.com_environment_article_great-salt-lake-snowpack_cand_000006_fff7b4db1d.jpg,True,,True,3072,2042,JPEG,RGB,973515,6273024,1.504407443682664,,True,,[],0.6862397024680832,1,True,True,semantic:https://i.natgeofe.com/n/c3b7ee9f-cb9b-46a1-b5b1-f1cb57479646/gettyimages-2270444449,1,False,
https://www.nationalgeographic.com/environment/article/great-salt-lake-snowpack,https://i.natgeofe.com/n/a3950040-1929-4440-b27d-b6132f706136/h_15706360.jpg,src,Aerial view of a vast barren landscape meeting the edges of a receding blue lake. Distant mountains are visible on the horizon.,7,,,i.natgeofe.com,h_15706360.jpg,www.nationalgeographic.com_environment_article_great-salt-lake-snowpack_cand_000007,www.nationalgeographic.com_environment_article_great-salt-lake-snowpack,data\raw\www.nationalgeographic.com_environment_article_great-salt-lake-snowpack,www.nationalgeographic.com_environment_article_great-salt-lake-snowpack_cand_000007_0963347d16.jpg,data\raw\www.nationalgeographic.com_environment_article_great-salt-lake-snowpack\www.nationalgeographic.com_environment_article_great-salt-lake-snowpack_cand_000007_0963347d16.jpg,True,,True,3072,2046,JPEG,RGB,632401,6285312,1.501466275659824,,True,,[],0.5326209550731871,1,False,True,semantic:https://i.natgeofe.com/n/a3950040-1929-4440-b27d-b6132f706136/h_15706360,5,True,semantic_duplicate_removed
https://www.nationalgeographic.com/environment/article/great-salt-lake-snowpack,https://i.natgeofe.com/n/b7e9376b-bb4c-4e0a-8b9f-afd94ae5452f/h_11.02328214_4x3.jpg,src,,8,,,i.natgeofe.com,h_11.02328214_4x3.jpg,www.nationalgeographic.com_environment_article_great-salt-lake-snowpack_cand_000008,www.nationalgeographic.com_environment_article_great-salt-lake-snowpack,data\raw\www.nationalgeographic.com_environment_article_great-salt-lake-snowpack,www.nationalgeographic.com_environment_article_great-salt-lake-snowpack_cand_000008_f8b0470128.jpg,data\raw\www.nationalgeographic.com_environment_article_great-salt-lake-snowpack\www.nationalgeographic.com_environment_article_great-salt-lake-snowpack_cand_000008_f8b0470128.jpg,True,,True,3072,2304,JPEG,RGB,980417,7077888,1.3333333333333333,,True,,[],0.27994504712112445,0,False,False,,,False,
https://www.nationalgeographic.com/environment/article/great-salt-lake-snowpack,https://i.natgeofe.com/n/d0efafac-c53c-4393-bdc3-cf3bdbe3c118/AP24096683056434_4x3.jpg,src,,9,,,i.natgeofe.com,AP24096683056434_4x3.jpg,www.nationalgeographic.com_environment_article_great-salt-lake-snowpack_cand_000009,www.nationalgeographic.com_environment_article_great-salt-lake-snowpack,data\raw\www.nationalgeographic.com_environment_article_great-salt-lake-snowpack,www.nationalgeographic.com_environment_article_great-salt-lake-snowpack_cand_000009_442a5ba705.jpg,data\raw\www.nationalgeographic.com_environment_article_great-salt-lake-snowpack\www.nationalgeographic.com_environment_article_great-salt-lake-snowpack_cand_000009_442a5ba705.jpg,True,,True,3072,2304,JPEG,RGB,1373231,7077888,1.3333333333333333,,True,,[],0.4255064307935109,0,False,False,,,False,
https://www.nationalgeographic.com/environment/article/great-salt-lake-snowpack,https://i.natgeofe.com/n/c9c0af98-9808-439b-87a4-8dd262053da9/GettyImages-522618910_4x3.jpg,src,,10,,,i.natgeofe.com,GettyImages-522618910_4x3.jpg,www.nationalgeographic.com_environment_article_great-salt-lake-snowpack_cand_000010,www.nationalgeographic.com_environment_article_great-salt-lake-snowpack,data\raw\www.nationalgeographic.com_environment_article_great-salt-lake-snowpack,www.nationalgeographic.com_environment_article_great-salt-lake-snowpack_cand_000010_d806e21226.jpg,data\raw\www.nationalgeographic.com_environment_article_great-salt-lake-snowpack\www.nationalgeographic.com_environment_article_great-salt-lake-snowpack_cand_000010_d806e21226.jpg,True,,True,3072,2304,JPEG,RGB,352638,7077888,1.3333333333333333,,True,,[],0.13160492603085647,0,False,False,,,False,
https://www.nationalgeographic.com/environment/article/great-salt-lake-snowpack,https://i.natgeofe.com/n/4ecf8b15-72b3-4496-9418-72320123d5b5/NationalGeographic_2799566_4x3.jpg,src,,11,,,i.natgeofe.com,NationalGeographic_2799566_4x3.jpg,www.nationalgeographic.com_environment_article_great-salt-lake-snowpack_cand_000011,www.nationalgeographic.com_environment_article_great-salt-lake-snowpack,data\raw\www.nationalgeographic.com_environment_article_great-salt-lake-snowpack,www.nationalgeographic.com_environment_article_great-salt-lake-snowpack_cand_000011_998c9d0317.jpg,data\raw\www.nationalgeographic.com_environment_article_great-salt-lake-snowpack\www.nationalgeographic.com_environment_article_great-salt-lake-snowpack_cand_000011_998c9d0317.jpg,True,,True,3072,2304,JPEG,RGB,1168802,7077888,1.3333333333333333,,True,,[],0.364435236013105,0,False,False,,,False,
https://www.nationalgeographic.com/environment/article/great-salt-lake-snowpack,https://i.natgeofe.com/n/c487b6c5-2e68-4888-b1a9-29249f750aa8/2-14-2021---Cleveland-OH_4x3.jpg,src,,12,,,i.natgeofe.com,2-14-2021---Cleveland-OH_4x3.jpg,www.nationalgeographic.com_environment_article_great-salt-lake-snowpack_cand_000012,www.nationalgeographic.com_environment_article_great-salt-lake-snowpack,data\raw\www.nationalgeographic.com_environment_article_great-salt-lake-snowpack,www.nationalgeographic.com_environment_article_great-salt-lake-snowpack_cand_000012_c17e97cf8d.jpg,data\raw\www.nationalgeographic.com_environment_article_great-salt-lake-snowpack\www.nationalgeographic.com_environment_article_great-salt-lake-snowpack_cand_000012_c17e97cf8d.jpg,True,,True,3072,2305,JPEG,RGB,995730,7080960,1.3327548806941432,,True,,[],0.29923689400118364,0,False,False,,,False,
https://www.nationalgeographic.com/environment/article/great-salt-lake-snowpack,https://i.natgeofe.com/n/411109e6-c112-45d4-a566-304be4de1ea6/GettyImages-2270311624.jpg?w=374&h=241,source:srcset,,0,,,i.natgeofe.com,GettyImages-2270311624.jpg,www.nationalgeographic.com_environment_article_great-salt-lake-snowpack_cand_000013,www.nationalgeographic.com_environment_article_great-salt-lake-snowpack,data\raw\www.nationalgeographic.com_environment_article_great-salt-lake-snowpack,www.nationalgeographic.com_environment_article_great-salt-lake-snowpack_cand_000013_de6796134c.jpg,data\raw\www.nationalgeographic.com_environment_article_great-salt-lake-snowpack\www.nationalgeographic.com_environment_article_great-salt-lake-snowpack_cand_000013_de6796134c.jpg,True,,True,374,241,JPEG,RGB,28509,90134,1.5518672199170125,,True,,[],0.6403966068722716,1,False,True,semantic:https://i.natgeofe.com/n/411109e6-c112-45d4-a566-304be4de1ea6/gettyimages-2270311624,8,True,semantic_duplicate_removed
https://www.nationalgeographic.com/environment/article/great-salt-lake-snowpack,https://i.natgeofe.com/n/411109e6-c112-45d4-a566-304be4de1ea6/GettyImages-2270311624.jpg?w=748&h=482,source:srcset,,0,,,i.natgeofe.com,GettyImages-2270311624.jpg,www.nationalgeographic.com_environment_article_great-salt-lake-snowpack_cand_000014,www.nationalgeographic.com_environment_article_great-salt-lake-snowpack,data\raw\www.nationalgeographic.com_environment_article_great-salt-lake-snowpack,www.nationalgeographic.com_environment_article_great-salt-lake-snowpack_cand_000014_82de92564e.jpg,data\raw\www.nationalgeographic.com_environment_article_great-salt-lake-snowpack\www.nationalgeographic.com_environment_article_great-salt-lake-snowpack_cand_000014_82de92564e.jpg,True,,True,747,482,JPEG,RGB,109689,360054,1.549792531120332,,True,,[],0.6513126445974234,1,False,True,semantic:https://i.natgeofe.com/n/411109e6-c112-45d4-a566-304be4de1ea6/gettyimages-2270311624,6,True,semantic_duplicate_removed
https://www.nationalgeographic.com/environment/article/great-salt-lake-snowpack,https://i.natgeofe.com/n/411109e6-c112-45d4-a566-304be4de1ea6/GettyImages-2270311624.jpg?w=413&h=266,source:srcset,,1,,,i.natgeofe.com,GettyImages-2270311624.jpg,www.nationalgeographic.com_environment_article_great-salt-lake-snowpack_cand_000015,www.nationalgeographic.com_environment_article_great-salt-lake-snowpack,data\raw\www.nationalgeographic.com_environment_article_great-salt-lake-snowpack,www.nationalgeographic.com_environment_article_great-salt-lake-snowpack_cand_000015_fdce205367.jpg,data\raw\www.nationalgeographic.com_environment_article_great-salt-lake-snowpack\www.nationalgeographic.com_environment_article_great-salt-lake-snowpack_cand_000015_fdce205367.jpg,True,,True,412,266,JPEG,RGB,34320,109592,1.5488721804511278,,True,,[],0.6372750294987782,1,False,True,semantic:https://i.natgeofe.com/n/411109e6-c112-45d4-a566-304be4de1ea6/gettyimages-2270311624,9,True,semantic_duplicate_removed
https://www.nationalgeographic.com/environment/article/great-salt-lake-snowpack,https://i.natgeofe.com/n/411109e6-c112-45d4-a566-304be4de1ea6/GettyImages-2270311624.jpg?w=826&h=532,source:srcset,,1,,,i.natgeofe.com,GettyImages-2270311624.jpg,www.nationalgeographic.com_environment_article_great-salt-lake-snowpack_cand_000016,www.nationalgeographic.com_environment_article_great-salt-lake-snowpack,data\raw\www.nationalgeographic.com_environment_article_great-salt-lake-snowpack,www.nationalgeographic.com_environment_article_great-salt-lake-snowpack_cand_000016_d8fc362828.jpg,data\raw\www.nationalgeographic.com_environment_article_great-salt-lake-snowpack\www.nationalgeographic.com_environment_article_great-salt-lake-snowpack_cand_000016_d8fc362828.jpg,True,,True,825,532,JPEG,RGB,133563,438900,1.550751879699248,,True,,[],0.6574362323165972,1,False,True,semantic:https://i.natgeofe.com/n/411109e6-c112-45d4-a566-304be4de1ea6/gettyimages-2270311624,5,True,semantic_duplicate_removed
https://www.nationalgeographic.com/environment/article/great-salt-lake-snowpack,https://i.natgeofe.com/n/411109e6-c112-45d4-a566-304be4de1ea6/GettyImages-2270311624.jpg?w=718&h=463,source:srcset,,2,,,i.natgeofe.com,GettyImages-2270311624.jpg,www.nationalgeographic.com_environment_article_great-salt-lake-snowpack_cand_000017,www.nationalgeographic.com_environment_article_great-salt-lake-snowpack,data\raw\www.nationalgeographic.com_environment_article_great-salt-lake-snowpack,www.nationalgeographic.com_environment_article_great-salt-lake-snowpack_cand_000017_f70e3bb7b0.jpg,data\raw\www.nationalgeographic.com_environment_article_great-salt-lake-snowpack\www.nationalgeographic.com_environment_article_great-salt-lake-snowpack_cand_000017_f70e3bb7b0.jpg,True,,True,718,463,JPEG,RGB,100017,332434,1.550755939524838,,True,,[],0.6504755640350434,1,False,True,semantic:https://i.natgeofe.com/n/411109e6-c112-45d4-a566-304be4de1ea6/gettyimages-2270311624,7,True,semantic_duplicate_removed
https://www.nationalgeographic.com/environment/article/great-salt-lake-snowpack,https://i.natgeofe.com/n/411109e6-c112-45d4-a566-304be4de1ea6/GettyImages-2270311624.jpg?w=1436&h=926,source:srcset,,2,,,i.natgeofe.com,GettyImages-2270311624.jpg,www.nationalgeographic.com_environment_article_great-salt-lake-snowpack_cand_000018,www.nationalgeographic.com_environment_article_great-salt-lake-snowpack,data\raw\www.nationalgeographic.com_environment_article_great-salt-lake-snowpack,www.nationalgeographic.com_environment_article_great-salt-lake-snowpack_cand_000018_b1282bfb93.jpg,data\raw\www.nationalgeographic.com_environment_article_great-salt-lake-snowpack\www.nationalgeographic.com_environment_article_great-salt-lake-snowpack_cand_000018_b1282bfb93.jpg,True,,True,1436,926,JPEG,RGB,409483,1329736,1.550755939524838,,True,,[],0.7184267803244987,1,False,True,semantic:https://i.natgeofe.com/n/411109e6-c112-45d4-a566-304be4de1ea6/gettyimages-2270311624,3,True,semantic_duplicate_removed
https://www.nationalgeographic.com/environment/article/great-salt-lake-snowpack,https://i.natgeofe.com/n/411109e6-c112-45d4-a566-304be4de1ea6/GettyImages-2270311624.jpg?w=1280&h=826,source:srcset,,4,,,i.natgeofe.com,GettyImages-2270311624.jpg,www.nationalgeographic.com_environment_article_great-salt-lake-snowpack_cand_000019,www.nationalgeographic.com_environment_article_great-salt-lake-snowpack,data\raw\www.nationalgeographic.com_environment_article_great-salt-lake-snowpack,www.nationalgeographic.com_environment_article_great-salt-lake-snowpack_cand_000019_619b2f3068.jpg,data\raw\www.nationalgeographic.com_environment_article_great-salt-lake-snowpack\www.nationalgeographic.com_environment_article_great-salt-lake-snowpack_cand_000019_619b2f3068.jpg,True,,True,1280,826,JPEG,RGB,325068,1057280,1.549636803874092,,True,,[],0.6981311877258878,1,False,True,semantic:https://i.natgeofe.com/n/411109e6-c112-45d4-a566-304be4de1ea6/gettyimages-2270311624,4,True,semantic_duplicate_removed
https://www.nationalgeographic.com/environment/article/great-salt-lake-snowpack,https://i.natgeofe.com/n/411109e6-c112-45d4-a566-304be4de1ea6/GettyImages-2270311624.jpg?w=2560&h=1652,source:srcset,,4,,,i.natgeofe.com,GettyImages-2270311624.jpg,www.nationalgeographic.com_environment_article_great-salt-lake-snowpack_cand_000020,www.nationalgeographic.com_environment_article_great-salt-lake-snowpack,data\raw\www.nationalgeographic.com_environment_article_great-salt-lake-snowpack,www.nationalgeographic.com_environment_article_great-salt-lake-snowpack_cand_000020_2a902fdee7.jpg,data\raw\www.nationalgeographic.com_environment_article_great-salt-lake-snowpack\www.nationalgeographic.com_environment_article_great-salt-lake-snowpack_cand_000020_2a902fdee7.jpg,True,,True,2560,1651,JPEG,RGB,1065434,4226560,1.5505754088431254,,True,,[],0.8296874941385315,1,False,True,semantic:https://i.natgeofe.com/n/411109e6-c112-45d4-a566-304be4de1ea6/gettyimages-2270311624,2,True,semantic_duplicate_removed
https://www.nationalgeographic.com/environment/article/great-salt-lake-snowpack,https://i.natgeofe.com/n/7d1c4303-dd42-41c3-881d-b00c819e0346/GettyImages-2260468700.jpg?w=374&h=226,source:srcset,,5,,,i.natgeofe.com,GettyImages-2260468700.jpg,www.nationalgeographic.com_environment_article_great-salt-lake-snowpack_cand_000021,www.nationalgeographic.com_environment_article_great-salt-lake-snowpack,data\raw\www.nationalgeographic.com_environment_article_great-salt-lake-snowpack,www.nationalgeographic.com_environment_article_great-salt-lake-snowpack_cand_000021_ffa58c496e.jpg,data\raw\www.nationalgeographic.com_environment_article_great-salt-lake-snowpack\www.nationalgeographic.com_environment_article_great-salt-lake-snowpack_cand_000021_ffa58c496e.jpg,True,,True,374,226,JPEG,RGB,22604,84524,1.654867256637168,,True,,[],0.8196108317040975,1,False,True,semantic:https://i.natgeofe.com/n/7d1c4303-dd42-41c3-881d-b00c819e0346/gettyimages-2260468700,2,True,semantic_duplicate_removed
https://www.nationalgeographic.com/environment/article/great-salt-lake-snowpack,https://i.natgeofe.com/n/7d1c4303-dd42-41c3-881d-b00c819e0346/GettyImages-2260468700.jpg?w=748&h=452,source:srcset,,5,,,i.natgeofe.com,GettyImages-2260468700.jpg,www.nationalgeographic.com_environment_article_great-salt-lake-snowpack_cand_000022,www.nationalgeographic.com_environment_article_great-salt-lake-snowpack,data\raw\www.nationalgeographic.com_environment_article_great-salt-lake-snowpack,www.nationalgeographic.com_environment_article_great-salt-lake-snowpack_cand_000022_63d26ab4fb.jpg,data\raw\www.nationalgeographic.com_environment_article_great-salt-lake-snowpack\www.nationalgeographic.com_environment_article_great-salt-lake-snowpack_cand_000022_63d26ab4fb.jpg,True,,True,748,451,JPEG,RGB,76879,337348,1.6585365853658536,,True,,[],0.7703763201004401,1,False,True,semantic:https://i.natgeofe.com/n/7d1c4303-dd42-41c3-881d-b00c819e0346/gettyimages-2260468700,5,True,semantic_duplicate_removed
https://www.nationalgeographic.com/environment/article/great-salt-lake-snowpack,https://i.natgeofe.com/n/7d1c4303-dd42-41c3-881d-b00c819e0346/GettyImages-2260468700.jpg?w=413&h=249,source:srcset,,6,,,i.natgeofe.com,GettyImages-2260468700.jpg,www.nationalgeographic.com_environment_article_great-salt-lake-snowpack_cand_000023,www.nationalgeographic.com_environment_article_great-salt-lake-snowpack,data\raw\www.nationalgeographic.com_environment_article_great-salt-lake-snowpack,www.nationalgeographic.com_environment_article_great-salt-lake-snowpack_cand_000023_50b5d8c4df.jpg,data\raw\www.nationalgeographic.com_environment_article_great-salt-lake-snowpack\www.nationalgeographic.com_environment_article_great-salt-lake-snowpack_cand_000023_50b5d8c4df.jpg,True,,True,413,249,JPEG,RGB,26644,102837,1.6586345381526104,,True,,[],0.7597005844030051,1,False,True,semantic:https://i.natgeofe.com/n/7d1c4303-dd42-41c3-881d-b00c819e0346/gettyimages-2260468700,7,True,semantic_duplicate_removed
https://www.nationalgeographic.com/environment/article/great-salt-lake-snowpack,https://i.natgeofe.com/n/7d1c4303-dd42-41c3-881d-b00c819e0346/GettyImages-2260468700.jpg?w=826&h=498,source:srcset,,6,,,i.natgeofe.com,GettyImages-2260468700.jpg,www.nationalgeographic.com_environment_article_great-salt-lake-snowpack_cand_000024,www.nationalgeographic.com_environment_article_great-salt-lake-snowpack,data\raw\www.nationalgeographic.com_environment_article_great-salt-lake-snowpack,www.nationalgeographic.com_environment_article_great-salt-lake-snowpack_cand_000024_ece5812a38.jpg,data\raw\www.nationalgeographic.com_environment_article_great-salt-lake-snowpack\www.nationalgeographic.com_environment_article_great-salt-lake-snowpack_cand_000024_ece5812a38.jpg,True,,True,825,498,JPEG,RGB,91844,410850,1.6566265060240963,,True,,[],0.7714799767068786,1,False,True,semantic:https://i.natgeofe.com/n/7d1c4303-dd42-41c3-881d-b00c819e0346/gettyimages-2260468700,4,True,semantic_duplicate_removed
https://www.nationalgeographic.com/environment/article/great-salt-lake-snowpack,https://i.natgeofe.com/n/7d1c4303-dd42-41c3-881d-b00c819e0346/GettyImages-2260468700.jpg?w=718&h=433,source:srcset,,7,,,i.natgeofe.com,GettyImages-2260468700.jpg,www.nationalgeographic.com_environment_article_great-salt-lake-snowpack_cand_000025,www.nationalgeographic.com_environment_article_great-salt-lake-snowpack,data\raw\www.nationalgeographic.com_environment_article_great-salt-lake-snowpack,www.nationalgeographic.com_environment_article_great-salt-lake-snowpack_cand_000025_6214becba4.jpg,data\raw\www.nationalgeographic.com_environment_article_great-salt-lake-snowpack\www.nationalgeographic.com_environment_article_great-salt-lake-snowpack_cand_000025_6214becba4.jpg,True,,True,717,433,JPEG,RGB,71317,310461,1.6558891454965359,,True,,[],0.7665005201174627,1,False,True,semantic:https://i.natgeofe.com/n/7d1c4303-dd42-41c3-881d-b00c819e0346/gettyimages-2260468700,6,True,semantic_duplicate_removed
https://www.nationalgeographic.com/environment/article/great-salt-lake-snowpack,https://i.natgeofe.com/n/7d1c4303-dd42-41c3-881d-b00c819e0346/GettyImages-2260468700.jpg?w=1436&h=866,source:srcset,,7,,,i.natgeofe.com,GettyImages-2260468700.jpg,www.nationalgeographic.com_environment_article_great-salt-lake-snowpack_cand_000026,www.nationalgeographic.com_environment_article_great-salt-lake-snowpack,data\raw\www.nationalgeographic.com_environment_article_great-salt-lake-snowpack,www.nationalgeographic.com_environment_article_great-salt-lake-snowpack_cand_000026_3141f51500.jpg,data\raw\www.nationalgeographic.com_environment_article_great-salt-lake-snowpack\www.nationalgeographic.com_environment_article_great-salt-lake-snowpack_cand_000026_3141f51500.jpg,True,,True,1435,866,JPEG,RGB,244881,1242710,1.6570438799076213,,True,,[],0.8004727807679638,1,False,True,semantic:https://i.natgeofe.com/n/7d1c4303-dd42-41c3-881d-b00c819e0346/gettyimages-2260468700,3,True,semantic_duplicate_removed
https://www.nationalgeographic.com/environment/article/great-salt-lake-snowpack,https://i.natgeofe.com/n/1dccd47a-50c5-48a5-92d5-b485729afb67/h_11.03371904_square.jpg?w=195&h=195,source:srcset,,8,,,i.natgeofe.com,h_11.03371904_square.jpg,www.nationalgeographic.com_environment_article_great-salt-lake-snowpack_cand_000027,www.nationalgeographic.com_environment_article_great-salt-lake-snowpack,data\raw\www.nationalgeographic.com_environment_article_great-salt-lake-snowpack,www.nationalgeographic.com_environment_article_great-salt-lake-snowpack_cand_000027_6febfd5825.jpg,data\raw\www.nationalgeographic.com_environment_article_great-salt-lake-snowpack\www.nationalgeographic.com_environment_article_great-salt-lake-snowpack_cand_000027_6febfd5825.jpg,True,,True,195,195,JPEG,RGB,9714,38025,1.0,,True,,[],0.11843360126408616,0,False,False,,,False,
https://www.nationalgeographic.com/environment/article/great-salt-lake-snowpack,https://i.natgeofe.com/n/1dccd47a-50c5-48a5-92d5-b485729afb67/h_11.03371904_square.jpg?w=390&h=390,source:srcset,,8,,,i.natgeofe.com,h_11.03371904_square.jpg,www.nationalgeographic.com_environment_article_great-salt-lake-snowpack_cand_000028,www.nationalgeographic.com_environment_article_great-salt-lake-snowpack,data\raw\www.nationalgeographic.com_environment_article_great-salt-lake-snowpack,www.nationalgeographic.com_environment_article_great-salt-lake-snowpack_cand_000028_35669add9a.jpg,data\raw\www.nationalgeographic.com_environment_article_great-salt-lake-snowpack\www.nationalgeographic.com_environment_article_great-salt-lake-snowpack_cand_000028_35669add9a.jpg,True,,True,390,390,JPEG,RGB,33051,152100,1.0,,True,,[],0.0692372993539717,0,False,False,,,False,
https://www.nationalgeographic.com/environment/article/great-salt-lake-snowpack,https://i.natgeofe.com/n/1dccd47a-50c5-48a5-92d5-b485729afb67/h_11.03371904_square.jpg?w=220&h=220,source:srcset,,9,,,i.natgeofe.com,h_11.03371904_square.jpg,www.nationalgeographic.com_environment_article_great-salt-lake-snowpack_cand_000029,www.nationalgeographic.com_environment_article_great-salt-lake-snowpack,data\raw\www.nationalgeographic.com_environment_article_great-salt-lake-snowpack,www.nationalgeographic.com_environment_article_great-salt-lake-snowpack_cand_000029_e0bb805fba.jpg,data\raw\www.nationalgeographic.com_environment_article_great-salt-lake-snowpack\www.nationalgeographic.com_environment_article_great-salt-lake-snowpack_cand_000029_e0bb805fba.jpg,True,,True,220,220,JPEG,RGB,11721,48400,1.0,,True,,[],0.11561838775506135,0,False,False,,,False,
https://www.nationalgeographic.com/environment/article/great-salt-lake-snowpack,https://i.natgeofe.com/n/1dccd47a-50c5-48a5-92d5-b485729afb67/h_11.03371904_square.jpg?w=440&h=440,source:srcset,,9,,,i.natgeofe.com,h_11.03371904_square.jpg,www.nationalgeographic.com_environment_article_great-salt-lake-snowpack_cand_000030,www.nationalgeographic.com_environment_article_great-salt-lake-snowpack,data\raw\www.nationalgeographic.com_environment_article_great-salt-lake-snowpack,www.nationalgeographic.com_environment_article_great-salt-lake-snowpack_cand_000030_12c4c6a38a.jpg,data\raw\www.nationalgeographic.com_environment_article_great-salt-lake-snowpack\www.nationalgeographic.com_environment_article_great-salt-lake-snowpack_cand_000030_12c4c6a38a.jpg,True,,True,440,440,JPEG,RGB,41879,193600,1.0,,True,,[],0.0661651585339307,0,False,False,,,False,
https://www.nationalgeographic.com/environment/article/great-salt-lake-snowpack,https://i.natgeofe.com/n/c079e808-3110-473a-9280-20059d08c6ff/1-PinkLake-Hutt%20Lagoon-WA-DanielaTommasiPhotography-110_square.jpg?w=195&h=195,source:srcset,,10,,,i.natgeofe.com,1-PinkLake-Hutt%20Lagoon-WA-DanielaTommasiPhotography-110_square.jpg,www.nationalgeographic.com_environment_article_great-salt-lake-snowpack_cand_000031,www.nationalgeographic.com_environment_article_great-salt-lake-snowpack,data\raw\www.nationalgeographic.com_environment_article_great-salt-lake-snowpack,www.nationalgeographic.com_environment_article_great-salt-lake-snowpack_cand_000031_b79074437b.jpg,data\raw\www.nationalgeographic.com_environment_article_great-salt-lake-snowpack\www.nationalgeographic.com_environment_article_great-salt-lake-snowpack_cand_000031_b79074437b.jpg,True,,True,195,195,JPEG,RGB,19375,38025,1.0,,True,,[],0.1558337097267955,0,False,False,,,False,
https://www.nationalgeographic.com/environment/article/great-salt-lake-snowpack,https://i.natgeofe.com/n/c079e808-3110-473a-9280-20059d08c6ff/1-PinkLake-Hutt%20Lagoon-WA-DanielaTommasiPhotography-110_square.jpg?w=390&h=390,source:srcset,,10,,,i.natgeofe.com,1-PinkLake-Hutt%20Lagoon-WA-DanielaTommasiPhotography-110_square.jpg,www.nationalgeographic.com_environment_article_great-salt-lake-snowpack_cand_000032,www.nationalgeographic.com_environment_article_great-salt-lake-snowpack,data\raw\www.nationalgeographic.com_environment_article_great-salt-lake-snowpack,www.nationalgeographic.com_environment_article_great-salt-lake-snowpack_cand_000032_d539f3554a.jpg,data\raw\www.nationalgeographic.com_environment_article_great-salt-lake-snowpack\www.nationalgeographic.com_environment_article_great-salt-lake-snowpack_cand_000032_d539f3554a.jpg,True,,True,390,390,JPEG,RGB,68959,152100,1.0,,True,,[],0.09630350515585837,0,False,False,,,False,
https://www.nationalgeographic.com/environment/article/great-salt-lake-snowpack,https://i.natgeofe.com/n/c079e808-3110-473a-9280-20059d08c6ff/1-PinkLake-Hutt%20Lagoon-WA-DanielaTommasiPhotography-110_square.jpg?w=220&h=220,source:srcset,,11,,,i.natgeofe.com,1-PinkLake-Hutt%20Lagoon-WA-DanielaTommasiPhotography-110_square.jpg,www.nationalgeographic.com_environment_article_great-salt-lake-snowpack_cand_000033,www.nationalgeographic.com_environment_article_great-salt-lake-snowpack,data\raw\www.nationalgeographic.com_environment_article_great-salt-lake-snowpack,www.nationalgeographic.com_environment_article_great-salt-lake-snowpack_cand_000033_0b65b3cc45.jpg,data\raw\www.nationalgeographic.com_environment_article_great-salt-lake-snowpack\www.nationalgeographic.com_environment_article_great-salt-lake-snowpack_cand_000033_0b65b3cc45.jpg,True,,True,220,220,JPEG,RGB,23850,48400,1.0,,True,,[],0.15278977335634827,0,False,False,,,False,
https://www.nationalgeographic.com/environment/article/great-salt-lake-snowpack,https://i.natgeofe.com/n/c079e808-3110-473a-9280-20059d08c6ff/1-PinkLake-Hutt%20Lagoon-WA-DanielaTommasiPhotography-110_square.jpg?w=440&h=440,source:srcset,,11,,,i.natgeofe.com,1-PinkLake-Hutt%20Lagoon-WA-DanielaTommasiPhotography-110_square.jpg,www.nationalgeographic.com_environment_article_great-salt-lake-snowpack_cand_000034,www.nationalgeographic.com_environment_article_great-salt-lake-snowpack,data\raw\www.nationalgeographic.com_environment_article_great-salt-lake-snowpack,www.nationalgeographic.com_environment_article_great-salt-lake-snowpack_cand_000034_79d3cd9f95.jpg,data\raw\www.nationalgeographic.com_environment_article_great-salt-lake-snowpack\www.nationalgeographic.com_environment_article_great-salt-lake-snowpack_cand_000034_79d3cd9f95.jpg,True,,True,440,440,JPEG,RGB,86025,193600,1.0,,True,,[],0.09324977119303526,0,False,False,,,False,
https://www.nationalgeographic.com/environment/article/great-salt-lake-snowpack,https://i.natgeofe.com/n/3c33b171-6e04-4f8e-8094-ce1a21a17892/GettyImages-2232461193_square.jpg?w=195&h=195,source:srcset,,12,,,i.natgeofe.com,GettyImages-2232461193_square.jpg,www.nationalgeographic.com_environment_article_great-salt-lake-snowpack_cand_000035,www.nationalgeographic.com_environment_article_great-salt-lake-snowpack,data\raw\www.nationalgeographic.com_environment_article_great-salt-lake-snowpack,www.nationalgeographic.com_environment_article_great-salt-lake-snowpack_cand_000035_2c95d710fc.jpg,data\raw\www.nationalgeographic.com_environment_article_great-salt-lake-snowpack\www.nationalgeographic.com_environment_article_great-salt-lake-snowpack_cand_000035_2c95d710fc.jpg,True,,True,195,195,JPEG,RGB,13722,38025,1.0,,True,,[],0.125744723965561,0,False,False,,,False,
https://www.nationalgeographic.com/environment/article/great-salt-lake-snowpack,https://i.natgeofe.com/n/3c33b171-6e04-4f8e-8094-ce1a21a17892/GettyImages-2232461193_square.jpg?w=390&h=390,source:srcset,,12,,,i.natgeofe.com,GettyImages-2232461193_square.jpg,www.nationalgeographic.com_environment_article_great-salt-lake-snowpack_cand_000036,www.nationalgeographic.com_environment_article_great-salt-lake-snowpack,data\raw\www.nationalgeographic.com_environment_article_great-salt-lake-snowpack,www.nationalgeographic.com_environment_article_great-salt-lake-snowpack_cand_000036_fe115e25c9.jpg,data\raw\www.nationalgeographic.com_environment_article_great-salt-lake-snowpack\www.nationalgeographic.com_environment_article_great-salt-lake-snowpack_cand_000036_fe115e25c9.jpg,True,,True,390,390,JPEG,RGB,52905,152100,1.0,,True,,[],0.0755037106925894,0,False,False,,,False,
https://www.nationalgeographic.com/environment/article/great-salt-lake-snowpack,https://i.natgeofe.com/n/3c33b171-6e04-4f8e-8094-ce1a21a17892/GettyImages-2232461193_square.jpg?w=220&h=220,source:srcset,,13,,,i.natgeofe.com,GettyImages-2232461193_square.jpg,www.nationalgeographic.com_environment_article_great-salt-lake-snowpack_cand_000037,www.nationalgeographic.com_environment_article_great-salt-lake-snowpack,data\raw\www.nationalgeographic.com_environment_article_great-salt-lake-snowpack,www.nationalgeographic.com_environment_article_great-salt-lake-snowpack_cand_000037_96991044a4.jpg,data\raw\www.nationalgeographic.com_environment_article_great-salt-lake-snowpack\www.nationalgeographic.com_environment_article_great-salt-lake-snowpack_cand_000037_96991044a4.jpg,True,,True,220,220,JPEG,RGB,16898,48400,1.0,,True,,[],0.12298004422867881,0,False,False,,,False,
https://www.nationalgeographic.com/environment/article/great-salt-lake-snowpack,https://i.natgeofe.com/n/3c33b171-6e04-4f8e-8094-ce1a21a17892/GettyImages-2232461193_square.jpg?w=440&h=440,source:srcset,,13,,,i.natgeofe.com,GettyImages-2232461193_square.jpg,www.nationalgeographic.com_environment_article_great-salt-lake-snowpack_cand_000038,www.nationalgeographic.com_environment_article_great-salt-lake-snowpack,data\raw\www.nationalgeographic.com_environment_article_great-salt-lake-snowpack,www.nationalgeographic.com_environment_article_great-salt-lake-snowpack_cand_000038_728a851d0e.jpg,data\raw\www.nationalgeographic.com_environment_article_great-salt-lake-snowpack\www.nationalgeographic.com_environment_article_great-salt-lake-snowpack_cand_000038_728a851d0e.jpg,True,,True,440,440,JPEG,RGB,67257,193600,1.0,,True,,[],0.07276483339134224,0,False,False,,,False,
https://www.nationalgeographic.com/environment/article/great-salt-lake-snowpack,https://i.natgeofe.com/n/1e30c681-e15a-4e03-9b78-2a527b610825/AP23184410792768.jpg?w=374&h=249,source:srcset,,14,,,i.natgeofe.com,AP23184410792768.jpg,www.nationalgeographic.com_environment_article_great-salt-lake-snowpack_cand_000039,www.nationalgeographic.com_environment_article_great-salt-lake-snowpack,data\raw\www.nationalgeographic.com_environment_article_great-salt-lake-snowpack,www.nationalgeographic.com_environment_article_great-salt-lake-snowpack_cand_000039_f59cd5a557.jpg,data\raw\www.nationalgeographic.com_environment_article_great-salt-lake-snowpack\www.nationalgeographic.com_environment_article_great-salt-lake-snowpack_cand_000039_f59cd5a557.jpg,True,,True,374,249,JPEG,RGB,28305,93126,1.502008032128514,,True,,[],0.5654021207264271,1,False,True,semantic:https://i.natgeofe.com/n/1e30c681-e15a-4e03-9b78-2a527b610825/ap23184410792768,9,True,semantic_duplicate_removed
https://www.nationalgeographic.com/environment/article/great-salt-lake-snowpack,https://i.natgeofe.com/n/1e30c681-e15a-4e03-9b78-2a527b610825/AP23184410792768.jpg?w=748&h=498,source:srcset,,14,,,i.natgeofe.com,AP23184410792768.jpg,www.nationalgeographic.com_environment_article_great-salt-lake-snowpack_cand_000040,www.nationalgeographic.com_environment_article_great-salt-lake-snowpack,data\raw\www.nationalgeographic.com_environment_article_great-salt-lake-snowpack,www.nationalgeographic.com_environment_article_great-salt-lake-snowpack_cand_000040_400ef22ad7.jpg,data\raw\www.nationalgeographic.com_environment_article_great-salt-lake-snowpack\www.nationalgeographic.com_environment_article_great-salt-lake-snowpack_cand_000040_400ef22ad7.jpg,True,,True,747,498,JPEG,RGB,89862,372006,1.5,,True,,[],0.5634991888421405,1,False,True,semantic:https://i.natgeofe.com/n/1e30c681-e15a-4e03-9b78-2a527b610825/ap23184410792768,13,True,semantic_duplicate_removed
https://www.nationalgeographic.com/environment/article/great-salt-lake-snowpack,https://i.natgeofe.com/n/1e30c681-e15a-4e03-9b78-2a527b610825/AP23184410792768.jpg?w=413&h=275,source:srcset,,15,,,i.natgeofe.com,AP23184410792768.jpg,www.nationalgeographic.com_environment_article_great-salt-lake-snowpack_cand_000041,www.nationalgeographic.com_environment_article_great-salt-lake-snowpack,data\raw\www.nationalgeographic.com_environment_article_great-salt-lake-snowpack,www.nationalgeographic.com_environment_article_great-salt-lake-snowpack_cand_000041_1a97fe856d.jpg,data\raw\www.nationalgeographic.com_environment_article_great-salt-lake-snowpack\www.nationalgeographic.com_environment_article_great-salt-lake-snowpack_cand_000041_1a97fe856d.jpg,True,,True,413,275,JPEG,RGB,33295,113575,1.5018181818181817,,True,,[],0.5648781716567801,1,False,True,semantic:https://i.natgeofe.com/n/1e30c681-e15a-4e03-9b78-2a527b610825/ap23184410792768,10,True,semantic_duplicate_removed
https://www.nationalgeographic.com/environment/article/great-salt-lake-snowpack,https://i.natgeofe.com/n/1e30c681-e15a-4e03-9b78-2a527b610825/AP23184410792768.jpg?w=826&h=550,source:srcset,,15,,,i.natgeofe.com,AP23184410792768.jpg,www.nationalgeographic.com_environment_article_great-salt-lake-snowpack_cand_000042,www.nationalgeographic.com_environment_article_great-salt-lake-snowpack,data\raw\www.nationalgeographic.com_environment_article_great-salt-lake-snowpack,www.nationalgeographic.com_environment_article_great-salt-lake-snowpack_cand_000042_0295570f42.jpg,data\raw\www.nationalgeographic.com_environment_article_great-salt-lake-snowpack\www.nationalgeographic.com_environment_article_great-salt-lake-snowpack_cand_000042_0295570f42.jpg,True,,True,825,550,JPEG,RGB,105858,453750,1.5,,True,,[],0.5643768967583823,1,False,True,semantic:https://i.natgeofe.com/n/1e30c681-e15a-4e03-9b78-2a527b610825/ap23184410792768,12,True,semantic_duplicate_removed
https://www.nationalgeographic.com/environment/article/great-salt-lake-snowpack,https://i.natgeofe.com/n/1e30c681-e15a-4e03-9b78-2a527b610825/AP23184410792768.jpg?w=767&h=511,source:srcset,,16,,,i.natgeofe.com,AP23184410792768.jpg,www.nationalgeographic.com_environment_article_great-salt-lake-snowpack_cand_000043,www.nationalgeographic.com_environment_article_great-salt-lake-snowpack,data\raw\www.nationalgeographic.com_environment_article_great-salt-lake-snowpack,www.nationalgeographic.com_environment_article_great-salt-lake-snowpack_cand_000043_1d1821af7d.jpg,data\raw\www.nationalgeographic.com_environment_article_great-salt-lake-snowpack\www.nationalgeographic.com_environment_article_great-salt-lake-snowpack_cand_000043_1d1821af7d.jpg,True,,True,767,511,JPEG,RGB,93010,391937,1.5009784735812133,,True,,[],0.5648165965911353,1,False,True,semantic:https://i.natgeofe.com/n/1e30c681-e15a-4e03-9b78-2a527b610825/ap23184410792768,11,True,semantic_duplicate_removed
https://www.nationalgeographic.com/environment/article/great-salt-lake-snowpack,https://i.natgeofe.com/n/1e30c681-e15a-4e03-9b78-2a527b610825/AP23184410792768.jpg?w=1534&h=1022,source:srcset,,16,,,i.natgeofe.com,AP23184410792768.jpg,www.nationalgeographic.com_environment_article_great-salt-lake-snowpack_cand_000044,www.nationalgeographic.com_environment_article_great-salt-lake-snowpack,data\raw\www.nationalgeographic.com_environment_article_great-salt-lake-snowpack,www.nationalgeographic.com_environment_article_great-salt-lake-snowpack_cand_000044_de0d2bb2f1.jpg,data\raw\www.nationalgeographic.com_environment_article_great-salt-lake-snowpack\www.nationalgeographic.com_environment_article_great-salt-lake-snowpack_cand_000044_de0d2bb2f1.jpg,True,,True,1533,1022,JPEG,RGB,317434,1566726,1.5,,True,,[],0.5899988259267059,1,False,True,semantic:https://i.natgeofe.com/n/1e30c681-e15a-4e03-9b78-2a527b610825/ap23184410792768,5,True,semantic_duplicate_removed
https://www.nationalgeographic.com/environment/article/great-salt-lake-snowpack,https://i.natgeofe.com/n/1e30c681-e15a-4e03-9b78-2a527b610825/AP23184410792768.jpg?w=1024&h=683,source:srcset,,17,,,i.natgeofe.com,AP23184410792768.jpg,www.nationalgeographic.com_environment_article_great-salt-lake-snowpack_cand_000045,www.nationalgeographic.com_environment_article_great-salt-lake-snowpack,data\raw\www.nationalgeographic.com_environment_article_great-salt-lake-snowpack,www.nationalgeographic.com_environment_article_great-salt-lake-snowpack_cand_000045_23befa62f9.jpg,data\raw\www.nationalgeographic.com_environment_article_great-salt-lake-snowpack\www.nationalgeographic.com_environment_article_great-salt-lake-snowpack_cand_000045_23befa62f9.jpg,True,,True,1024,683,JPEG,RGB,154926,699392,1.499267935578331,,True,,[],0.567889814806451,1,False,True,semantic:https://i.natgeofe.com/n/1e30c681-e15a-4e03-9b78-2a527b610825/ap23184410792768,8,True,semantic_duplicate_removed
https://www.nationalgeographic.com/environment/article/great-salt-lake-snowpack,https://i.natgeofe.com/n/1e30c681-e15a-4e03-9b78-2a527b610825/AP23184410792768.jpg?w=2048&h=1366,source:srcset,,17,,,i.natgeofe.com,AP23184410792768.jpg,www.nationalgeographic.com_environment_article_great-salt-lake-snowpack_cand_000046,www.nationalgeographic.com_environment_article_great-salt-lake-snowpack,data\raw\www.nationalgeographic.com_environment_article_great-salt-lake-snowpack,www.nationalgeographic.com_environment_article_great-salt-lake-snowpack_cand_000046_adadce14ef.jpg,data\raw\www.nationalgeographic.com_environment_article_great-salt-lake-snowpack\www.nationalgeographic.com_environment_article_great-salt-lake-snowpack_cand_000046_adadce14ef.jpg,True,,True,2048,1365,JPEG,RGB,547907,2795520,1.5003663003663004,,True,,[],0.6289478260444372,1,False,True,semantic:https://i.natgeofe.com/n/1e30c681-e15a-4e03-9b78-2a527b610825/ap23184410792768,4,True,semantic_duplicate_removed
https://www.nationalgeographic.com/environment/article/great-salt-lake-snowpack,https://i.natgeofe.com/n/1e30c681-e15a-4e03-9b78-2a527b610825/AP23184410792768.jpg?w=1260&h=840,source:srcset,,18,,,i.natgeofe.com,AP23184410792768.jpg,www.nationalgeographic.com_environment_article_great-salt-lake-snowpack_cand_000047,www.nationalgeographic.com_environment_article_great-salt-lake-snowpack,data\raw\www.nationalgeographic.com_environment_article_great-salt-lake-snowpack,www.nationalgeographic.com_environment_article_great-salt-lake-snowpack_cand_000047_8e897745c6.jpg,data\raw\www.nationalgeographic.com_environment_article_great-salt-lake-snowpack\www.nationalgeographic.com_environment_article_great-salt-lake-snowpack_cand_000047_8e897745c6.jpg,True,,True,1260,840,JPEG,RGB,222340,1058400,1.5,,True,,[],0.5766434383787651,1,False,True,semantic:https://i.natgeofe.com/n/1e30c681-e15a-4e03-9b78-2a527b610825/ap23184410792768,7,True,semantic_duplicate_removed
https://www.nationalgeographic.com/environment/article/great-salt-lake-snowpack,https://i.natgeofe.com/n/1e30c681-e15a-4e03-9b78-2a527b610825/AP23184410792768.jpg?w=2520&h=1680,source:srcset,,18,,,i.natgeofe.com,AP23184410792768.jpg,www.nationalgeographic.com_environment_article_great-salt-lake-snowpack_cand_000048,www.nationalgeographic.com_environment_article_great-salt-lake-snowpack,data\raw\www.nationalgeographic.com_environment_article_great-salt-lake-snowpack,www.nationalgeographic.com_environment_article_great-salt-lake-snowpack_cand_000048_4754a1dbbd.jpg,data\raw\www.nationalgeographic.com_environment_article_great-salt-lake-snowpack\www.nationalgeographic.com_environment_article_great-salt-lake-snowpack_cand_000048_4754a1dbbd.jpg,True,,True,2520,1680,JPEG,RGB,688919,4233600,1.5,,True,,[],0.6302444968903425,1,False,True,semantic:https://i.natgeofe.com/n/1e30c681-e15a-4e03-9b78-2a527b610825/ap23184410792768,3,True,semantic_duplicate_removed
https://www.nationalgeographic.com/environment/article/great-salt-lake-snowpack,https://i.natgeofe.com/n/1e30c681-e15a-4e03-9b78-2a527b610825/AP23184410792768.jpg?w=1440&h=960,source:srcset,,19,,,i.natgeofe.com,AP23184410792768.jpg,www.nationalgeographic.com_environment_article_great-salt-lake-snowpack_cand_000049,www.nationalgeographic.com_environment_article_great-salt-lake-snowpack,data\raw\www.nationalgeographic.com_environment_article_great-salt-lake-snowpack,www.nationalgeographic.com_environment_article_great-salt-lake-snowpack_cand_000049_dc0c2cf439.jpg,data\raw\www.nationalgeographic.com_environment_article_great-salt-lake-snowpack\www.nationalgeographic.com_environment_article_great-salt-lake-snowpack_cand_000049_dc0c2cf439.jpg,True,,True,1440,960,JPEG,RGB,282514,1382400,1.5,,True,,[],0.5847289675010017,1,False,True,semantic:https://i.natgeofe.com/n/1e30c681-e15a-4e03-9b78-2a527b610825/ap23184410792768,6,True,semantic_duplicate_removed
https://www.nationalgeographic.com/environment/article/great-salt-lake-snowpack,https://i.natgeofe.com/n/1e30c681-e15a-4e03-9b78-2a527b610825/AP23184410792768.jpg?w=2880&h=1920,source:srcset,,19,,,i.natgeofe.com,AP23184410792768.jpg,www.nationalgeographic.com_environment_article_great-salt-lake-snowpack_cand_000050,www.nationalgeographic.com_environment_article_great-salt-lake-snowpack,data\raw\www.nationalgeographic.com_environment_article_great-salt-lake-snowpack,www.nationalgeographic.com_environment_article_great-salt-lake-snowpack_cand_000050_ebb0ca242a.jpg,data\raw\www.nationalgeographic.com_environment_article_great-salt-lake-snowpack\www.nationalgeographic.com_environment_article_great-salt-lake-snowpack_cand_000050_ebb0ca242a.jpg,True,,True,2880,1920,JPEG,RGB,854246,5529600,1.5,,True,,[],0.6488080648271112,1,False,True,semantic:https://i.natgeofe.com/n/1e30c681-e15a-4e03-9b78-2a527b610825/ap23184410792768,2,True,semantic_duplicate_removed
https://www.nationalgeographic.com/environment/article/great-salt-lake-snowpack,https://i.natgeofe.com/n/c3b7ee9f-cb9b-46a1-b5b1-f1cb57479646/GettyImages-2270444449.jpg?w=374&h=249,source:srcset,,20,,,i.natgeofe.com,GettyImages-2270444449.jpg,www.nationalgeographic.com_environment_article_great-salt-lake-snowpack_cand_000051,www.nationalgeographic.com_environment_article_great-salt-lake-snowpack,data\raw\www.nationalgeographic.com_environment_article_great-salt-lake-snowpack,www.nationalgeographic.com_environment_article_great-salt-lake-snowpack_cand_000051_8332a18eab.jpg,data\raw\www.nationalgeographic.com_environment_article_great-salt-lake-snowpack\www.nationalgeographic.com_environment_article_great-salt-lake-snowpack_cand_000051_8332a18eab.jpg,True,,True,374,249,JPEG,RGB,25436,93126,1.502008032128514,,True,,[],0.5743939816379576,1,False,True,semantic:https://i.natgeofe.com/n/c3b7ee9f-cb9b-46a1-b5b1-f1cb57479646/gettyimages-2270444449,13,True,semantic_duplicate_removed
https://www.nationalgeographic.com/environment/article/great-salt-lake-snowpack,https://i.natgeofe.com/n/c3b7ee9f-cb9b-46a1-b5b1-f1cb57479646/GettyImages-2270444449.jpg?w=748&h=498,source:srcset,,20,,,i.natgeofe.com,GettyImages-2270444449.jpg,www.nationalgeographic.com_environment_article_great-salt-lake-snowpack_cand_000052,www.nationalgeographic.com_environment_article_great-salt-lake-snowpack,data\raw\www.nationalgeographic.com_environment_article_great-salt-lake-snowpack,www.nationalgeographic.com_environment_article_great-salt-lake-snowpack_cand_000052_bc9e47ee06.jpg,data\raw\www.nationalgeographic.com_environment_article_great-salt-lake-snowpack\www.nationalgeographic.com_environment_article_great-salt-lake-snowpack_cand_000052_bc9e47ee06.jpg,True,,True,748,497,JPEG,RGB,86841,371756,1.5050301810865192,,True,,[],0.5797315849269407,1,False,True,semantic:https://i.natgeofe.com/n/c3b7ee9f-cb9b-46a1-b5b1-f1cb57479646/gettyimages-2270444449,10,True,semantic_duplicate_removed
https://www.nationalgeographic.com/environment/article/great-salt-lake-snowpack,https://i.natgeofe.com/n/c3b7ee9f-cb9b-46a1-b5b1-f1cb57479646/GettyImages-2270444449.jpg?w=413&h=274,source:srcset,,21,,,i.natgeofe.com,GettyImages-2270444449.jpg,www.nationalgeographic.com_environment_article_great-salt-lake-snowpack_cand_000053,www.nationalgeographic.com_environment_article_great-salt-lake-snowpack,data\raw\www.nationalgeographic.com_environment_article_great-salt-lake-snowpack,www.nationalgeographic.com_environment_article_great-salt-lake-snowpack_cand_000053_f75ee3c61a.jpg,data\raw\www.nationalgeographic.com_environment_article_great-salt-lake-snowpack\www.nationalgeographic.com_environment_article_great-salt-lake-snowpack_cand_000053_f75ee3c61a.jpg,True,,True,412,274,JPEG,RGB,30282,112888,1.5036496350364963,,True,,[],0.5763488542926003,1,False,True,semantic:https://i.natgeofe.com/n/c3b7ee9f-cb9b-46a1-b5b1-f1cb57479646/gettyimages-2270444449,12,True,semantic_duplicate_removed
https://www.nationalgeographic.com/environment/article/great-salt-lake-snowpack,https://i.natgeofe.com/n/c3b7ee9f-cb9b-46a1-b5b1-f1cb57479646/GettyImages-2270444449.jpg?w=826&h=548,source:srcset,,21,,,i.natgeofe.com,GettyImages-2270444449.jpg,www.nationalgeographic.com_environment_article_great-salt-lake-snowpack_cand_000054,www.nationalgeographic.com_environment_article_great-salt-lake-snowpack,data\raw\www.nationalgeographic.com_environment_article_great-salt-lake-snowpack,www.nationalgeographic.com_environment_article_great-salt-lake-snowpack_cand_000054_bfc344d5c7.jpg,data\raw\www.nationalgeographic.com_environment_article_great-salt-lake-snowpack\www.nationalgeographic.com_environment_article_great-salt-lake-snowpack_cand_000054_bfc344d5c7.jpg,True,,True,825,548,JPEG,RGB,103927,452100,1.5054744525547445,,True,,[],0.5818783513500714,1,False,True,semantic:https://i.natgeofe.com/n/c3b7ee9f-cb9b-46a1-b5b1-f1cb57479646/gettyimages-2270444449,9,True,semantic_duplicate_removed
https://www.nationalgeographic.com/environment/article/great-salt-lake-snowpack,https://i.natgeofe.com/n/c3b7ee9f-cb9b-46a1-b5b1-f1cb57479646/GettyImages-2270444449.jpg?w=767&h=510,source:srcset,,22,,,i.natgeofe.com,GettyImages-2270444449.jpg,www.nationalgeographic.com_environment_article_great-salt-lake-snowpack_cand_000055,www.nationalgeographic.com_environment_article_great-salt-lake-snowpack,data\raw\www.nationalgeographic.com_environment_article_great-salt-lake-snowpack,www.nationalgeographic.com_environment_article_great-salt-lake-snowpack_cand_000055_9306dac84f.jpg,data\raw\www.nationalgeographic.com_environment_article_great-salt-lake-snowpack\www.nationalgeographic.com_environment_article_great-salt-lake-snowpack_cand_000055_9306dac84f.jpg,True,,True,767,510,JPEG,RGB,90159,391170,1.503921568627451,,True,,[],0.578142324290085,1,False,True,semantic:https://i.natgeofe.com/n/c3b7ee9f-cb9b-46a1-b5b1-f1cb57479646/gettyimages-2270444449,11,True,semantic_duplicate_removed
https://www.nationalgeographic.com/environment/article/great-salt-lake-snowpack,https://i.natgeofe.com/n/c3b7ee9f-cb9b-46a1-b5b1-f1cb57479646/GettyImages-2270444449.jpg?w=1534&h=1020,source:srcset,,22,,,i.natgeofe.com,GettyImages-2270444449.jpg,www.nationalgeographic.com_environment_article_great-salt-lake-snowpack_cand_000056,www.nationalgeographic.com_environment_article_great-salt-lake-snowpack,data\raw\www.nationalgeographic.com_environment_article_great-salt-lake-snowpack,www.nationalgeographic.com_environment_article_great-salt-lake-snowpack_cand_000056_238b20f5a8.jpg,data\raw\www.nationalgeographic.com_environment_article_great-salt-lake-snowpack\www.nationalgeographic.com_environment_article_great-salt-lake-snowpack_cand_000056_238b20f5a8.jpg,True,,True,1534,1019,JPEG,RGB,334572,1563146,1.5053974484789008,,True,,[],0.6154686393705279,1,False,True,semantic:https://i.natgeofe.com/n/c3b7ee9f-cb9b-46a1-b5b1-f1cb57479646/gettyimages-2270444449,5,True,semantic_duplicate_removed
https://www.nationalgeographic.com/environment/article/great-salt-lake-snowpack,https://i.natgeofe.com/n/c3b7ee9f-cb9b-46a1-b5b1-f1cb57479646/GettyImages-2270444449.jpg?w=1024&h=681,source:srcset,,23,,,i.natgeofe.com,GettyImages-2270444449.jpg,www.nationalgeographic.com_environment_article_great-salt-lake-snowpack_cand_000057,www.nationalgeographic.com_environment_article_great-salt-lake-snowpack,data\raw\www.nationalgeographic.com_environment_article_great-salt-lake-snowpack,www.nationalgeographic.com_environment_article_great-salt-lake-snowpack_cand_000057_4270189112.jpg,data\raw\www.nationalgeographic.com_environment_article_great-salt-lake-snowpack\www.nationalgeographic.com_environment_article_great-salt-lake-snowpack_cand_000057_4270189112.jpg,True,,True,1024,681,JPEG,RGB,154629,697344,1.5036710719530102,,True,,[],0.5846972128336448,1,False,True,semantic:https://i.natgeofe.com/n/c3b7ee9f-cb9b-46a1-b5b1-f1cb57479646/gettyimages-2270444449,8,True,semantic_duplicate_removed
https://www.nationalgeographic.com/environment/article/great-salt-lake-snowpack,https://i.natgeofe.com/n/c3b7ee9f-cb9b-46a1-b5b1-f1cb57479646/GettyImages-2270444449.jpg?w=2048&h=1362,source:srcset,,23,,,i.natgeofe.com,GettyImages-2270444449.jpg,www.nationalgeographic.com_environment_article_great-salt-lake-snowpack_cand_000058,www.nationalgeographic.com_environment_article_great-salt-lake-snowpack,data\raw\www.nationalgeographic.com_environment_article_great-salt-lake-snowpack,www.nationalgeographic.com_environment_article_great-salt-lake-snowpack_cand_000058_c69a22162d.jpg,data\raw\www.nationalgeographic.com_environment_article_great-salt-lake-snowpack\www.nationalgeographic.com_environment_article_great-salt-lake-snowpack_cand_000058_c69a22162d.jpg,True,,True,2048,1361,JPEG,RGB,582392,2787328,1.5047759000734753,,True,,[],0.6588840189575444,1,False,True,semantic:https://i.natgeofe.com/n/c3b7ee9f-cb9b-46a1-b5b1-f1cb57479646/gettyimages-2270444449,4,True,semantic_duplicate_removed
https://www.nationalgeographic.com/environment/article/great-salt-lake-snowpack,https://i.natgeofe.com/n/c3b7ee9f-cb9b-46a1-b5b1-f1cb57479646/GettyImages-2270444449.jpg?w=1260&h=837,source:srcset,,24,,,i.natgeofe.com,GettyImages-2270444449.jpg,www.nationalgeographic.com_environment_article_great-salt-lake-snowpack_cand_000059,www.nationalgeographic.com_environment_article_great-salt-lake-snowpack,data\raw\www.nationalgeographic.com_environment_article_great-salt-lake-snowpack,www.nationalgeographic.com_environment_article_great-salt-lake-snowpack_cand_000059_7e4bb41255.jpg,data\raw\www.nationalgeographic.com_environment_article_great-salt-lake-snowpack\www.nationalgeographic.com_environment_article_great-salt-lake-snowpack_cand_000059_7e4bb41255.jpg,True,,True,1259,837,JPEG,RGB,229913,1053783,1.5041816009557945,,True,,[],0.5964399643002501,1,False,True,semantic:https://i.natgeofe.com/n/c3b7ee9f-cb9b-46a1-b5b1-f1cb57479646/gettyimages-2270444449,7,True,semantic_duplicate_removed
https://www.nationalgeographic.com/environment/article/great-salt-lake-snowpack,https://i.natgeofe.com/n/c3b7ee9f-cb9b-46a1-b5b1-f1cb57479646/GettyImages-2270444449.jpg?w=2520&h=1674,source:srcset,,24,,,i.natgeofe.com,GettyImages-2270444449.jpg,www.nationalgeographic.com_environment_article_great-salt-lake-snowpack_cand_000060,www.nationalgeographic.com_environment_article_great-salt-lake-snowpack,data\raw\www.nationalgeographic.com_environment_article_great-salt-lake-snowpack,www.nationalgeographic.com_environment_article_great-salt-lake-snowpack_cand_000060_dffc3982f1.jpg,data\raw\www.nationalgeographic.com_environment_article_great-salt-lake-snowpack\www.nationalgeographic.com_environment_article_great-salt-lake-snowpack_cand_000060_dffc3982f1.jpg,True,,True,2519,1674,JPEG,RGB,720173,4216806,1.504778972520908,,True,,[],0.6604980553551653,1,False,True,semantic:https://i.natgeofe.com/n/c3b7ee9f-cb9b-46a1-b5b1-f1cb57479646/gettyimages-2270444449,3,True,semantic_duplicate_removed
https://www.nationalgeographic.com/environment/article/great-salt-lake-snowpack,https://i.natgeofe.com/n/c3b7ee9f-cb9b-46a1-b5b1-f1cb57479646/GettyImages-2270444449.jpg?w=1440&h=957,source:srcset,,25,,,i.natgeofe.com,GettyImages-2270444449.jpg,www.nationalgeographic.com_environment_article_great-salt-lake-snowpack_cand_000061,www.nationalgeographic.com_environment_article_great-salt-lake-snowpack,data\raw\www.nationalgeographic.com_environment_article_great-salt-lake-snowpack,www.nationalgeographic.com_environment_article_great-salt-lake-snowpack_cand_000061_7f5297c5cf.jpg,data\raw\www.nationalgeographic.com_environment_article_great-salt-lake-snowpack\www.nationalgeographic.com_environment_article_great-salt-lake-snowpack_cand_000061_7f5297c5cf.jpg,True,,True,1440,957,JPEG,RGB,295582,1378080,1.5047021943573669,,True,,[],0.6075330938565615,1,False,True,semantic:https://i.natgeofe.com/n/c3b7ee9f-cb9b-46a1-b5b1-f1cb57479646/gettyimages-2270444449,6,True,semantic_duplicate_removed
https://www.nationalgeographic.com/environment/article/great-salt-lake-snowpack,https://i.natgeofe.com/n/c3b7ee9f-cb9b-46a1-b5b1-f1cb57479646/GettyImages-2270444449.jpg?w=2880&h=1914,source:srcset,,25,,,i.natgeofe.com,GettyImages-2270444449.jpg,www.nationalgeographic.com_environment_article_great-salt-lake-snowpack_cand_000062,www.nationalgeographic.com_environment_article_great-salt-lake-snowpack,data\raw\www.nationalgeographic.com_environment_article_great-salt-lake-snowpack,www.nationalgeographic.com_environment_article_great-salt-lake-snowpack_cand_000062_750b9a04d4.jpg,data\raw\www.nationalgeographic.com_environment_article_great-salt-lake-snowpack\www.nationalgeographic.com_environment_article_great-salt-lake-snowpack_cand_000062_750b9a04d4.jpg,True,,True,2880,1914,JPEG,RGB,883520,5512320,1.5047021943573669,,True,,[],0.677950271578374,1,False,True,semantic:https://i.natgeofe.com/n/c3b7ee9f-cb9b-46a1-b5b1-f1cb57479646/gettyimages-2270444449,2,True,semantic_duplicate_removed
https://www.nationalgeographic.com/environment/article/great-salt-lake-snowpack,https://i.natgeofe.com/n/a3950040-1929-4440-b27d-b6132f706136/h_15706360.jpg?w=374&h=249,source:srcset,,26,,,i.natgeofe.com,h_15706360.jpg,www.nationalgeographic.com_environment_article_great-salt-lake-snowpack_cand_000063,www.nationalgeographic.com_environment_article_great-salt-lake-snowpack,data\raw\www.nationalgeographic.com_environment_article_great-salt-lake-snowpack,www.nationalgeographic.com_environment_article_great-salt-lake-snowpack_cand_000063_a6124ee4f7.jpg,data\raw\www.nationalgeographic.com_environment_article_great-salt-lake-snowpack\www.nationalgeographic.com_environment_article_great-salt-lake-snowpack_cand_000063_a6124ee4f7.jpg,True,,True,374,249,JPEG,RGB,11024,93126,1.502008032128514,,True,,[],0.5484540654006101,1,True,True,semantic:https://i.natgeofe.com/n/a3950040-1929-4440-b27d-b6132f706136/h_15706360,1,False,
https://www.nationalgeographic.com/environment/article/great-salt-lake-snowpack,https://i.natgeofe.com/n/a3950040-1929-4440-b27d-b6132f706136/h_15706360.jpg?w=748&h=498,source:srcset,,26,,,i.natgeofe.com,h_15706360.jpg,www.nationalgeographic.com_environment_article_great-salt-lake-snowpack_cand_000064,www.nationalgeographic.com_environment_article_great-salt-lake-snowpack,data\raw\www.nationalgeographic.com_environment_article_great-salt-lake-snowpack,www.nationalgeographic.com_environment_article_great-salt-lake-snowpack_cand_000064_1d0ba73576.jpg,data\raw\www.nationalgeographic.com_environment_article_great-salt-lake-snowpack\www.nationalgeographic.com_environment_article_great-salt-lake-snowpack_cand_000064_1d0ba73576.jpg,True,,True,748,498,JPEG,RGB,35533,372504,1.502008032128514,,True,,[],0.5348430210221717,1,False,True,semantic:https://i.natgeofe.com/n/a3950040-1929-4440-b27d-b6132f706136/h_15706360,4,True,semantic_duplicate_removed
https://www.nationalgeographic.com/environment/article/great-salt-lake-snowpack,https://i.natgeofe.com/n/a3950040-1929-4440-b27d-b6132f706136/h_15706360.jpg?w=413&h=275,source:srcset,,27,,,i.natgeofe.com,h_15706360.jpg,www.nationalgeographic.com_environment_article_great-salt-lake-snowpack_cand_000065,www.nationalgeographic.com_environment_article_great-salt-lake-snowpack,data\raw\www.nationalgeographic.com_environment_article_great-salt-lake-snowpack,www.nationalgeographic.com_environment_article_great-salt-lake-snowpack_cand_000065_cf1c43d734.jpg,data\raw\www.nationalgeographic.com_environment_article_great-salt-lake-snowpack\www.nationalgeographic.com_environment_article_great-salt-lake-snowpack_cand_000065_cf1c43d734.jpg,True,,True,413,275,JPEG,RGB,12962,113575,1.5018181818181817,,True,,[],0.5467250098525056,1,False,True,semantic:https://i.natgeofe.com/n/a3950040-1929-4440-b27d-b6132f706136/h_15706360,2,True,semantic_duplicate_removed
https://www.nationalgeographic.com/environment/article/great-salt-lake-snowpack,https://i.natgeofe.com/n/a3950040-1929-4440-b27d-b6132f706136/h_15706360.jpg?w=826&h=550,source:srcset,,27,,,i.natgeofe.com,h_15706360.jpg,www.nationalgeographic.com_environment_article_great-salt-lake-snowpack_cand_000066,www.nationalgeographic.com_environment_article_great-salt-lake-snowpack,data\raw\www.nationalgeographic.com_environment_article_great-salt-lake-snowpack,www.nationalgeographic.com_environment_article_great-salt-lake-snowpack_cand_000066_85467e832c.jpg,data\raw\www.nationalgeographic.com_environment_article_great-salt-lake-snowpack\www.nationalgeographic.com_environment_article_great-salt-lake-snowpack_cand_000066_85467e832c.jpg,True,,True,826,550,JPEG,RGB,42783,454300,1.5018181818181817,,True,,[],0.532037614461793,1,False,True,semantic:https://i.natgeofe.com/n/a3950040-1929-4440-b27d-b6132f706136/h_15706360,6,True,semantic_duplicate_removed
https://www.nationalgeographic.com/environment/article/great-salt-lake-snowpack,https://i.natgeofe.com/n/a3950040-1929-4440-b27d-b6132f706136/h_15706360.jpg?w=718&h=478,source:srcset,,28,,,i.natgeofe.com,h_15706360.jpg,www.nationalgeographic.com_environment_article_great-salt-lake-snowpack_cand_000067,www.nationalgeographic.com_environment_article_great-salt-lake-snowpack,data\raw\www.nationalgeographic.com_environment_article_great-salt-lake-snowpack,www.nationalgeographic.com_environment_article_great-salt-lake-snowpack_cand_000067_f2926fdfd4.jpg,data\raw\www.nationalgeographic.com_environment_article_great-salt-lake-snowpack\www.nationalgeographic.com_environment_article_great-salt-lake-snowpack_cand_000067_f2926fdfd4.jpg,True,,True,718,478,JPEG,RGB,32405,343204,1.502092050209205,,True,,[],0.5357534216635962,1,False,True,semantic:https://i.natgeofe.com/n/a3950040-1929-4440-b27d-b6132f706136/h_15706360,3,True,semantic_duplicate_removed
https://www.nationalgeographic.com/environment/article/great-salt-lake-snowpack,https://i.natgeofe.com/n/a3950040-1929-4440-b27d-b6132f706136/h_15706360.jpg?w=1436&h=956,source:srcset,,28,,,i.natgeofe.com,h_15706360.jpg,www.nationalgeographic.com_environment_article_great-salt-lake-snowpack_cand_000068,www.nationalgeographic.com_environment_article_great-salt-lake-snowpack,data\raw\www.nationalgeographic.com_environment_article_great-salt-lake-snowpack,www.nationalgeographic.com_environment_article_great-salt-lake-snowpack_cand_000068_7ecee926dc.jpg,data\raw\www.nationalgeographic.com_environment_article_great-salt-lake-snowpack\www.nationalgeographic.com_environment_article_great-salt-lake-snowpack_cand_000068_7ecee926dc.jpg,True,,True,1435,956,JPEG,RGB,136104,1371860,1.5010460251046025,,True,,[],0.5193645956146786,1,False,True,semantic:https://i.natgeofe.com/n/a3950040-1929-4440-b27d-b6132f706136/h_15706360,7,True,semantic_duplicate_removed
https://www.nationalgeographic.com/environment/article/great-salt-lake-snowpack,https://i.natgeofe.com/n/b7e9376b-bb4c-4e0a-8b9f-afd94ae5452f/h_11.02328214_4x3.jpg?w=300&h=225,source:srcset,,29,,,i.natgeofe.com,h_11.02328214_4x3.jpg,www.nationalgeographic.com_environment_article_great-salt-lake-snowpack_cand_000069,www.nationalgeographic.com_environment_article_great-salt-lake-snowpack,data\raw\www.nationalgeographic.com_environment_article_great-salt-lake-snowpack,www.nationalgeographic.com_environment_article_great-salt-lake-snowpack_cand_000069_258770f6e0.jpg,data\raw\www.nationalgeographic.com_environment_article_great-salt-lake-snowpack\www.nationalgeographic.com_environment_article_great-salt-lake-snowpack_cand_000069_258770f6e0.jpg,True,,True,300,225,JPEG,RGB,23287,67500,1.3333333333333333,,True,,[],0.43795130239967783,0,False,False,,,False,
https://www.nationalgeographic.com/environment/article/great-salt-lake-snowpack,https://i.natgeofe.com/n/b7e9376b-bb4c-4e0a-8b9f-afd94ae5452f/h_11.02328214_4x3.jpg?w=600&h=450,source:srcset,,29,,,i.natgeofe.com,h_11.02328214_4x3.jpg,www.nationalgeographic.com_environment_article_great-salt-lake-snowpack_cand_000070,www.nationalgeographic.com_environment_article_great-salt-lake-snowpack,data\raw\www.nationalgeographic.com_environment_article_great-salt-lake-snowpack,www.nationalgeographic.com_environment_article_great-salt-lake-snowpack_cand_000070_9f40be28ff.jpg,data\raw\www.nationalgeographic.com_environment_article_great-salt-lake-snowpack\www.nationalgeographic.com_environment_article_great-salt-lake-snowpack_cand_000070_9f40be28ff.jpg,True,,True,600,450,JPEG,RGB,75827,270000,1.3333333333333333,,True,,[],0.3312593246927121,0,False,False,,,False,
https://www.nationalgeographic.com/environment/article/great-salt-lake-snowpack,https://i.natgeofe.com/n/b7e9376b-bb4c-4e0a-8b9f-afd94ae5452f/h_11.02328214_4x3.jpg?w=612&h=459,source:srcset,,30,,,i.natgeofe.com,h_11.02328214_4x3.jpg,www.nationalgeographic.com_environment_article_great-salt-lake-snowpack_cand_000071,www.nationalgeographic.com_environment_article_great-salt-lake-snowpack,data\raw\www.nationalgeographic.com_environment_article_great-salt-lake-snowpack,www.nationalgeographic.com_environment_article_great-salt-lake-snowpack_cand_000071_4a23c55320.jpg,data\raw\www.nationalgeographic.com_environment_article_great-salt-lake-snowpack\www.nationalgeographic.com_environment_article_great-salt-lake-snowpack_cand_000071_4a23c55320.jpg,True,,True,612,459,JPEG,RGB,78658,280908,1.3333333333333333,,True,,[],0.33088379743638474,0,False,False,,,False,
https://www.nationalgeographic.com/environment/article/great-salt-lake-snowpack,https://i.natgeofe.com/n/b7e9376b-bb4c-4e0a-8b9f-afd94ae5452f/h_11.02328214_4x3.jpg?w=1224&h=918,source:srcset,,30,,,i.natgeofe.com,h_11.02328214_4x3.jpg,www.nationalgeographic.com_environment_article_great-salt-lake-snowpack_cand_000072,www.nationalgeographic.com_environment_article_great-salt-lake-snowpack,data\raw\www.nationalgeographic.com_environment_article_great-salt-lake-snowpack,www.nationalgeographic.com_environment_article_great-salt-lake-snowpack_cand_000072_b70a114960.jpg,data\raw\www.nationalgeographic.com_environment_article_great-salt-lake-snowpack\www.nationalgeographic.com_environment_article_great-salt-lake-snowpack_cand_000072_b70a114960.jpg,True,,True,1224,918,JPEG,RGB,255803,1123632,1.3333333333333333,,True,,[],0.31778611582537186,0,False,False,,,False,
https://www.nationalgeographic.com/environment/article/great-salt-lake-snowpack,https://i.natgeofe.com/n/b7e9376b-bb4c-4e0a-8b9f-afd94ae5452f/h_11.02328214_4x3.jpg?w=718&h=538,source:srcset,,31,,,i.natgeofe.com,h_11.02328214_4x3.jpg,www.nationalgeographic.com_environment_article_great-salt-lake-snowpack_cand_000073,www.nationalgeographic.com_environment_article_great-salt-lake-snowpack,data\raw\www.nationalgeographic.com_environment_article_great-salt-lake-snowpack,www.nationalgeographic.com_environment_article_great-salt-lake-snowpack_cand_000073_16dfc7bfac.jpg,data\raw\www.nationalgeographic.com_environment_article_great-salt-lake-snowpack\www.nationalgeographic.com_environment_article_great-salt-lake-snowpack_cand_000073_16dfc7bfac.jpg,True,,True,717,538,JPEG,RGB,102863,385746,1.3327137546468402,,True,,[],0.32638341330499165,0,False,False,,,False,
https://www.nationalgeographic.com/environment/article/great-salt-lake-snowpack,https://i.natgeofe.com/n/b7e9376b-bb4c-4e0a-8b9f-afd94ae5452f/h_11.02328214_4x3.jpg?w=1436&h=1076,source:srcset,,31,,,i.natgeofe.com,h_11.02328214_4x3.jpg,www.nationalgeographic.com_environment_article_great-salt-lake-snowpack_cand_000074,www.nationalgeographic.com_environment_article_great-salt-lake-snowpack,data\raw\www.nationalgeographic.com_environment_article_great-salt-lake-snowpack,www.nationalgeographic.com_environment_article_great-salt-lake-snowpack_cand_000074_aa1c9a0b18.jpg,data\raw\www.nationalgeographic.com_environment_article_great-salt-lake-snowpack\www.nationalgeographic.com_environment_article_great-salt-lake-snowpack_cand_000074_aa1c9a0b18.jpg,True,,True,1435,1076,JPEG,RGB,333345,1544060,1.33364312267658,,True,,[],0.3169945339956971,0,False,False,,,False,
https://www.nationalgeographic.com/environment/article/great-salt-lake-snowpack,https://i.natgeofe.com/n/d0efafac-c53c-4393-bdc3-cf3bdbe3c118/AP24096683056434_4x3.jpg?w=300&h=225,source:srcset,,34,,,i.natgeofe.com,AP24096683056434_4x3.jpg,www.nationalgeographic.com_environment_article_great-salt-lake-snowpack_cand_000075,www.nationalgeographic.com_environment_article_great-salt-lake-snowpack,data\raw\www.nationalgeographic.com_environment_article_great-salt-lake-snowpack,www.nationalgeographic.com_environment_article_great-salt-lake-snowpack_cand_000075_ff6b3c4f26.jpg,data\raw\www.nationalgeographic.com_environment_article_great-salt-lake-snowpack\www.nationalgeographic.com_environment_article_great-salt-lake-snowpack_cand_000075_ff6b3c4f26.jpg,True,,True,300,225,JPEG,RGB,23560,67500,1.3333333333333333,,True,,[],0.44314051315508995,0,False,False,,,False,
https://www.nationalgeographic.com/environment/article/great-salt-lake-snowpack,https://i.natgeofe.com/n/d0efafac-c53c-4393-bdc3-cf3bdbe3c118/AP24096683056434_4x3.jpg?w=600&h=450,source:srcset,,34,,,i.natgeofe.com,AP24096683056434_4x3.jpg,www.nationalgeographic.com_environment_article_great-salt-lake-snowpack_cand_000076,www.nationalgeographic.com_environment_article_great-salt-lake-snowpack,data\raw\www.nationalgeographic.com_environment_article_great-salt-lake-snowpack,www.nationalgeographic.com_environment_article_great-salt-lake-snowpack_cand_000076_68403c8f8b.jpg,data\raw\www.nationalgeographic.com_environment_article_great-salt-lake-snowpack\www.nationalgeographic.com_environment_article_great-salt-lake-snowpack_cand_000076_68403c8f8b.jpg,True,,True,600,450,JPEG,RGB,83532,270000,1.3333333333333333,,True,,[],0.3385783769218634,0,False,False,,,False,
https://www.nationalgeographic.com/environment/article/great-salt-lake-snowpack,https://i.natgeofe.com/n/d0efafac-c53c-4393-bdc3-cf3bdbe3c118/AP24096683056434_4x3.jpg?w=612&h=459,source:srcset,,35,,,i.natgeofe.com,AP24096683056434_4x3.jpg,www.nationalgeographic.com_environment_article_great-salt-lake-snowpack_cand_000077,www.nationalgeographic.com_environment_article_great-salt-lake-snowpack,data\raw\www.nationalgeographic.com_environment_article_great-salt-lake-snowpack,www.nationalgeographic.com_environment_article_great-salt-lake-snowpack_cand_000077_69d13f114b.jpg,data\raw\www.nationalgeographic.com_environment_article_great-salt-lake-snowpack\www.nationalgeographic.com_environment_article_great-salt-lake-snowpack_cand_000077_69d13f114b.jpg,True,,True,612,459,JPEG,RGB,86757,280908,1.3333333333333333,,True,,[],0.3383388268568871,0,False,False,,,False,
https://www.nationalgeographic.com/environment/article/great-salt-lake-snowpack,https://i.natgeofe.com/n/d0efafac-c53c-4393-bdc3-cf3bdbe3c118/AP24096683056434_4x3.jpg?w=1224&h=918,source:srcset,,35,,,i.natgeofe.com,AP24096683056434_4x3.jpg,www.nationalgeographic.com_environment_article_great-salt-lake-snowpack_cand_000078,www.nationalgeographic.com_environment_article_great-salt-lake-snowpack,data\raw\www.nationalgeographic.com_environment_article_great-salt-lake-snowpack,www.nationalgeographic.com_environment_article_great-salt-lake-snowpack_cand_000078_3d2aa3c13e.jpg,data\raw\www.nationalgeographic.com_environment_article_great-salt-lake-snowpack\www.nationalgeographic.com_environment_article_great-salt-lake-snowpack_cand_000078_3d2aa3c13e.jpg,True,,True,1224,918,JPEG,RGB,339349,1123632,1.3333333333333333,,True,,[],0.3519114201155856,0,False,False,,,False,
https://www.nationalgeographic.com/environment/article/great-salt-lake-snowpack,https://i.natgeofe.com/n/d0efafac-c53c-4393-bdc3-cf3bdbe3c118/AP24096683056434_4x3.jpg?w=718&h=539,source:srcset,,36,,,i.natgeofe.com,AP24096683056434_4x3.jpg,www.nationalgeographic.com_environment_article_great-salt-lake-snowpack_cand_000079,www.nationalgeographic.com_environment_article_great-salt-lake-snowpack,data\raw\www.nationalgeographic.com_environment_article_great-salt-lake-snowpack,www.nationalgeographic.com_environment_article_great-salt-lake-snowpack_cand_000079_4363c60587.jpg,data\raw\www.nationalgeographic.com_environment_article_great-salt-lake-snowpack\www.nationalgeographic.com_environment_article_great-salt-lake-snowpack_cand_000079_4363c60587.jpg,True,,True,718,539,JPEG,RGB,117592,387002,1.3320964749536177,,True,,[],0.33515987638136346,0,False,False,,,False,
https://www.nationalgeographic.com/environment/article/great-salt-lake-snowpack,https://i.natgeofe.com/n/d0efafac-c53c-4393-bdc3-cf3bdbe3c118/AP24096683056434_4x3.jpg?w=1436&h=1078,source:srcset,,36,,,i.natgeofe.com,AP24096683056434_4x3.jpg,www.nationalgeographic.com_environment_article_great-salt-lake-snowpack_cand_000080,www.nationalgeographic.com_environment_article_great-salt-lake-snowpack,data\raw\www.nationalgeographic.com_environment_article_great-salt-lake-snowpack,www.nationalgeographic.com_environment_article_great-salt-lake-snowpack_cand_000080_1bb744cb4e.jpg,data\raw\www.nationalgeographic.com_environment_article_great-salt-lake-snowpack\www.nationalgeographic.com_environment_article_great-salt-lake-snowpack_cand_000080_1bb744cb4e.jpg,True,,True,1436,1077,JPEG,RGB,465557,1546572,1.3333333333333333,,True,,[],0.36819893332947806,0,False,False,,,False,
https://www.nationalgeographic.com/environment/article/great-salt-lake-snowpack,https://i.natgeofe.com/n/c9c0af98-9808-439b-87a4-8dd262053da9/GettyImages-522618910_4x3.jpg?w=300&h=225,source:srcset,,39,,,i.natgeofe.com,GettyImages-522618910_4x3.jpg,www.nationalgeographic.com_environment_article_great-salt-lake-snowpack_cand_000081,www.nationalgeographic.com_environment_article_great-salt-lake-snowpack,data\raw\www.nationalgeographic.com_environment_article_great-salt-lake-snowpack,www.nationalgeographic.com_environment_article_great-salt-lake-snowpack_cand_000081_0d50403495.jpg,data\raw\www.nationalgeographic.com_environment_article_great-salt-lake-snowpack\www.nationalgeographic.com_environment_article_great-salt-lake-snowpack_cand_000081_0d50403495.jpg,True,,True,300,225,JPEG,RGB,6786,67500,1.3333333333333333,,True,,[],0.4450479892436223,0,False,False,,,False,
https://www.nationalgeographic.com/environment/article/great-salt-lake-snowpack,https://i.natgeofe.com/n/c9c0af98-9808-439b-87a4-8dd262053da9/GettyImages-522618910_4x3.jpg?w=600&h=450,source:srcset,,39,,,i.natgeofe.com,GettyImages-522618910_4x3.jpg,www.nationalgeographic.com_environment_article_great-salt-lake-snowpack_cand_000082,www.nationalgeographic.com_environment_article_great-salt-lake-snowpack,data\raw\www.nationalgeographic.com_environment_article_great-salt-lake-snowpack,www.nationalgeographic.com_environment_article_great-salt-lake-snowpack_cand_000082_982e0a80e9.jpg,data\raw\www.nationalgeographic.com_environment_article_great-salt-lake-snowpack\www.nationalgeographic.com_environment_article_great-salt-lake-snowpack_cand_000082_982e0a80e9.jpg,True,,True,600,450,JPEG,RGB,21855,270000,1.3333333333333333,,True,,[],0.32448664363617813,0,False,False,,,False,
https://www.nationalgeographic.com/environment/article/great-salt-lake-snowpack,https://i.natgeofe.com/n/c9c0af98-9808-439b-87a4-8dd262053da9/GettyImages-522618910_4x3.jpg?w=612&h=459,source:srcset,,40,,,i.natgeofe.com,GettyImages-522618910_4x3.jpg,www.nationalgeographic.com_environment_article_great-salt-lake-snowpack_cand_000083,www.nationalgeographic.com_environment_article_great-salt-lake-snowpack,data\raw\www.nationalgeographic.com_environment_article_great-salt-lake-snowpack,www.nationalgeographic.com_environment_article_great-salt-lake-snowpack_cand_000083_8bb152aaf2.jpg,data\raw\www.nationalgeographic.com_environment_article_great-salt-lake-snowpack\www.nationalgeographic.com_environment_article_great-salt-lake-snowpack_cand_000083_8bb152aaf2.jpg,True,,True,612,459,JPEG,RGB,22684,280908,1.3333333333333333,,True,,[],0.3234188892963999,0,False,False,,,False,
https://www.nationalgeographic.com/environment/article/great-salt-lake-snowpack,https://i.natgeofe.com/n/c9c0af98-9808-439b-87a4-8dd262053da9/GettyImages-522618910_4x3.jpg?w=1224&h=918,source:srcset,,40,,,i.natgeofe.com,GettyImages-522618910_4x3.jpg,www.nationalgeographic.com_environment_article_great-salt-lake-snowpack_cand_000084,www.nationalgeographic.com_environment_article_great-salt-lake-snowpack,data\raw\www.nationalgeographic.com_environment_article_great-salt-lake-snowpack,www.nationalgeographic.com_environment_article_great-salt-lake-snowpack_cand_000084_973a62d861.jpg,data\raw\www.nationalgeographic.com_environment_article_great-salt-lake-snowpack\www.nationalgeographic.com_environment_article_great-salt-lake-snowpack_cand_000084_973a62d861.jpg,True,,True,1224,918,JPEG,RGB,80051,1123632,1.3333333333333333,,True,,[],0.2712834023461276,0,False,False,,,False,
https://www.nationalgeographic.com/environment/article/great-salt-lake-snowpack,https://i.natgeofe.com/n/c9c0af98-9808-439b-87a4-8dd262053da9/GettyImages-522618910_4x3.jpg?w=350&h=263,source:srcset,,41,,,i.natgeofe.com,GettyImages-522618910_4x3.jpg,www.nationalgeographic.com_environment_article_great-salt-lake-snowpack_cand_000085,www.nationalgeographic.com_environment_article_great-salt-lake-snowpack,data\raw\www.nationalgeographic.com_environment_article_great-salt-lake-snowpack,www.nationalgeographic.com_environment_article_great-salt-lake-snowpack_cand_000085_f67aee80be.jpg,data\raw\www.nationalgeographic.com_environment_article_great-salt-lake-snowpack\www.nationalgeographic.com_environment_article_great-salt-lake-snowpack_cand_000085_f67aee80be.jpg,True,,True,350,263,JPEG,RGB,8666,92050,1.3307984790874525,,True,,[],0.34442231593287537,0,False,False,,,False,
https://www.nationalgeographic.com/environment/article/great-salt-lake-snowpack,https://i.natgeofe.com/n/c9c0af98-9808-439b-87a4-8dd262053da9/GettyImages-522618910_4x3.jpg?w=700&h=526,source:srcset,,41,,,i.natgeofe.com,GettyImages-522618910_4x3.jpg,www.nationalgeographic.com_environment_article_great-salt-lake-snowpack_cand_000086,www.nationalgeographic.com_environment_article_great-salt-lake-snowpack,data\raw\www.nationalgeographic.com_environment_article_great-salt-lake-snowpack,www.nationalgeographic.com_environment_article_great-salt-lake-snowpack_cand_000086_195eef55b9.jpg,data\raw\www.nationalgeographic.com_environment_article_great-salt-lake-snowpack\www.nationalgeographic.com_environment_article_great-salt-lake-snowpack_cand_000086_195eef55b9.jpg,True,,True,700,525,JPEG,RGB,28665,367500,1.3333333333333333,,True,,[],0.3154855005606929,0,False,False,,,False,
https://www.nationalgeographic.com/environment/article/great-salt-lake-snowpack,https://i.natgeofe.com/n/c9c0af98-9808-439b-87a4-8dd262053da9/GettyImages-522618910_4x3.jpg?w=195&h=146,source:srcset,,42,,,i.natgeofe.com,GettyImages-522618910_4x3.jpg,www.nationalgeographic.com_environment_article_great-salt-lake-snowpack_cand_000087,www.nationalgeographic.com_environment_article_great-salt-lake-snowpack,data\raw\www.nationalgeographic.com_environment_article_great-salt-lake-snowpack,www.nationalgeographic.com_environment_article_great-salt-lake-snowpack_cand_000087_e419df4ce0.jpg,data\raw\www.nationalgeographic.com_environment_article_great-salt-lake-snowpack\www.nationalgeographic.com_environment_article_great-salt-lake-snowpack_cand_000087_e419df4ce0.jpg,True,,True,195,146,JPEG,RGB,3548,28470,1.3356164383561644,,True,,[],0.45895842552938415,0,False,False,,,False,
https://www.nationalgeographic.com/environment/article/great-salt-lake-snowpack,https://i.natgeofe.com/n/c9c0af98-9808-439b-87a4-8dd262053da9/GettyImages-522618910_4x3.jpg?w=390&h=292,source:srcset,,42,,,i.natgeofe.com,GettyImages-522618910_4x3.jpg,www.nationalgeographic.com_environment_article_great-salt-lake-snowpack_cand_000088,www.nationalgeographic.com_environment_article_great-salt-lake-snowpack,data\raw\www.nationalgeographic.com_environment_article_great-salt-lake-snowpack,www.nationalgeographic.com_environment_article_great-salt-lake-snowpack_cand_000088_f32d14bfab.jpg,data\raw\www.nationalgeographic.com_environment_article_great-salt-lake-snowpack\www.nationalgeographic.com_environment_article_great-salt-lake-snowpack_cand_000088_f32d14bfab.jpg,True,,True,389,292,JPEG,RGB,10428,113588,1.332191780821918,,True,,[],0.3425255195062553,0,False,False,,,False,
https://www.nationalgeographic.com/environment/article/great-salt-lake-snowpack,https://i.natgeofe.com/n/c9c0af98-9808-439b-87a4-8dd262053da9/GettyImages-522618910_4x3.jpg?w=400&h=300,source:srcset,,43,,,i.natgeofe.com,GettyImages-522618910_4x3.jpg,www.nationalgeographic.com_environment_article_great-salt-lake-snowpack_cand_000089,www.nationalgeographic.com_environment_article_great-salt-lake-snowpack,data\raw\www.nationalgeographic.com_environment_article_great-salt-lake-snowpack,www.nationalgeographic.com_environment_article_great-salt-lake-snowpack_cand_000089_ed9edbeb47.jpg,data\raw\www.nationalgeographic.com_environment_article_great-salt-lake-snowpack\www.nationalgeographic.com_environment_article_great-salt-lake-snowpack_cand_000089_ed9edbeb47.jpg,True,,True,400,300,JPEG,RGB,10760,120000,1.3333333333333333,,True,,[],0.3428855772568885,0,False,False,,,False,
https://www.nationalgeographic.com/environment/article/great-salt-lake-snowpack,https://i.natgeofe.com/n/c9c0af98-9808-439b-87a4-8dd262053da9/GettyImages-522618910_4x3.jpg?w=800&h=600,source:srcset,,43,,,i.natgeofe.com,GettyImages-522618910_4x3.jpg,www.nationalgeographic.com_environment_article_great-salt-lake-snowpack_cand_000090,www.nationalgeographic.com_environment_article_great-salt-lake-snowpack,data\raw\www.nationalgeographic.com_environment_article_great-salt-lake-snowpack,www.nationalgeographic.com_environment_article_great-salt-lake-snowpack_cand_000090_c4340dd8e8.jpg,data\raw\www.nationalgeographic.com_environment_article_great-salt-lake-snowpack\www.nationalgeographic.com_environment_article_great-salt-lake-snowpack_cand_000090_c4340dd8e8.jpg,True,,True,800,600,JPEG,RGB,36417,480000,1.3333333333333333,,True,,[],0.30665672454652415,0,False,False,,,False,
https://www.nationalgeographic.com/environment/article/great-salt-lake-snowpack,https://i.natgeofe.com/n/4ecf8b15-72b3-4496-9418-72320123d5b5/NationalGeographic_2799566_4x3.jpg?w=300&h=225,source:srcset,,44,,,i.natgeofe.com,NationalGeographic_2799566_4x3.jpg,www.nationalgeographic.com_environment_article_great-salt-lake-snowpack_cand_000091,www.nationalgeographic.com_environment_article_great-salt-lake-snowpack,data\raw\www.nationalgeographic.com_environment_article_great-salt-lake-snowpack,www.nationalgeographic.com_environment_article_great-salt-lake-snowpack_cand_000091_8737570922.jpg,data\raw\www.nationalgeographic.com_environment_article_great-salt-lake-snowpack\www.nationalgeographic.com_environment_article_great-salt-lake-snowpack_cand_000091_8737570922.jpg,True,,True,300,225,JPEG,RGB,22134,67500,1.3333333333333333,,True,,[],0.4595998095531029,0,False,False,,,False,
https://www.nationalgeographic.com/environment/article/great-salt-lake-snowpack,https://i.natgeofe.com/n/4ecf8b15-72b3-4496-9418-72320123d5b5/NationalGeographic_2799566_4x3.jpg?w=600&h=450,source:srcset,,44,,,i.natgeofe.com,NationalGeographic_2799566_4x3.jpg,www.nationalgeographic.com_environment_article_great-salt-lake-snowpack_cand_000092,www.nationalgeographic.com_environment_article_great-salt-lake-snowpack,data\raw\www.nationalgeographic.com_environment_article_great-salt-lake-snowpack,www.nationalgeographic.com_environment_article_great-salt-lake-snowpack_cand_000092_ac71e133a2.jpg,data\raw\www.nationalgeographic.com_environment_article_great-salt-lake-snowpack\www.nationalgeographic.com_environment_article_great-salt-lake-snowpack_cand_000092_ac71e133a2.jpg,True,,True,600,450,JPEG,RGB,76580,270000,1.3333333333333333,,True,,[],0.35161664995280556,0,False,False,,,False,
https://www.nationalgeographic.com/environment/article/great-salt-lake-snowpack,https://i.natgeofe.com/n/4ecf8b15-72b3-4496-9418-72320123d5b5/NationalGeographic_2799566_4x3.jpg?w=612&h=459,source:srcset,,45,,,i.natgeofe.com,NationalGeographic_2799566_4x3.jpg,www.nationalgeographic.com_environment_article_great-salt-lake-snowpack_cand_000093,www.nationalgeographic.com_environment_article_great-salt-lake-snowpack,data\raw\www.nationalgeographic.com_environment_article_great-salt-lake-snowpack,www.nationalgeographic.com_environment_article_great-salt-lake-snowpack_cand_000093_2f2d9ce172.jpg,data\raw\www.nationalgeographic.com_environment_article_great-salt-lake-snowpack\www.nationalgeographic.com_environment_article_great-salt-lake-snowpack_cand_000093_2f2d9ce172.jpg,True,,True,612,459,JPEG,RGB,79869,280908,1.3333333333333333,,True,,[],0.35139594324329837,0,False,False,,,False,
https://www.nationalgeographic.com/environment/article/great-salt-lake-snowpack,https://i.natgeofe.com/n/4ecf8b15-72b3-4496-9418-72320123d5b5/NationalGeographic_2799566_4x3.jpg?w=1224&h=918,source:srcset,,45,,,i.natgeofe.com,NationalGeographic_2799566_4x3.jpg,www.nationalgeographic.com_environment_article_great-salt-lake-snowpack_cand_000094,www.nationalgeographic.com_environment_article_great-salt-lake-snowpack,data\raw\www.nationalgeographic.com_environment_article_great-salt-lake-snowpack,www.nationalgeographic.com_environment_article_great-salt-lake-snowpack_cand_000094_5646eca47a.jpg,data\raw\www.nationalgeographic.com_environment_article_great-salt-lake-snowpack\www.nationalgeographic.com_environment_article_great-salt-lake-snowpack_cand_000094_5646eca47a.jpg,True,,True,1224,918,JPEG,RGB,286247,1123632,1.3333333333333333,,True,,[],0.3483607852520321,0,False,False,,,False,
https://www.nationalgeographic.com/environment/article/great-salt-lake-snowpack,https://i.natgeofe.com/n/4ecf8b15-72b3-4496-9418-72320123d5b5/NationalGeographic_2799566_4x3.jpg?w=350&h=262,source:srcset,,46,,,i.natgeofe.com,NationalGeographic_2799566_4x3.jpg,www.nationalgeographic.com_environment_article_great-salt-lake-snowpack_cand_000095,www.nationalgeographic.com_environment_article_great-salt-lake-snowpack,data\raw\www.nationalgeographic.com_environment_article_great-salt-lake-snowpack,www.nationalgeographic.com_environment_article_great-salt-lake-snowpack_cand_000095_d02c1c4d10.jpg,data\raw\www.nationalgeographic.com_environment_article_great-salt-lake-snowpack\www.nationalgeographic.com_environment_article_great-salt-lake-snowpack_cand_000095_d02c1c4d10.jpg,True,,True,349,262,JPEG,RGB,28671,91438,1.33206106870229,,True,,[],0.36124065346764306,0,False,False,,,False,
https://www.nationalgeographic.com/environment/article/great-salt-lake-snowpack,https://i.natgeofe.com/n/4ecf8b15-72b3-4496-9418-72320123d5b5/NationalGeographic_2799566_4x3.jpg?w=700&h=524,source:srcset,,46,,,i.natgeofe.com,NationalGeographic_2799566_4x3.jpg,www.nationalgeographic.com_environment_article_great-salt-lake-snowpack_cand_000096,www.nationalgeographic.com_environment_article_great-salt-lake-snowpack,data\raw\www.nationalgeographic.com_environment_article_great-salt-lake-snowpack,www.nationalgeographic.com_environment_article_great-salt-lake-snowpack_cand_000096_85d8532a3e.jpg,data\raw\www.nationalgeographic.com_environment_article_great-salt-lake-snowpack\www.nationalgeographic.com_environment_article_great-salt-lake-snowpack_cand_000096_85d8532a3e.jpg,True,,True,699,524,JPEG,RGB,101523,366276,1.333969465648855,,True,,[],0.3497696772455095,0,False,False,,,False,
https://www.nationalgeographic.com/environment/article/great-salt-lake-snowpack,https://i.natgeofe.com/n/4ecf8b15-72b3-4496-9418-72320123d5b5/NationalGeographic_2799566_4x3.jpg?w=195&h=146,source:srcset,,47,,,i.natgeofe.com,NationalGeographic_2799566_4x3.jpg,www.nationalgeographic.com_environment_article_great-salt-lake-snowpack_cand_000097,www.nationalgeographic.com_environment_article_great-salt-lake-snowpack,data\raw\www.nationalgeographic.com_environment_article_great-salt-lake-snowpack,www.nationalgeographic.com_environment_article_great-salt-lake-snowpack_cand_000097_84e1d84df8.jpg,data\raw\www.nationalgeographic.com_environment_article_great-salt-lake-snowpack\www.nationalgeographic.com_environment_article_great-salt-lake-snowpack_cand_000097_84e1d84df8.jpg,True,,True,195,146,JPEG,RGB,10839,28470,1.3356164383561644,,True,,[],0.4703877745248809,0,False,False,,,False,
https://www.nationalgeographic.com/environment/article/great-salt-lake-snowpack,https://i.natgeofe.com/n/4ecf8b15-72b3-4496-9418-72320123d5b5/NationalGeographic_2799566_4x3.jpg?w=390&h=292,source:srcset,,47,,,i.natgeofe.com,NationalGeographic_2799566_4x3.jpg,www.nationalgeographic.com_environment_article_great-salt-lake-snowpack_cand_000098,www.nationalgeographic.com_environment_article_great-salt-lake-snowpack,data\raw\www.nationalgeographic.com_environment_article_great-salt-lake-snowpack,www.nationalgeographic.com_environment_article_great-salt-lake-snowpack_cand_000098_cfdb5b124b.jpg,data\raw\www.nationalgeographic.com_environment_article_great-salt-lake-snowpack\www.nationalgeographic.com_environment_article_great-salt-lake-snowpack_cand_000098_cfdb5b124b.jpg,True,,True,389,292,JPEG,RGB,35176,113588,1.332191780821918,,True,,[],0.35930449209867843,0,False,False,,,False,
https://www.nationalgeographic.com/environment/article/great-salt-lake-snowpack,https://i.natgeofe.com/n/4ecf8b15-72b3-4496-9418-72320123d5b5/NationalGeographic_2799566_4x3.jpg?w=400&h=300,source:srcset,,48,,,i.natgeofe.com,NationalGeographic_2799566_4x3.jpg,www.nationalgeographic.com_environment_article_great-salt-lake-snowpack_cand_000099,www.nationalgeographic.com_environment_article_great-salt-lake-snowpack,data\raw\www.nationalgeographic.com_environment_article_great-salt-lake-snowpack,www.nationalgeographic.com_environment_article_great-salt-lake-snowpack_cand_000099_a3cbd39bdd.jpg,data\raw\www.nationalgeographic.com_environment_article_great-salt-lake-snowpack\www.nationalgeographic.com_environment_article_great-salt-lake-snowpack_cand_000099_a3cbd39bdd.jpg,True,,True,400,300,JPEG,RGB,36540,120000,1.3333333333333333,,True,,[],0.36005012834477285,0,False,False,,,False,
https://www.nationalgeographic.com/environment/article/great-salt-lake-snowpack,https://i.natgeofe.com/n/4ecf8b15-72b3-4496-9418-72320123d5b5/NationalGeographic_2799566_4x3.jpg?w=800&h=600,source:srcset,,48,,,i.natgeofe.com,NationalGeographic_2799566_4x3.jpg,www.nationalgeographic.com_environment_article_great-salt-lake-snowpack_cand_000100,www.nationalgeographic.com_environment_article_great-salt-lake-snowpack,data\raw\www.nationalgeographic.com_environment_article_great-salt-lake-snowpack,www.nationalgeographic.com_environment_article_great-salt-lake-snowpack_cand_000100_f3dbb7c76e.jpg,data\raw\www.nationalgeographic.com_environment_article_great-salt-lake-snowpack\www.nationalgeographic.com_environment_article_great-salt-lake-snowpack_cand_000100_f3dbb7c76e.jpg,True,,True,800,600,JPEG,RGB,129116,480000,1.3333333333333333,,True,,[],0.3465600767995673,0,False,False,,,False,
https://www.nationalgeographic.com/environment/article/great-salt-lake-snowpack,https://i.natgeofe.com/n/c487b6c5-2e68-4888-b1a9-29249f750aa8/2-14-2021---Cleveland-OH_4x3.jpg?w=300&h=225,source:srcset,,49,,,i.natgeofe.com,2-14-2021---Cleveland-OH_4x3.jpg,www.nationalgeographic.com_environment_article_great-salt-lake-snowpack_cand_000101,www.nationalgeographic.com_environment_article_great-salt-lake-snowpack,data\raw\www.nationalgeographic.com_environment_article_great-salt-lake-snowpack,www.nationalgeographic.com_environment_article_great-salt-lake-snowpack_cand_000101_dcbe587da8.jpg,data\raw\www.nationalgeographic.com_environment_article_great-salt-lake-snowpack\www.nationalgeographic.com_environment_article_great-salt-lake-snowpack_cand_000101_dcbe587da8.jpg,True,,True,300,225,JPEG,RGB,23194,67500,1.3333333333333333,,True,,[],0.45660503794992535,0,False,False,,,False,
https://www.nationalgeographic.com/environment/article/great-salt-lake-snowpack,https://i.natgeofe.com/n/c487b6c5-2e68-4888-b1a9-29249f750aa8/2-14-2021---Cleveland-OH_4x3.jpg?w=600&h=450,source:srcset,,49,,,i.natgeofe.com,2-14-2021---Cleveland-OH_4x3.jpg,www.nationalgeographic.com_environment_article_great-salt-lake-snowpack_cand_000102,www.nationalgeographic.com_environment_article_great-salt-lake-snowpack,data\raw\www.nationalgeographic.com_environment_article_great-salt-lake-snowpack,www.nationalgeographic.com_environment_article_great-salt-lake-snowpack_cand_000102_9713b53386.jpg,data\raw\www.nationalgeographic.com_environment_article_great-salt-lake-snowpack\www.nationalgeographic.com_environment_article_great-salt-lake-snowpack_cand_000102_9713b53386.jpg,True,,True,600,450,JPEG,RGB,75034,270000,1.3333333333333333,,True,,[],0.34793160862602673,0,False,False,,,False,
https://www.nationalgeographic.com/environment/article/great-salt-lake-snowpack,https://i.natgeofe.com/n/c487b6c5-2e68-4888-b1a9-29249f750aa8/2-14-2021---Cleveland-OH_4x3.jpg?w=612&h=459,source:srcset,,50,,,i.natgeofe.com,2-14-2021---Cleveland-OH_4x3.jpg,www.nationalgeographic.com_environment_article_great-salt-lake-snowpack_cand_000103,www.nationalgeographic.com_environment_article_great-salt-lake-snowpack,data\raw\www.nationalgeographic.com_environment_article_great-salt-lake-snowpack,www.nationalgeographic.com_environment_article_great-salt-lake-snowpack_cand_000103_d56abfc35c.jpg,data\raw\www.nationalgeographic.com_environment_article_great-salt-lake-snowpack\www.nationalgeographic.com_environment_article_great-salt-lake-snowpack_cand_000103_d56abfc35c.jpg,True,,True,612,459,JPEG,RGB,78084,280908,1.3333333333333333,,True,,[],0.347625882539432,0,False,False,,,False,
https://www.nationalgeographic.com/environment/article/great-salt-lake-snowpack,https://i.natgeofe.com/n/c487b6c5-2e68-4888-b1a9-29249f750aa8/2-14-2021---Cleveland-OH_4x3.jpg?w=1224&h=918,source:srcset,,50,,,i.natgeofe.com,2-14-2021---Cleveland-OH_4x3.jpg,www.nationalgeographic.com_environment_article_great-salt-lake-snowpack_cand_000104,www.nationalgeographic.com_environment_article_great-salt-lake-snowpack,data\raw\www.nationalgeographic.com_environment_article_great-salt-lake-snowpack,www.nationalgeographic.com_environment_article_great-salt-lake-snowpack_cand_000104_c94050a936.jpg,data\raw\www.nationalgeographic.com_environment_article_great-salt-lake-snowpack\www.nationalgeographic.com_environment_article_great-salt-lake-snowpack_cand_000104_c94050a936.jpg,True,,True,1224,918,JPEG,RGB,270600,1123632,1.3333333333333333,,True,,[],0.3396505568565995,0,False,False,,,False,
https://www.nationalgeographic.com/environment/article/great-salt-lake-snowpack,https://i.natgeofe.com/n/c487b6c5-2e68-4888-b1a9-29249f750aa8/2-14-2021---Cleveland-OH_4x3.jpg?w=350&h=263,source:srcset,,51,,,i.natgeofe.com,2-14-2021---Cleveland-OH_4x3.jpg,www.nationalgeographic.com_environment_article_great-salt-lake-snowpack_cand_000105,www.nationalgeographic.com_environment_article_great-salt-lake-snowpack,data\raw\www.nationalgeographic.com_environment_article_great-salt-lake-snowpack,www.nationalgeographic.com_environment_article_great-salt-lake-snowpack_cand_000105_afb06ec6ca.jpg,data\raw\www.nationalgeographic.com_environment_article_great-salt-lake-snowpack\www.nationalgeographic.com_environment_article_great-salt-lake-snowpack_cand_000105_afb06ec6ca.jpg,True,,True,350,263,JPEG,RGB,29316,92050,1.3307984790874525,,True,,[],0.3565823521327917,0,False,False,,,False,
https://www.nationalgeographic.com/environment/article/great-salt-lake-snowpack,https://i.natgeofe.com/n/c487b6c5-2e68-4888-b1a9-29249f750aa8/2-14-2021---Cleveland-OH_4x3.jpg?w=700&h=526,source:srcset,,51,,,i.natgeofe.com,2-14-2021---Cleveland-OH_4x3.jpg,www.nationalgeographic.com_environment_article_great-salt-lake-snowpack_cand_000106,www.nationalgeographic.com_environment_article_great-salt-lake-snowpack,data\raw\www.nationalgeographic.com_environment_article_great-salt-lake-snowpack,www.nationalgeographic.com_environment_article_great-salt-lake-snowpack_cand_000106_30b768a6a3.jpg,data\raw\www.nationalgeographic.com_environment_article_great-salt-lake-snowpack\www.nationalgeographic.com_environment_article_great-salt-lake-snowpack_cand_000106_30b768a6a3.jpg,True,,True,700,525,JPEG,RGB,97599,367500,1.3333333333333333,,True,,[],0.34423261608214134,0,False,False,,,False,
https://www.nationalgeographic.com/environment/article/great-salt-lake-snowpack,https://i.natgeofe.com/n/c487b6c5-2e68-4888-b1a9-29249f750aa8/2-14-2021---Cleveland-OH_4x3.jpg?w=195&h=146,source:srcset,,52,,,i.natgeofe.com,2-14-2021---Cleveland-OH_4x3.jpg,www.nationalgeographic.com_environment_article_great-salt-lake-snowpack_cand_000107,www.nationalgeographic.com_environment_article_great-salt-lake-snowpack,data\raw\www.nationalgeographic.com_environment_article_great-salt-lake-snowpack,www.nationalgeographic.com_environment_article_great-salt-lake-snowpack_cand_000107_09e871d9d1.jpg,data\raw\www.nationalgeographic.com_environment_article_great-salt-lake-snowpack\www.nationalgeographic.com_environment_article_great-salt-lake-snowpack_cand_000107_09e871d9d1.jpg,True,,True,195,146,JPEG,RGB,11203,28470,1.3356164383561644,,True,,[],0.4671083277328303,0,False,False,,,False,
https://www.nationalgeographic.com/environment/article/great-salt-lake-snowpack,https://i.natgeofe.com/n/c487b6c5-2e68-4888-b1a9-29249f750aa8/2-14-2021---Cleveland-OH_4x3.jpg?w=390&h=292,source:srcset,,52,,,i.natgeofe.com,2-14-2021---Cleveland-OH_4x3.jpg,www.nationalgeographic.com_environment_article_great-salt-lake-snowpack_cand_000108,www.nationalgeographic.com_environment_article_great-salt-lake-snowpack,data\raw\www.nationalgeographic.com_environment_article_great-salt-lake-snowpack,www.nationalgeographic.com_environment_article_great-salt-lake-snowpack_cand_000108_a3658751d6.jpg,data\raw\www.nationalgeographic.com_environment_article_great-salt-lake-snowpack\www.nationalgeographic.com_environment_article_great-salt-lake-snowpack_cand_000108_a3658751d6.jpg,True,,True,389,292,JPEG,RGB,35666,113588,1.332191780821918,,True,,[],0.3563244093225159,0,False,False,,,False,
https://www.nationalgeographic.com/environment/article/great-salt-lake-snowpack,https://i.natgeofe.com/n/c487b6c5-2e68-4888-b1a9-29249f750aa8/2-14-2021---Cleveland-OH_4x3.jpg?w=400&h=300,source:srcset,,53,,,i.natgeofe.com,2-14-2021---Cleveland-OH_4x3.jpg,www.nationalgeographic.com_environment_article_great-salt-lake-snowpack_cand_000109,www.nationalgeographic.com_environment_article_great-salt-lake-snowpack,data\raw\www.nationalgeographic.com_environment_article_great-salt-lake-snowpack,www.nationalgeographic.com_environment_article_great-salt-lake-snowpack_cand_000109_5e86365ecd.jpg,data\raw\www.nationalgeographic.com_environment_article_great-salt-lake-snowpack\www.nationalgeographic.com_environment_article_great-salt-lake-snowpack_cand_000109_5e86365ecd.jpg,True,,True,400,300,JPEG,RGB,37010,120000,1.3333333333333333,,True,,[],0.3570600153707518,0,False,False,,,False,
https://www.nationalgeographic.com/environment/article/great-salt-lake-snowpack,https://i.natgeofe.com/n/c487b6c5-2e68-4888-b1a9-29249f750aa8/2-14-2021---Cleveland-OH_4x3.jpg?w=800&h=600,source:srcset,,53,,,i.natgeofe.com,2-14-2021---Cleveland-OH_4x3.jpg,www.nationalgeographic.com_environment_article_great-salt-lake-snowpack_cand_000110,www.nationalgeographic.com_environment_article_great-salt-lake-snowpack,data\raw\www.nationalgeographic.com_environment_article_great-salt-lake-snowpack,www.nationalgeographic.com_environment_article_great-salt-lake-snowpack_cand_000110_e47d5f78b7.jpg,data\raw\www.nationalgeographic.com_environment_article_great-salt-lake-snowpack\www.nationalgeographic.com_environment_article_great-salt-lake-snowpack_cand_000110_e47d5f78b7.jpg,True,,True,800,600,JPEG,RGB,123403,480000,1.3333333333333333,,True,,[],0.34141029769978637,0,False,False,,,False,
