page_url,image_url,source_attr,alt_text,tag_index,width_attr,height_attr,domain,file_name,candidate_id,page_id,raw_page_dir,local_file_name,local_path,download_ok,download_error,is_valid_image,width,height,format,mode,file_size_bytes,area,aspect_ratio,image_error,hard_prefilter_keep,hard_reject_reason,hard_rule_flags,ml_score,ml_pred,final_keep,final_keep_before_dedup,final_dedup_key,final_dedup_rank,removed_by_final_dedup,final_dedup_reason
https://eda.rambler.ru/media/recepty/chto-prigotovit-s-cheremshoy,https://mc.yandex.ru/watch/105674087,src,,0,,,mc.yandex.ru,105674087,eda.rambler.ru_media_recepty_chto-prigotovit-s-cheremshoy_cand_000000,eda.rambler.ru_media_recepty_chto-prigotovit-s-cheremshoy,data\raw\eda.rambler.ru_media_recepty_chto-prigotovit-s-cheremshoy,eda.rambler.ru_media_recepty_chto-prigotovit-s-cheremshoy_cand_000000_05b4d2d191.img,data\raw\eda.rambler.ru_media_recepty_chto-prigotovit-s-cheremshoy\eda.rambler.ru_media_recepty_chto-prigotovit-s-cheremshoy_cand_000000_05b4d2d191.img,True,,True,1.0,1.0,GIF,P,43,1.0,1.0,,False,tiny_dimensions_le_5;very_small_dimensions_le_32;tiny_file_size;tracking_url_hint;analytics_url_hint;probable_tracking_pixel,"[""tiny_dimensions_le_5"", ""very_small_dimensions_le_32"", ""tiny_file_size"", ""very_small_file_size"", ""tracking_url_hint"", ""analytics_url_hint"", ""probable_tracking_pixel""]",,0,False,False,,,False,
https://eda.rambler.ru/media/recepty/chto-prigotovit-s-cheremshoy,https://mc.yandex.ru/watch/27509004,src,,1,,,mc.yandex.ru,27509004,eda.rambler.ru_media_recepty_chto-prigotovit-s-cheremshoy_cand_000001,eda.rambler.ru_media_recepty_chto-prigotovit-s-cheremshoy,data\raw\eda.rambler.ru_media_recepty_chto-prigotovit-s-cheremshoy,eda.rambler.ru_media_recepty_chto-prigotovit-s-cheremshoy_cand_000001_105a14e1b3.img,data\raw\eda.rambler.ru_media_recepty_chto-prigotovit-s-cheremshoy\eda.rambler.ru_media_recepty_chto-prigotovit-s-cheremshoy_cand_000001_105a14e1b3.img,True,,True,1.0,1.0,GIF,P,43,1.0,1.0,,False,tiny_dimensions_le_5;very_small_dimensions_le_32;tiny_file_size;tracking_url_hint;analytics_url_hint;probable_tracking_pixel,"[""tiny_dimensions_le_5"", ""very_small_dimensions_le_32"", ""tiny_file_size"", ""very_small_file_size"", ""tracking_url_hint"", ""analytics_url_hint"", ""probable_tracking_pixel""]",,0,False,False,,,False,
https://eda.rambler.ru/media/recepty/chto-prigotovit-s-cheremshoy,https://mc.yandex.ru/watch/26649402,src,,2,,,mc.yandex.ru,26649402,eda.rambler.ru_media_recepty_chto-prigotovit-s-cheremshoy_cand_000002,eda.rambler.ru_media_recepty_chto-prigotovit-s-cheremshoy,data\raw\eda.rambler.ru_media_recepty_chto-prigotovit-s-cheremshoy,eda.rambler.ru_media_recepty_chto-prigotovit-s-cheremshoy_cand_000002_9e463b8294.img,data\raw\eda.rambler.ru_media_recepty_chto-prigotovit-s-cheremshoy\eda.rambler.ru_media_recepty_chto-prigotovit-s-cheremshoy_cand_000002_9e463b8294.img,True,,True,1.0,1.0,GIF,P,43,1.0,1.0,,False,tiny_dimensions_le_5;very_small_dimensions_le_32;tiny_file_size;tracking_url_hint;analytics_url_hint;probable_tracking_pixel,"[""tiny_dimensions_le_5"", ""very_small_dimensions_le_32"", ""tiny_file_size"", ""very_small_file_size"", ""tracking_url_hint"", ""analytics_url_hint"", ""probable_tracking_pixel""]",,0,False,False,,,False,
https://eda.rambler.ru/media/recepty/chto-prigotovit-s-cheremshoy,https://counter.rambler.ru/top100.cnt?pid=2635991,src,Счетчик top100,3,,,counter.rambler.ru,top100.cnt,eda.rambler.ru_media_recepty_chto-prigotovit-s-cheremshoy_cand_000003,eda.rambler.ru_media_recepty_chto-prigotovit-s-cheremshoy,data\raw\eda.rambler.ru_media_recepty_chto-prigotovit-s-cheremshoy,eda.rambler.ru_media_recepty_chto-prigotovit-s-cheremshoy_cand_000003_1ec34c7374.img,data\raw\eda.rambler.ru_media_recepty_chto-prigotovit-s-cheremshoy\eda.rambler.ru_media_recepty_chto-prigotovit-s-cheremshoy_cand_000003_1ec34c7374.img,True,,True,1.0,1.0,GIF,P,43,1.0,1.0,,False,tiny_dimensions_le_5;very_small_dimensions_le_32;tiny_file_size;tracking_url_hint;ui_or_ads_keyword;analytics_url_hint;probable_tracking_pixel,"[""tiny_dimensions_le_5"", ""very_small_dimensions_le_32"", ""tiny_file_size"", ""very_small_file_size"", ""tracking_url_hint"", ""ui_or_ads_keyword"", ""analytics_url_hint"", ""probable_tracking_pixel"", ""ui_or_ads_keyword_soft""]",,0,False,False,,,False,
https://eda.rambler.ru/media/recepty/chto-prigotovit-s-cheremshoy,https://counter.rambler.ru/top100.cnt?pid=7728281,src,Счетчик top100,4,,,counter.rambler.ru,top100.cnt,eda.rambler.ru_media_recepty_chto-prigotovit-s-cheremshoy_cand_000004,eda.rambler.ru_media_recepty_chto-prigotovit-s-cheremshoy,data\raw\eda.rambler.ru_media_recepty_chto-prigotovit-s-cheremshoy,eda.rambler.ru_media_recepty_chto-prigotovit-s-cheremshoy_cand_000004_5ffb4dcfbb.img,data\raw\eda.rambler.ru_media_recepty_chto-prigotovit-s-cheremshoy\eda.rambler.ru_media_recepty_chto-prigotovit-s-cheremshoy_cand_000004_5ffb4dcfbb.img,True,,True,1.0,1.0,GIF,P,43,1.0,1.0,,False,tiny_dimensions_le_5;very_small_dimensions_le_32;tiny_file_size;tracking_url_hint;ui_or_ads_keyword;analytics_url_hint;probable_tracking_pixel,"[""tiny_dimensions_le_5"", ""very_small_dimensions_le_32"", ""tiny_file_size"", ""very_small_file_size"", ""tracking_url_hint"", ""ui_or_ads_keyword"", ""analytics_url_hint"", ""probable_tracking_pixel"", ""ui_or_ads_keyword_soft""]",,0,False,False,,,False,
https://eda.rambler.ru/media/recepty/chto-prigotovit-s-cheremshoy,https://www.tns-counter.ru/V13a****afisha_ru/ru/UTF-8/tmsec=afisha_eda/,src,,5,1,1,www.tns-counter.ru,,eda.rambler.ru_media_recepty_chto-prigotovit-s-cheremshoy_cand_000005,eda.rambler.ru_media_recepty_chto-prigotovit-s-cheremshoy,data\raw\eda.rambler.ru_media_recepty_chto-prigotovit-s-cheremshoy,eda.rambler.ru_media_recepty_chto-prigotovit-s-cheremshoy_cand_000005_6fbff93bbc.img,data\raw\eda.rambler.ru_media_recepty_chto-prigotovit-s-cheremshoy\eda.rambler.ru_media_recepty_chto-prigotovit-s-cheremshoy_cand_000005_6fbff93bbc.img,True,,True,1.0,1.0,GIF,P,43,1.0,1.0,,False,tiny_dimensions_le_5;very_small_dimensions_le_32;tiny_file_size;tracking_url_hint;ui_or_ads_keyword;analytics_url_hint;probable_tracking_pixel,"[""tiny_dimensions_le_5"", ""very_small_dimensions_le_32"", ""tiny_file_size"", ""very_small_file_size"", ""tracking_url_hint"", ""ui_or_ads_keyword"", ""analytics_url_hint"", ""probable_tracking_pixel"", ""ui_or_ads_keyword_soft""]",,0,False,False,,,False,
https://eda.rambler.ru/media/recepty/chto-prigotovit-s-cheremshoy,https://www.tns-counter.ru/V13a****rambler_ad/ru/UTF-8/tmsec=rambler_cid1100108-posid2155101/,src,,6,1,1,www.tns-counter.ru,,eda.rambler.ru_media_recepty_chto-prigotovit-s-cheremshoy_cand_000006,eda.rambler.ru_media_recepty_chto-prigotovit-s-cheremshoy,data\raw\eda.rambler.ru_media_recepty_chto-prigotovit-s-cheremshoy,eda.rambler.ru_media_recepty_chto-prigotovit-s-cheremshoy_cand_000006_76f3ac9a56.img,data\raw\eda.rambler.ru_media_recepty_chto-prigotovit-s-cheremshoy\eda.rambler.ru_media_recepty_chto-prigotovit-s-cheremshoy_cand_000006_76f3ac9a56.img,True,,True,1.0,1.0,GIF,P,43,1.0,1.0,,False,tiny_dimensions_le_5;very_small_dimensions_le_32;tiny_file_size;tracking_url_hint;ui_or_ads_keyword;analytics_url_hint;probable_tracking_pixel,"[""tiny_dimensions_le_5"", ""very_small_dimensions_le_32"", ""tiny_file_size"", ""very_small_file_size"", ""tracking_url_hint"", ""ui_or_ads_keyword"", ""analytics_url_hint"", ""probable_tracking_pixel"", ""ui_or_ads_keyword_soft""]",,0,False,False,,,False,
https://eda.rambler.ru/media/recepty/chto-prigotovit-s-cheremshoy,https://www.tns-counter.ru/V13a****rambler_ad/ru/UTF-8/tmsec=rambler_cid1100104-posid2155079/,src,,7,1,1,www.tns-counter.ru,,eda.rambler.ru_media_recepty_chto-prigotovit-s-cheremshoy_cand_000007,eda.rambler.ru_media_recepty_chto-prigotovit-s-cheremshoy,data\raw\eda.rambler.ru_media_recepty_chto-prigotovit-s-cheremshoy,eda.rambler.ru_media_recepty_chto-prigotovit-s-cheremshoy_cand_000007_52c27bfc5a.img,data\raw\eda.rambler.ru_media_recepty_chto-prigotovit-s-cheremshoy\eda.rambler.ru_media_recepty_chto-prigotovit-s-cheremshoy_cand_000007_52c27bfc5a.img,True,,True,1.0,1.0,GIF,P,43,1.0,1.0,,False,tiny_dimensions_le_5;very_small_dimensions_le_32;tiny_file_size;tracking_url_hint;ui_or_ads_keyword;analytics_url_hint;probable_tracking_pixel,"[""tiny_dimensions_le_5"", ""very_small_dimensions_le_32"", ""tiny_file_size"", ""very_small_file_size"", ""tracking_url_hint"", ""ui_or_ads_keyword"", ""analytics_url_hint"", ""probable_tracking_pixel"", ""ui_or_ads_keyword_soft""]",,0,False,False,,,False,
https://eda.rambler.ru/media/recepty/chto-prigotovit-s-cheremshoy,https://eda.rambler.ru/_next/static/images/rambler-favorites-bd704f5a077fe3675a33743723c233fc.svg,src,Иконка книги рецептов,8,,,eda.rambler.ru,rambler-favorites-bd704f5a077fe3675a33743723c233fc.svg,eda.rambler.ru_media_recepty_chto-prigotovit-s-cheremshoy_cand_000008,eda.rambler.ru_media_recepty_chto-prigotovit-s-cheremshoy,data\raw\eda.rambler.ru_media_recepty_chto-prigotovit-s-cheremshoy,eda.rambler.ru_media_recepty_chto-prigotovit-s-cheremshoy_cand_000008_ef4d0fa974.img,data\raw\eda.rambler.ru_media_recepty_chto-prigotovit-s-cheremshoy\eda.rambler.ru_media_recepty_chto-prigotovit-s-cheremshoy_cand_000008_ef4d0fa974.img,True,,False,,,,,11805,,,Cannot open image,False,invalid_image,"[""invalid_image""]",,0,False,False,,,False,
https://eda.rambler.ru/media/recepty/chto-prigotovit-s-cheremshoy,https://eda.rambler.ru/_next/static/images/rambler-recipes-a1c77bb63384486ec36eb950f2702009.svg,src,Иконка добавить рецепт,9,,,eda.rambler.ru,rambler-recipes-a1c77bb63384486ec36eb950f2702009.svg,eda.rambler.ru_media_recepty_chto-prigotovit-s-cheremshoy_cand_000009,eda.rambler.ru_media_recepty_chto-prigotovit-s-cheremshoy,data\raw\eda.rambler.ru_media_recepty_chto-prigotovit-s-cheremshoy,eda.rambler.ru_media_recepty_chto-prigotovit-s-cheremshoy_cand_000009_16d501c7ba.img,data\raw\eda.rambler.ru_media_recepty_chto-prigotovit-s-cheremshoy\eda.rambler.ru_media_recepty_chto-prigotovit-s-cheremshoy_cand_000009_16d501c7ba.img,True,,False,,,,,16151,,,Cannot open image,False,invalid_image,"[""invalid_image""]",,0,False,False,,,False,
https://eda.rambler.ru/media/recepty/chto-prigotovit-s-cheremshoy,https://eda.rambler.ru/images/Article/652x350/chto-prigotovit-s-cheremshoy.jpg,src,Что приготовить с черемшой фото,12,652,350,eda.rambler.ru,chto-prigotovit-s-cheremshoy.jpg,eda.rambler.ru_media_recepty_chto-prigotovit-s-cheremshoy_cand_000010,eda.rambler.ru_media_recepty_chto-prigotovit-s-cheremshoy,data\raw\eda.rambler.ru_media_recepty_chto-prigotovit-s-cheremshoy,eda.rambler.ru_media_recepty_chto-prigotovit-s-cheremshoy_cand_000010_b9e73e7618.jpg,data\raw\eda.rambler.ru_media_recepty_chto-prigotovit-s-cheremshoy\eda.rambler.ru_media_recepty_chto-prigotovit-s-cheremshoy_cand_000010_b9e73e7618.jpg,True,,True,652.0,350.0,JPEG,RGB,108015,228200.0,1.8628571428571428,,True,,[],0.9921458591527658,1,False,True,semantic:https://eda.rambler.ru/images/article/chto-prigotovit-s-cheremshoy,5,True,semantic_duplicate_removed
https://eda.rambler.ru/media/recepty/chto-prigotovit-s-cheremshoy,https://eda.rambler.ru/img/eda/620x-/s1.eda.ru/StaticContent/Photos/e/da/eda34df691454febbf4569a129098550.jpg,src,,13,,,eda.rambler.ru,eda34df691454febbf4569a129098550.jpg,eda.rambler.ru_media_recepty_chto-prigotovit-s-cheremshoy_cand_000011,eda.rambler.ru_media_recepty_chto-prigotovit-s-cheremshoy,data\raw\eda.rambler.ru_media_recepty_chto-prigotovit-s-cheremshoy,eda.rambler.ru_media_recepty_chto-prigotovit-s-cheremshoy_cand_000011_21f1f5b791.jpg,data\raw\eda.rambler.ru_media_recepty_chto-prigotovit-s-cheremshoy\eda.rambler.ru_media_recepty_chto-prigotovit-s-cheremshoy_cand_000011_21f1f5b791.jpg,True,,True,620.0,413.0,JPEG,RGB,44348,256060.0,1.5012106537530265,,True,,[],0.9999995561803221,1,True,True,semantic:https://eda.rambler.ru/img/eda/620x-/s1.eda.ru/staticcontent/photos/e/da/eda34df691454febbf4569a129098550,1,False,
https://eda.rambler.ru/media/recepty/chto-prigotovit-s-cheremshoy,https://eda.rambler.ru/images/RecipePhoto/285x285/salo-s-cheremshoy_188410_photo_196476.jpg,src,Сало с черемшой,14,285,285,eda.rambler.ru,salo-s-cheremshoy_188410_photo_196476.jpg,eda.rambler.ru_media_recepty_chto-prigotovit-s-cheremshoy_cand_000012,eda.rambler.ru_media_recepty_chto-prigotovit-s-cheremshoy,data\raw\eda.rambler.ru_media_recepty_chto-prigotovit-s-cheremshoy,eda.rambler.ru_media_recepty_chto-prigotovit-s-cheremshoy_cand_000012_bf1a763fe9.jpg,data\raw\eda.rambler.ru_media_recepty_chto-prigotovit-s-cheremshoy\eda.rambler.ru_media_recepty_chto-prigotovit-s-cheremshoy_cand_000012_bf1a763fe9.jpg,True,,True,285.0,285.0,JPEG,RGB,10996,81225.0,1.0,,True,,[],0.49897023187296236,1,True,True,semantic:https://eda.rambler.ru/images/recipephoto/salo-s-cheremshoy_188410_photo_196476,1,False,
https://eda.rambler.ru/media/recepty/chto-prigotovit-s-cheremshoy,https://eda.rambler.ru/img/eda/620x-/s1.eda.ru/StaticContent/Photos/f/65/f65047bb29114b26ada91768004b9823.jpg,src,,15,,,eda.rambler.ru,f65047bb29114b26ada91768004b9823.jpg,eda.rambler.ru_media_recepty_chto-prigotovit-s-cheremshoy_cand_000013,eda.rambler.ru_media_recepty_chto-prigotovit-s-cheremshoy,data\raw\eda.rambler.ru_media_recepty_chto-prigotovit-s-cheremshoy,eda.rambler.ru_media_recepty_chto-prigotovit-s-cheremshoy_cand_000013_f65ffdcefe.jpg,data\raw\eda.rambler.ru_media_recepty_chto-prigotovit-s-cheremshoy\eda.rambler.ru_media_recepty_chto-prigotovit-s-cheremshoy_cand_000013_f65ffdcefe.jpg,True,,True,620.0,413.0,JPEG,RGB,58001,256060.0,1.5012106537530265,,True,,[],0.9999995657009394,1,True,True,semantic:https://eda.rambler.ru/img/eda/620x-/s1.eda.ru/staticcontent/photos/f/65/f65047bb29114b26ada91768004b9823,1,False,
https://eda.rambler.ru/media/recepty/chto-prigotovit-s-cheremshoy,https://eda.rambler.ru/images/RecipePhoto/285x285/pirog-s-cheremshoy_188411_photo_196475.jpg,src,Пирог с черемшой,16,285,285,eda.rambler.ru,pirog-s-cheremshoy_188411_photo_196475.jpg,eda.rambler.ru_media_recepty_chto-prigotovit-s-cheremshoy_cand_000014,eda.rambler.ru_media_recepty_chto-prigotovit-s-cheremshoy,data\raw\eda.rambler.ru_media_recepty_chto-prigotovit-s-cheremshoy,eda.rambler.ru_media_recepty_chto-prigotovit-s-cheremshoy_cand_000014_165245717d.jpg,data\raw\eda.rambler.ru_media_recepty_chto-prigotovit-s-cheremshoy\eda.rambler.ru_media_recepty_chto-prigotovit-s-cheremshoy_cand_000014_165245717d.jpg,True,,True,285.0,285.0,JPEG,RGB,15972,81225.0,1.0,,True,,[],0.5026644711845902,1,True,True,semantic:https://eda.rambler.ru/images/recipephoto/pirog-s-cheremshoy_188411_photo_196475,1,False,
https://eda.rambler.ru/media/recepty/chto-prigotovit-s-cheremshoy,https://eda.rambler.ru/img/eda/620x-/s1.eda.ru/StaticContent/Photos/8/e0/8e0843bd5510449d9fcbc69d76c195e0.jpg,src,,17,,,eda.rambler.ru,8e0843bd5510449d9fcbc69d76c195e0.jpg,eda.rambler.ru_media_recepty_chto-prigotovit-s-cheremshoy_cand_000015,eda.rambler.ru_media_recepty_chto-prigotovit-s-cheremshoy,data\raw\eda.rambler.ru_media_recepty_chto-prigotovit-s-cheremshoy,eda.rambler.ru_media_recepty_chto-prigotovit-s-cheremshoy_cand_000015_21a53483a1.jpg,data\raw\eda.rambler.ru_media_recepty_chto-prigotovit-s-cheremshoy\eda.rambler.ru_media_recepty_chto-prigotovit-s-cheremshoy_cand_000015_21a53483a1.jpg,True,,True,620.0,413.0,JPEG,RGB,54400,256060.0,1.5012106537530265,,True,,[],0.9999995632098726,1,True,True,semantic:https://eda.rambler.ru/img/eda/620x-/s1.eda.ru/staticcontent/photos/8/e0/8e0843bd5510449d9fcbc69d76c195e0,1,False,
https://eda.rambler.ru/media/recepty/chto-prigotovit-s-cheremshoy,https://eda.rambler.ru/images/RecipePhoto/285x285/sup-s-cheremshoy_188412_photo_196474.jpg,src,Суп с черемшой,18,285,285,eda.rambler.ru,sup-s-cheremshoy_188412_photo_196474.jpg,eda.rambler.ru_media_recepty_chto-prigotovit-s-cheremshoy_cand_000016,eda.rambler.ru_media_recepty_chto-prigotovit-s-cheremshoy,data\raw\eda.rambler.ru_media_recepty_chto-prigotovit-s-cheremshoy,eda.rambler.ru_media_recepty_chto-prigotovit-s-cheremshoy_cand_000016_0cbf7777ca.jpg,data\raw\eda.rambler.ru_media_recepty_chto-prigotovit-s-cheremshoy\eda.rambler.ru_media_recepty_chto-prigotovit-s-cheremshoy_cand_000016_0cbf7777ca.jpg,True,,True,285.0,285.0,JPEG,RGB,16566,81225.0,1.0,,True,,[],0.4994635025209125,1,True,True,semantic:https://eda.rambler.ru/images/recipephoto/sup-s-cheremshoy_188412_photo_196474,1,False,
https://eda.rambler.ru/media/recepty/chto-prigotovit-s-cheremshoy,https://eda.rambler.ru/img/eda/620x-/s1.eda.ru/StaticContent/Photos/8/a2/8a28cdb1dc2d4c51bf50d59e1ddeac1b.jpg,src,,19,,,eda.rambler.ru,8a28cdb1dc2d4c51bf50d59e1ddeac1b.jpg,eda.rambler.ru_media_recepty_chto-prigotovit-s-cheremshoy_cand_000017,eda.rambler.ru_media_recepty_chto-prigotovit-s-cheremshoy,data\raw\eda.rambler.ru_media_recepty_chto-prigotovit-s-cheremshoy,eda.rambler.ru_media_recepty_chto-prigotovit-s-cheremshoy_cand_000017_ad0f36b1b9.jpg,data\raw\eda.rambler.ru_media_recepty_chto-prigotovit-s-cheremshoy\eda.rambler.ru_media_recepty_chto-prigotovit-s-cheremshoy_cand_000017_ad0f36b1b9.jpg,True,,True,620.0,413.0,JPEG,RGB,46787,256060.0,1.5012106537530265,,True,,[],0.9999995578962865,1,True,True,semantic:https://eda.rambler.ru/img/eda/620x-/s1.eda.ru/staticcontent/photos/8/a2/8a28cdb1dc2d4c51bf50d59e1ddeac1b,1,False,
https://eda.rambler.ru/media/recepty/chto-prigotovit-s-cheremshoy,https://eda.rambler.ru/images/RecipePhoto/285x285/galushki-s-cheremshoy_188436_photo_196503.jpg,src,Галушки с черемшой,20,285,285,eda.rambler.ru,galushki-s-cheremshoy_188436_photo_196503.jpg,eda.rambler.ru_media_recepty_chto-prigotovit-s-cheremshoy_cand_000018,eda.rambler.ru_media_recepty_chto-prigotovit-s-cheremshoy,data\raw\eda.rambler.ru_media_recepty_chto-prigotovit-s-cheremshoy,eda.rambler.ru_media_recepty_chto-prigotovit-s-cheremshoy_cand_000018_f97c405b4a.jpg,data\raw\eda.rambler.ru_media_recepty_chto-prigotovit-s-cheremshoy\eda.rambler.ru_media_recepty_chto-prigotovit-s-cheremshoy_cand_000018_f97c405b4a.jpg,True,,True,285.0,285.0,JPEG,RGB,14115,81225.0,1.0,,True,,[],0.5070819408341111,1,True,True,semantic:https://eda.rambler.ru/images/recipephoto/galushki-s-cheremshoy_188436_photo_196503,1,False,
https://eda.rambler.ru/media/recepty/chto-prigotovit-s-cheremshoy,https://eda.rambler.ru/img/eda/620x-/s1.eda.ru/StaticContent/Photos/7/d8/7d87662ee69449ac8ede3f62490328b4.jpg,src,,21,,,eda.rambler.ru,7d87662ee69449ac8ede3f62490328b4.jpg,eda.rambler.ru_media_recepty_chto-prigotovit-s-cheremshoy_cand_000019,eda.rambler.ru_media_recepty_chto-prigotovit-s-cheremshoy,data\raw\eda.rambler.ru_media_recepty_chto-prigotovit-s-cheremshoy,eda.rambler.ru_media_recepty_chto-prigotovit-s-cheremshoy_cand_000019_4eb38e6dc7.jpg,data\raw\eda.rambler.ru_media_recepty_chto-prigotovit-s-cheremshoy\eda.rambler.ru_media_recepty_chto-prigotovit-s-cheremshoy_cand_000019_4eb38e6dc7.jpg,True,,True,620.0,413.0,JPEG,RGB,68315,256060.0,1.5012106537530265,,True,,[],0.9999995727575219,1,True,True,semantic:https://eda.rambler.ru/img/eda/620x-/s1.eda.ru/staticcontent/photos/7/d8/7d87662ee69449ac8ede3f62490328b4,1,False,
https://eda.rambler.ru/media/recepty/chto-prigotovit-s-cheremshoy,https://eda.rambler.ru/images/RecipePhoto/285x285/pirozhki-s-cheremshoy_188437_photo_196502.jpg,src,Пирожки с черемшой,22,285,285,eda.rambler.ru,pirozhki-s-cheremshoy_188437_photo_196502.jpg,eda.rambler.ru_media_recepty_chto-prigotovit-s-cheremshoy_cand_000020,eda.rambler.ru_media_recepty_chto-prigotovit-s-cheremshoy,data\raw\eda.rambler.ru_media_recepty_chto-prigotovit-s-cheremshoy,eda.rambler.ru_media_recepty_chto-prigotovit-s-cheremshoy_cand_000020_069fbf8c43.jpg,data\raw\eda.rambler.ru_media_recepty_chto-prigotovit-s-cheremshoy\eda.rambler.ru_media_recepty_chto-prigotovit-s-cheremshoy_cand_000020_069fbf8c43.jpg,True,,True,285.0,285.0,JPEG,RGB,18651,81225.0,1.0,,True,,[],0.5088826055598732,1,True,True,semantic:https://eda.rambler.ru/images/recipephoto/pirozhki-s-cheremshoy_188437_photo_196502,1,False,
https://eda.rambler.ru/media/recepty/chto-prigotovit-s-cheremshoy,https://eda.rambler.ru/img/eda/620x-/s1.eda.ru/StaticContent/Photos/a/25/a25a4ecedf6e49edba1da3f8046667ce.jpg,src,,23,,,eda.rambler.ru,a25a4ecedf6e49edba1da3f8046667ce.jpg,eda.rambler.ru_media_recepty_chto-prigotovit-s-cheremshoy_cand_000021,eda.rambler.ru_media_recepty_chto-prigotovit-s-cheremshoy,data\raw\eda.rambler.ru_media_recepty_chto-prigotovit-s-cheremshoy,eda.rambler.ru_media_recepty_chto-prigotovit-s-cheremshoy_cand_000021_22828a6f9e.jpg,data\raw\eda.rambler.ru_media_recepty_chto-prigotovit-s-cheremshoy\eda.rambler.ru_media_recepty_chto-prigotovit-s-cheremshoy_cand_000021_22828a6f9e.jpg,True,,True,620.0,413.0,JPEG,RGB,47991,256060.0,1.5012106537530265,,True,,[],0.9999995587409158,1,True,True,semantic:https://eda.rambler.ru/img/eda/620x-/s1.eda.ru/staticcontent/photos/a/25/a25a4ecedf6e49edba1da3f8046667ce,1,False,
https://eda.rambler.ru/media/recepty/chto-prigotovit-s-cheremshoy,https://eda.rambler.ru/images/RecipePhoto/285x285/pesto-iz-cheremshi_176193_photo_183827.jpg,src,Песто из черемши,24,285,285,eda.rambler.ru,pesto-iz-cheremshi_176193_photo_183827.jpg,eda.rambler.ru_media_recepty_chto-prigotovit-s-cheremshoy_cand_000022,eda.rambler.ru_media_recepty_chto-prigotovit-s-cheremshoy,data\raw\eda.rambler.ru_media_recepty_chto-prigotovit-s-cheremshoy,eda.rambler.ru_media_recepty_chto-prigotovit-s-cheremshoy_cand_000022_b61e307b00.jpg,data\raw\eda.rambler.ru_media_recepty_chto-prigotovit-s-cheremshoy\eda.rambler.ru_media_recepty_chto-prigotovit-s-cheremshoy_cand_000022_b61e307b00.jpg,True,,True,285.0,285.0,JPEG,RGB,15590,81225.0,1.0,,True,,[],0.5025127931470432,1,True,True,semantic:https://eda.rambler.ru/images/recipephoto/pesto-iz-cheremshi_176193_photo_183827,1,False,
https://eda.rambler.ru/media/recepty/chto-prigotovit-s-cheremshoy,https://eda.rambler.ru/img/eda/620x-/s1.eda.ru/StaticContent/Photos/b/f0/bf039102c6f349819f1dc996341d808c.jpg,src,,25,,,eda.rambler.ru,bf039102c6f349819f1dc996341d808c.jpg,eda.rambler.ru_media_recepty_chto-prigotovit-s-cheremshoy_cand_000023,eda.rambler.ru_media_recepty_chto-prigotovit-s-cheremshoy,data\raw\eda.rambler.ru_media_recepty_chto-prigotovit-s-cheremshoy,eda.rambler.ru_media_recepty_chto-prigotovit-s-cheremshoy_cand_000023_999f82b233.jpg,data\raw\eda.rambler.ru_media_recepty_chto-prigotovit-s-cheremshoy\eda.rambler.ru_media_recepty_chto-prigotovit-s-cheremshoy_cand_000023_999f82b233.jpg,True,,True,620.0,413.0,JPEG,RGB,63301,256060.0,1.5012106537530265,,True,,[],0.9999995693415052,1,True,True,semantic:https://eda.rambler.ru/img/eda/620x-/s1.eda.ru/staticcontent/photos/b/f0/bf039102c6f349819f1dc996341d808c,1,False,
https://eda.rambler.ru/media/recepty/chto-prigotovit-s-cheremshoy,https://eda.rambler.ru/images/RecipePhoto/285x285/salat-s-cheremshoy_176195_photo_183825.jpg,src,Салат с черемшой,26,285,285,eda.rambler.ru,salat-s-cheremshoy_176195_photo_183825.jpg,eda.rambler.ru_media_recepty_chto-prigotovit-s-cheremshoy_cand_000024,eda.rambler.ru_media_recepty_chto-prigotovit-s-cheremshoy,data\raw\eda.rambler.ru_media_recepty_chto-prigotovit-s-cheremshoy,eda.rambler.ru_media_recepty_chto-prigotovit-s-cheremshoy_cand_000024_4afec5444e.jpg,data\raw\eda.rambler.ru_media_recepty_chto-prigotovit-s-cheremshoy\eda.rambler.ru_media_recepty_chto-prigotovit-s-cheremshoy_cand_000024_4afec5444e.jpg,True,,True,285.0,285.0,JPEG,RGB,21180,81225.0,1.0,,True,,[],0.5047323142550063,1,True,True,semantic:https://eda.rambler.ru/images/recipephoto/salat-s-cheremshoy_176195_photo_183825,1,False,
https://eda.rambler.ru/media/recepty/chto-prigotovit-s-cheremshoy,https://eda.rambler.ru/images/Article/320x320/kak-prigotovit-rostbif-na-mangale_square.jpg,src,,27,320,320,eda.rambler.ru,kak-prigotovit-rostbif-na-mangale_square.jpg,eda.rambler.ru_media_recepty_chto-prigotovit-s-cheremshoy_cand_000025,eda.rambler.ru_media_recepty_chto-prigotovit-s-cheremshoy,data\raw\eda.rambler.ru_media_recepty_chto-prigotovit-s-cheremshoy,eda.rambler.ru_media_recepty_chto-prigotovit-s-cheremshoy_cand_000025_e3550db137.jpg,data\raw\eda.rambler.ru_media_recepty_chto-prigotovit-s-cheremshoy\eda.rambler.ru_media_recepty_chto-prigotovit-s-cheremshoy_cand_000025_e3550db137.jpg,True,,True,320.0,320.0,JPEG,RGB,43576,102400.0,1.0,,True,,[],0.5062630631309696,1,True,True,semantic:https://eda.rambler.ru/images/article/kak-prigotovit-rostbif-na-mangale_square,1,False,
https://eda.rambler.ru/media/recepty/chto-prigotovit-s-cheremshoy,https://eda.rambler.ru/images/Article/320x320/kak-zamarinovat-kurinyy-shashlyk_square.jpg,src,,28,320,320,eda.rambler.ru,kak-zamarinovat-kurinyy-shashlyk_square.jpg,eda.rambler.ru_media_recepty_chto-prigotovit-s-cheremshoy_cand_000026,eda.rambler.ru_media_recepty_chto-prigotovit-s-cheremshoy,data\raw\eda.rambler.ru_media_recepty_chto-prigotovit-s-cheremshoy,eda.rambler.ru_media_recepty_chto-prigotovit-s-cheremshoy_cand_000026_9b050a2103.jpg,data\raw\eda.rambler.ru_media_recepty_chto-prigotovit-s-cheremshoy\eda.rambler.ru_media_recepty_chto-prigotovit-s-cheremshoy_cand_000026_9b050a2103.jpg,True,,True,320.0,320.0,JPEG,RGB,64134,102400.0,1.0,,True,,[],0.5127052656835598,1,True,True,semantic:https://eda.rambler.ru/images/article/kak-zamarinovat-kurinyy-shashlyk_square,1,False,
https://eda.rambler.ru/media/recepty/chto-prigotovit-s-cheremshoy,https://eda.rambler.ru/images/Article/320x320/kakie-produkty-gotovit-v-mae_square.jpg,src,,29,320,320,eda.rambler.ru,kakie-produkty-gotovit-v-mae_square.jpg,eda.rambler.ru_media_recepty_chto-prigotovit-s-cheremshoy_cand_000027,eda.rambler.ru_media_recepty_chto-prigotovit-s-cheremshoy,data\raw\eda.rambler.ru_media_recepty_chto-prigotovit-s-cheremshoy,eda.rambler.ru_media_recepty_chto-prigotovit-s-cheremshoy_cand_000027_6bbac46cf5.jpg,data\raw\eda.rambler.ru_media_recepty_chto-prigotovit-s-cheremshoy\eda.rambler.ru_media_recepty_chto-prigotovit-s-cheremshoy_cand_000027_6bbac46cf5.jpg,True,,True,320.0,320.0,JPEG,RGB,31005,102400.0,1.0,,True,,[],0.49268016237134427,1,True,True,semantic:https://eda.rambler.ru/images/article/kakie-produkty-gotovit-v-mae_square,1,False,
https://eda.rambler.ru/media/recepty/chto-prigotovit-s-cheremshoy,https://eda.rambler.ru/images/Article/320x320/prostye-i-bystrye-marinady-dlya-ryby-na-mangale_square.jpg,src,,30,320,320,eda.rambler.ru,prostye-i-bystrye-marinady-dlya-ryby-na-mangale_square.jpg,eda.rambler.ru_media_recepty_chto-prigotovit-s-cheremshoy_cand_000028,eda.rambler.ru_media_recepty_chto-prigotovit-s-cheremshoy,data\raw\eda.rambler.ru_media_recepty_chto-prigotovit-s-cheremshoy,eda.rambler.ru_media_recepty_chto-prigotovit-s-cheremshoy_cand_000028_8a281076c6.jpg,data\raw\eda.rambler.ru_media_recepty_chto-prigotovit-s-cheremshoy\eda.rambler.ru_media_recepty_chto-prigotovit-s-cheremshoy_cand_000028_8a281076c6.jpg,True,,True,320.0,320.0,JPEG,RGB,64243,102400.0,1.0,,True,,[],0.5384516282662182,1,True,True,semantic:https://eda.rambler.ru/images/article/prostye-i-bystrye-marinady-dlya-ryby-na-mangale_square,1,False,
https://eda.rambler.ru/media/recepty/chto-prigotovit-s-cheremshoy,https://eda.rambler.ru/images/Article/320x320/kakie-ugli-vybrat-dlya-mangala_square.jpg,src,,31,320,320,eda.rambler.ru,kakie-ugli-vybrat-dlya-mangala_square.jpg,eda.rambler.ru_media_recepty_chto-prigotovit-s-cheremshoy_cand_000029,eda.rambler.ru_media_recepty_chto-prigotovit-s-cheremshoy,data\raw\eda.rambler.ru_media_recepty_chto-prigotovit-s-cheremshoy,eda.rambler.ru_media_recepty_chto-prigotovit-s-cheremshoy_cand_000029_97f70e14cd.jpg,data\raw\eda.rambler.ru_media_recepty_chto-prigotovit-s-cheremshoy\eda.rambler.ru_media_recepty_chto-prigotovit-s-cheremshoy_cand_000029_97f70e14cd.jpg,True,,True,320.0,320.0,JPEG,RGB,49392,102400.0,1.0,,True,,[],0.5034174337144518,1,True,True,semantic:https://eda.rambler.ru/images/article/kakie-ugli-vybrat-dlya-mangala_square,1,False,
https://eda.rambler.ru/media/recepty/chto-prigotovit-s-cheremshoy,https://eda.rambler.ru/images/Article/320x320/7-marinadov-dlya-shashlyka-iz-svininy_square.jpg,src,,32,320,320,eda.rambler.ru,7-marinadov-dlya-shashlyka-iz-svininy_square.jpg,eda.rambler.ru_media_recepty_chto-prigotovit-s-cheremshoy_cand_000030,eda.rambler.ru_media_recepty_chto-prigotovit-s-cheremshoy,data\raw\eda.rambler.ru_media_recepty_chto-prigotovit-s-cheremshoy,eda.rambler.ru_media_recepty_chto-prigotovit-s-cheremshoy_cand_000030_84378e4cdb.jpg,data\raw\eda.rambler.ru_media_recepty_chto-prigotovit-s-cheremshoy\eda.rambler.ru_media_recepty_chto-prigotovit-s-cheremshoy_cand_000030_84378e4cdb.jpg,True,,True,320.0,320.0,JPEG,RGB,58567,102400.0,1.0,,True,,[],0.5190803622595551,1,True,True,semantic:https://eda.rambler.ru/images/article/7-marinadov-dlya-shashlyka-iz-svininy_square,1,False,
https://eda.rambler.ru/media/recepty/chto-prigotovit-s-cheremshoy,https://eda.rambler.ru/images/Article/320x320/koryushka_square.jpg,src,,33,320,320,eda.rambler.ru,koryushka_square.jpg,eda.rambler.ru_media_recepty_chto-prigotovit-s-cheremshoy_cand_000031,eda.rambler.ru_media_recepty_chto-prigotovit-s-cheremshoy,data\raw\eda.rambler.ru_media_recepty_chto-prigotovit-s-cheremshoy,eda.rambler.ru_media_recepty_chto-prigotovit-s-cheremshoy_cand_000031_2925571692.jpg,data\raw\eda.rambler.ru_media_recepty_chto-prigotovit-s-cheremshoy\eda.rambler.ru_media_recepty_chto-prigotovit-s-cheremshoy_cand_000031_2925571692.jpg,True,,True,320.0,320.0,JPEG,RGB,66342,102400.0,1.0,,True,,[],0.4740841435036256,0,False,False,,,False,
https://eda.rambler.ru/media/recepty/chto-prigotovit-s-cheremshoy,https://eda.rambler.ru/images/Article/320x320/kak-razzhech-mangal_square.jpg,src,,34,320,320,eda.rambler.ru,kak-razzhech-mangal_square.jpg,eda.rambler.ru_media_recepty_chto-prigotovit-s-cheremshoy_cand_000032,eda.rambler.ru_media_recepty_chto-prigotovit-s-cheremshoy,data\raw\eda.rambler.ru_media_recepty_chto-prigotovit-s-cheremshoy,eda.rambler.ru_media_recepty_chto-prigotovit-s-cheremshoy_cand_000032_a715bcec4d.jpg,data\raw\eda.rambler.ru_media_recepty_chto-prigotovit-s-cheremshoy\eda.rambler.ru_media_recepty_chto-prigotovit-s-cheremshoy_cand_000032_a715bcec4d.jpg,True,,True,320.0,320.0,JPEG,RGB,55239,102400.0,1.0,,True,,[],0.4868395096767283,0,False,False,,,False,
https://eda.rambler.ru/media/recepty/chto-prigotovit-s-cheremshoy,https://eda.rambler.ru/images/Article/320x320/kak-dobitsya-ot-obychnoy-plity-effekta-mangala_square.jpg,src,,35,320,320,eda.rambler.ru,kak-dobitsya-ot-obychnoy-plity-effekta-mangala_square.jpg,eda.rambler.ru_media_recepty_chto-prigotovit-s-cheremshoy_cand_000033,eda.rambler.ru_media_recepty_chto-prigotovit-s-cheremshoy,data\raw\eda.rambler.ru_media_recepty_chto-prigotovit-s-cheremshoy,eda.rambler.ru_media_recepty_chto-prigotovit-s-cheremshoy_cand_000033_360a347767.jpg,data\raw\eda.rambler.ru_media_recepty_chto-prigotovit-s-cheremshoy\eda.rambler.ru_media_recepty_chto-prigotovit-s-cheremshoy_cand_000033_360a347767.jpg,True,,True,320.0,320.0,JPEG,RGB,62669,102400.0,1.0,,True,,[],0.5361212429378901,1,True,True,semantic:https://eda.rambler.ru/images/article/kak-dobitsya-ot-obychnoy-plity-effekta-mangala_square,1,False,
https://eda.rambler.ru/media/recepty/chto-prigotovit-s-cheremshoy,https://eda.rambler.ru/images/Article/320x320/sem-receptov-so-sparzhey_square.jpg,src,,36,320,320,eda.rambler.ru,sem-receptov-so-sparzhey_square.jpg,eda.rambler.ru_media_recepty_chto-prigotovit-s-cheremshoy_cand_000034,eda.rambler.ru_media_recepty_chto-prigotovit-s-cheremshoy,data\raw\eda.rambler.ru_media_recepty_chto-prigotovit-s-cheremshoy,eda.rambler.ru_media_recepty_chto-prigotovit-s-cheremshoy_cand_000034_903ce96ed4.jpg,data\raw\eda.rambler.ru_media_recepty_chto-prigotovit-s-cheremshoy\eda.rambler.ru_media_recepty_chto-prigotovit-s-cheremshoy_cand_000034_903ce96ed4.jpg,True,,True,320.0,320.0,JPEG,RGB,57578,102400.0,1.0,,True,,[],0.4963574282535334,1,True,True,semantic:https://eda.rambler.ru/images/article/sem-receptov-so-sparzhey_square,1,False,
https://eda.rambler.ru/media/recepty/chto-prigotovit-s-cheremshoy,https://eda.rambler.ru/images/Article/320x320/reven_square.jpg,src,,37,320,320,eda.rambler.ru,reven_square.jpg,eda.rambler.ru_media_recepty_chto-prigotovit-s-cheremshoy_cand_000035,eda.rambler.ru_media_recepty_chto-prigotovit-s-cheremshoy,data\raw\eda.rambler.ru_media_recepty_chto-prigotovit-s-cheremshoy,eda.rambler.ru_media_recepty_chto-prigotovit-s-cheremshoy_cand_000035_20b3dc41df.jpg,data\raw\eda.rambler.ru_media_recepty_chto-prigotovit-s-cheremshoy\eda.rambler.ru_media_recepty_chto-prigotovit-s-cheremshoy_cand_000035_20b3dc41df.jpg,True,,True,320.0,320.0,JPEG,RGB,33246,102400.0,1.0,,True,,[],0.45417459932765075,0,False,False,,,False,
https://eda.rambler.ru/media/recepty/chto-prigotovit-s-cheremshoy,https://eda.rambler.ru/images/Article/320x320/syrniki-iz-tvoroga-pyshnye-bez-muki-v-duhovke_square.jpg,src,,38,320,320,eda.rambler.ru,syrniki-iz-tvoroga-pyshnye-bez-muki-v-duhovke_square.jpg,eda.rambler.ru_media_recepty_chto-prigotovit-s-cheremshoy_cand_000036,eda.rambler.ru_media_recepty_chto-prigotovit-s-cheremshoy,data\raw\eda.rambler.ru_media_recepty_chto-prigotovit-s-cheremshoy,eda.rambler.ru_media_recepty_chto-prigotovit-s-cheremshoy_cand_000036_aedc95a0fc.jpg,data\raw\eda.rambler.ru_media_recepty_chto-prigotovit-s-cheremshoy\eda.rambler.ru_media_recepty_chto-prigotovit-s-cheremshoy_cand_000036_aedc95a0fc.jpg,True,,True,320.0,320.0,JPEG,RGB,44091,102400.0,1.0,,True,,[],0.5270625450241876,1,True,True,semantic:https://eda.rambler.ru/images/article/syrniki-iz-tvoroga-pyshnye-bez-muki-v-duhovke_square,1,False,
https://eda.rambler.ru/media/recepty/chto-prigotovit-s-cheremshoy,https://eda.rambler.ru/images/Article/320x320/shashlyk-iz-indeyki-legkaya-alternativa-svinine_square.jpg,src,,39,320,320,eda.rambler.ru,shashlyk-iz-indeyki-legkaya-alternativa-svinine_square.jpg,eda.rambler.ru_media_recepty_chto-prigotovit-s-cheremshoy_cand_000037,eda.rambler.ru_media_recepty_chto-prigotovit-s-cheremshoy,data\raw\eda.rambler.ru_media_recepty_chto-prigotovit-s-cheremshoy,eda.rambler.ru_media_recepty_chto-prigotovit-s-cheremshoy_cand_000037_3f4c2af5c5.jpg,data\raw\eda.rambler.ru_media_recepty_chto-prigotovit-s-cheremshoy\eda.rambler.ru_media_recepty_chto-prigotovit-s-cheremshoy_cand_000037_3f4c2af5c5.jpg,True,,True,320.0,320.0,JPEG,RGB,41189,102400.0,1.0,,True,,[],0.5293398216458962,1,True,True,semantic:https://eda.rambler.ru/images/article/shashlyk-iz-indeyki-legkaya-alternativa-svinine_square,1,False,
https://eda.rambler.ru/media/recepty/chto-prigotovit-s-cheremshoy,https://eda.rambler.ru/images/Article/320x320/panini-s-mocarelloy-i-pesto-italyanskiy-perekus_square.jpg,src,,40,320,320,eda.rambler.ru,panini-s-mocarelloy-i-pesto-italyanskiy-perekus_square.jpg,eda.rambler.ru_media_recepty_chto-prigotovit-s-cheremshoy_cand_000038,eda.rambler.ru_media_recepty_chto-prigotovit-s-cheremshoy,data\raw\eda.rambler.ru_media_recepty_chto-prigotovit-s-cheremshoy,eda.rambler.ru_media_recepty_chto-prigotovit-s-cheremshoy_cand_000038_05b4cb0e42.jpg,data\raw\eda.rambler.ru_media_recepty_chto-prigotovit-s-cheremshoy\eda.rambler.ru_media_recepty_chto-prigotovit-s-cheremshoy_cand_000038_05b4cb0e42.jpg,True,,True,320.0,320.0,JPEG,RGB,32962,102400.0,1.0,,True,,[],0.5260831434759048,1,True,True,semantic:https://eda.rambler.ru/images/article/panini-s-mocarelloy-i-pesto-italyanskiy-perekus_square,1,False,
https://eda.rambler.ru/media/recepty/chto-prigotovit-s-cheremshoy,https://eda.rambler.ru/images/Article/320x320/sharlotka-s-yablokami-bystrye-recepty_square.jpg,src,,41,320,320,eda.rambler.ru,sharlotka-s-yablokami-bystrye-recepty_square.jpg,eda.rambler.ru_media_recepty_chto-prigotovit-s-cheremshoy_cand_000039,eda.rambler.ru_media_recepty_chto-prigotovit-s-cheremshoy,data\raw\eda.rambler.ru_media_recepty_chto-prigotovit-s-cheremshoy,eda.rambler.ru_media_recepty_chto-prigotovit-s-cheremshoy_cand_000039_ff5ee21d28.jpg,data\raw\eda.rambler.ru_media_recepty_chto-prigotovit-s-cheremshoy\eda.rambler.ru_media_recepty_chto-prigotovit-s-cheremshoy_cand_000039_ff5ee21d28.jpg,True,,True,320.0,320.0,JPEG,RGB,24363,102400.0,1.0,,True,,[],0.5055079049729582,1,True,True,semantic:https://eda.rambler.ru/images/article/sharlotka-s-yablokami-bystrye-recepty_square,1,False,
https://eda.rambler.ru/media/recepty/chto-prigotovit-s-cheremshoy,https://eda.rambler.ru/images/Article/320x320/varene-iz-klubniki-klassika-i-pyatiminutka_square.jpg,src,,42,320,320,eda.rambler.ru,varene-iz-klubniki-klassika-i-pyatiminutka_square.jpg,eda.rambler.ru_media_recepty_chto-prigotovit-s-cheremshoy_cand_000040,eda.rambler.ru_media_recepty_chto-prigotovit-s-cheremshoy,data\raw\eda.rambler.ru_media_recepty_chto-prigotovit-s-cheremshoy,eda.rambler.ru_media_recepty_chto-prigotovit-s-cheremshoy_cand_000040_25892bb231.jpg,data\raw\eda.rambler.ru_media_recepty_chto-prigotovit-s-cheremshoy\eda.rambler.ru_media_recepty_chto-prigotovit-s-cheremshoy_cand_000040_25892bb231.jpg,True,,True,320.0,320.0,JPEG,RGB,43446,102400.0,1.0,,True,,[],0.5216640501264334,1,True,True,semantic:https://eda.rambler.ru/images/article/varene-iz-klubniki-klassika-i-pyatiminutka_square,1,False,
https://eda.rambler.ru/media/recepty/chto-prigotovit-s-cheremshoy,https://eda.rambler.ru/images/Article/320x320/fokachcha-s-rozmarinom-italyanskiy-hleb-za-chas_square.jpg,src,,43,320,320,eda.rambler.ru,fokachcha-s-rozmarinom-italyanskiy-hleb-za-chas_square.jpg,eda.rambler.ru_media_recepty_chto-prigotovit-s-cheremshoy_cand_000041,eda.rambler.ru_media_recepty_chto-prigotovit-s-cheremshoy,data\raw\eda.rambler.ru_media_recepty_chto-prigotovit-s-cheremshoy,eda.rambler.ru_media_recepty_chto-prigotovit-s-cheremshoy_cand_000041_8989ec222a.jpg,data\raw\eda.rambler.ru_media_recepty_chto-prigotovit-s-cheremshoy\eda.rambler.ru_media_recepty_chto-prigotovit-s-cheremshoy_cand_000041_8989ec222a.jpg,True,,True,320.0,320.0,JPEG,RGB,38010,102400.0,1.0,,True,,[],0.5280816875189528,1,True,True,semantic:https://eda.rambler.ru/images/article/fokachcha-s-rozmarinom-italyanskiy-hleb-za-chas_square,1,False,
https://eda.rambler.ru/media/recepty/chto-prigotovit-s-cheremshoy,https://eda.rambler.ru/images/Article/652x350/chto-prigotovit-s-cheremshoy.webp,source:srcset,,0,,,eda.rambler.ru,chto-prigotovit-s-cheremshoy.webp,eda.rambler.ru_media_recepty_chto-prigotovit-s-cheremshoy_cand_000042,eda.rambler.ru_media_recepty_chto-prigotovit-s-cheremshoy,data\raw\eda.rambler.ru_media_recepty_chto-prigotovit-s-cheremshoy,eda.rambler.ru_media_recepty_chto-prigotovit-s-cheremshoy_cand_000042_2c4aa6c4e1.webp,data\raw\eda.rambler.ru_media_recepty_chto-prigotovit-s-cheremshoy\eda.rambler.ru_media_recepty_chto-prigotovit-s-cheremshoy_cand_000042_2c4aa6c4e1.webp,True,,True,652.0,350.0,WEBP,RGB,54100,228200.0,1.8628571428571428,,True,,[],0.9910507538322428,1,False,True,semantic:https://eda.rambler.ru/images/article/chto-prigotovit-s-cheremshoy,6,True,semantic_duplicate_removed
https://eda.rambler.ru/media/recepty/chto-prigotovit-s-cheremshoy,https://eda.rambler.ru/images/Article/1000x536/chto-prigotovit-s-cheremshoy.webp,source:srcset,,0,,,eda.rambler.ru,chto-prigotovit-s-cheremshoy.webp,eda.rambler.ru_media_recepty_chto-prigotovit-s-cheremshoy_cand_000043,eda.rambler.ru_media_recepty_chto-prigotovit-s-cheremshoy,data\raw\eda.rambler.ru_media_recepty_chto-prigotovit-s-cheremshoy,eda.rambler.ru_media_recepty_chto-prigotovit-s-cheremshoy_cand_000043_b2a4bf9d10.webp,data\raw\eda.rambler.ru_media_recepty_chto-prigotovit-s-cheremshoy\eda.rambler.ru_media_recepty_chto-prigotovit-s-cheremshoy_cand_000043_b2a4bf9d10.webp,True,,True,1000.0,536.0,WEBP,RGB,110660,536000.0,1.8656716417910448,,True,,[],0.9922765230080209,1,False,True,semantic:https://eda.rambler.ru/images/article/chto-prigotovit-s-cheremshoy,4,True,semantic_duplicate_removed
https://eda.rambler.ru/media/recepty/chto-prigotovit-s-cheremshoy,https://eda.rambler.ru/images/Article/1500x804/chto-prigotovit-s-cheremshoy.webp,source:srcset,,0,,,eda.rambler.ru,chto-prigotovit-s-cheremshoy.webp,eda.rambler.ru_media_recepty_chto-prigotovit-s-cheremshoy_cand_000044,eda.rambler.ru_media_recepty_chto-prigotovit-s-cheremshoy,data\raw\eda.rambler.ru_media_recepty_chto-prigotovit-s-cheremshoy,eda.rambler.ru_media_recepty_chto-prigotovit-s-cheremshoy_cand_000044_d1394cbf5e.webp,data\raw\eda.rambler.ru_media_recepty_chto-prigotovit-s-cheremshoy\eda.rambler.ru_media_recepty_chto-prigotovit-s-cheremshoy_cand_000044_d1394cbf5e.webp,True,,True,1500.0,804.0,WEBP,RGB,207196,1206000.0,1.8656716417910448,,True,,[],0.9936369804263282,1,False,True,semantic:https://eda.rambler.ru/images/article/chto-prigotovit-s-cheremshoy,3,True,semantic_duplicate_removed
https://eda.rambler.ru/media/recepty/chto-prigotovit-s-cheremshoy,https://eda.rambler.ru/images/Article/1000x536/chto-prigotovit-s-cheremshoy.jpg,source:srcset,,1,,,eda.rambler.ru,chto-prigotovit-s-cheremshoy.jpg,eda.rambler.ru_media_recepty_chto-prigotovit-s-cheremshoy_cand_000045,eda.rambler.ru_media_recepty_chto-prigotovit-s-cheremshoy,data\raw\eda.rambler.ru_media_recepty_chto-prigotovit-s-cheremshoy,eda.rambler.ru_media_recepty_chto-prigotovit-s-cheremshoy_cand_000045_c406dbbc25.jpg,data\raw\eda.rambler.ru_media_recepty_chto-prigotovit-s-cheremshoy\eda.rambler.ru_media_recepty_chto-prigotovit-s-cheremshoy_cand_000045_c406dbbc25.jpg,True,,True,1000.0,536.0,JPEG,RGB,220237,536000.0,1.8656716417910448,,True,,[],0.9937925457152278,1,False,True,semantic:https://eda.rambler.ru/images/article/chto-prigotovit-s-cheremshoy,2,True,semantic_duplicate_removed
https://eda.rambler.ru/media/recepty/chto-prigotovit-s-cheremshoy,https://eda.rambler.ru/images/Article/1500x804/chto-prigotovit-s-cheremshoy.jpg,source:srcset,,1,,,eda.rambler.ru,chto-prigotovit-s-cheremshoy.jpg,eda.rambler.ru_media_recepty_chto-prigotovit-s-cheremshoy_cand_000046,eda.rambler.ru_media_recepty_chto-prigotovit-s-cheremshoy,data\raw\eda.rambler.ru_media_recepty_chto-prigotovit-s-cheremshoy,eda.rambler.ru_media_recepty_chto-prigotovit-s-cheremshoy_cand_000046_8572d60040.jpg,data\raw\eda.rambler.ru_media_recepty_chto-prigotovit-s-cheremshoy\eda.rambler.ru_media_recepty_chto-prigotovit-s-cheremshoy_cand_000046_8572d60040.jpg,True,,True,1500.0,804.0,JPEG,RGB,430667,1206000.0,1.8656716417910448,,True,,[],0.9957297627541277,1,True,True,semantic:https://eda.rambler.ru/images/article/chto-prigotovit-s-cheremshoy,1,False,
https://eda.rambler.ru/media/recepty/chto-prigotovit-s-cheremshoy,https://eda.rambler.ru/images/RecipePhoto/285x285/salo-s-cheremshoy_188410_photo_196476.webp,source:srcset,,2,,,eda.rambler.ru,salo-s-cheremshoy_188410_photo_196476.webp,eda.rambler.ru_media_recepty_chto-prigotovit-s-cheremshoy_cand_000047,eda.rambler.ru_media_recepty_chto-prigotovit-s-cheremshoy,data\raw\eda.rambler.ru_media_recepty_chto-prigotovit-s-cheremshoy,eda.rambler.ru_media_recepty_chto-prigotovit-s-cheremshoy_cand_000047_8104d0071c.webp,data\raw\eda.rambler.ru_media_recepty_chto-prigotovit-s-cheremshoy\eda.rambler.ru_media_recepty_chto-prigotovit-s-cheremshoy_cand_000047_8104d0071c.webp,True,,True,285.0,285.0,WEBP,RGB,6310,81225.0,1.0,,True,,[],0.4856135381916518,0,False,False,,,False,
https://eda.rambler.ru/media/recepty/chto-prigotovit-s-cheremshoy,https://eda.rambler.ru/images/RecipePhoto/390x390/salo-s-cheremshoy_188410_photo_196476.webp,source:srcset,,2,,,eda.rambler.ru,salo-s-cheremshoy_188410_photo_196476.webp,eda.rambler.ru_media_recepty_chto-prigotovit-s-cheremshoy_cand_000048,eda.rambler.ru_media_recepty_chto-prigotovit-s-cheremshoy,data\raw\eda.rambler.ru_media_recepty_chto-prigotovit-s-cheremshoy,eda.rambler.ru_media_recepty_chto-prigotovit-s-cheremshoy_cand_000048_8e7eba41ae.webp,data\raw\eda.rambler.ru_media_recepty_chto-prigotovit-s-cheremshoy\eda.rambler.ru_media_recepty_chto-prigotovit-s-cheremshoy_cand_000048_8e7eba41ae.webp,True,,True,390.0,390.0,WEBP,RGB,10482,152100.0,1.0,,True,,[],0.4548307661635235,0,False,False,,,False,
https://eda.rambler.ru/media/recepty/chto-prigotovit-s-cheremshoy,https://eda.rambler.ru/images/RecipePhoto/390x390/salo-s-cheremshoy_188410_photo_196476.jpg,source:srcset,,3,,,eda.rambler.ru,salo-s-cheremshoy_188410_photo_196476.jpg,eda.rambler.ru_media_recepty_chto-prigotovit-s-cheremshoy_cand_000049,eda.rambler.ru_media_recepty_chto-prigotovit-s-cheremshoy,data\raw\eda.rambler.ru_media_recepty_chto-prigotovit-s-cheremshoy,eda.rambler.ru_media_recepty_chto-prigotovit-s-cheremshoy_cand_000049_184a3f8149.jpg,data\raw\eda.rambler.ru_media_recepty_chto-prigotovit-s-cheremshoy\eda.rambler.ru_media_recepty_chto-prigotovit-s-cheremshoy_cand_000049_184a3f8149.jpg,True,,True,390.0,390.0,JPEG,RGB,18376,152100.0,1.0,,True,,[],0.4693801256493192,0,False,False,,,False,
https://eda.rambler.ru/media/recepty/chto-prigotovit-s-cheremshoy,https://eda.rambler.ru/images/RecipePhoto/285x285/pirog-s-cheremshoy_188411_photo_196475.webp,source:srcset,,4,,,eda.rambler.ru,pirog-s-cheremshoy_188411_photo_196475.webp,eda.rambler.ru_media_recepty_chto-prigotovit-s-cheremshoy_cand_000050,eda.rambler.ru_media_recepty_chto-prigotovit-s-cheremshoy,data\raw\eda.rambler.ru_media_recepty_chto-prigotovit-s-cheremshoy,eda.rambler.ru_media_recepty_chto-prigotovit-s-cheremshoy_cand_000050_5fb3a0fb29.webp,data\raw\eda.rambler.ru_media_recepty_chto-prigotovit-s-cheremshoy\eda.rambler.ru_media_recepty_chto-prigotovit-s-cheremshoy_cand_000050_5fb3a0fb29.webp,True,,True,285.0,285.0,WEBP,RGB,9874,81225.0,1.0,,True,,[],0.48874506574596926,0,False,False,,,False,
https://eda.rambler.ru/media/recepty/chto-prigotovit-s-cheremshoy,https://eda.rambler.ru/images/RecipePhoto/390x390/pirog-s-cheremshoy_188411_photo_196475.webp,source:srcset,,4,,,eda.rambler.ru,pirog-s-cheremshoy_188411_photo_196475.webp,eda.rambler.ru_media_recepty_chto-prigotovit-s-cheremshoy_cand_000051,eda.rambler.ru_media_recepty_chto-prigotovit-s-cheremshoy,data\raw\eda.rambler.ru_media_recepty_chto-prigotovit-s-cheremshoy,eda.rambler.ru_media_recepty_chto-prigotovit-s-cheremshoy_cand_000051_818358aea9.webp,data\raw\eda.rambler.ru_media_recepty_chto-prigotovit-s-cheremshoy\eda.rambler.ru_media_recepty_chto-prigotovit-s-cheremshoy_cand_000051_818358aea9.webp,True,,True,390.0,390.0,WEBP,RGB,16510,152100.0,1.0,,True,,[],0.45891213566773625,0,False,False,,,False,
https://eda.rambler.ru/media/recepty/chto-prigotovit-s-cheremshoy,https://eda.rambler.ru/images/RecipePhoto/390x390/pirog-s-cheremshoy_188411_photo_196475.jpg,source:srcset,,5,,,eda.rambler.ru,pirog-s-cheremshoy_188411_photo_196475.jpg,eda.rambler.ru_media_recepty_chto-prigotovit-s-cheremshoy_cand_000052,eda.rambler.ru_media_recepty_chto-prigotovit-s-cheremshoy,data\raw\eda.rambler.ru_media_recepty_chto-prigotovit-s-cheremshoy,eda.rambler.ru_media_recepty_chto-prigotovit-s-cheremshoy_cand_000052_50a4c1cdbd.jpg,data\raw\eda.rambler.ru_media_recepty_chto-prigotovit-s-cheremshoy\eda.rambler.ru_media_recepty_chto-prigotovit-s-cheremshoy_cand_000052_50a4c1cdbd.jpg,True,,True,390.0,390.0,JPEG,RGB,27511,152100.0,1.0,,True,,[],0.47470905864146257,0,False,False,,,False,
https://eda.rambler.ru/media/recepty/chto-prigotovit-s-cheremshoy,https://eda.rambler.ru/images/RecipePhoto/285x285/sup-s-cheremshoy_188412_photo_196474.webp,source:srcset,,6,,,eda.rambler.ru,sup-s-cheremshoy_188412_photo_196474.webp,eda.rambler.ru_media_recepty_chto-prigotovit-s-cheremshoy_cand_000053,eda.rambler.ru_media_recepty_chto-prigotovit-s-cheremshoy,data\raw\eda.rambler.ru_media_recepty_chto-prigotovit-s-cheremshoy,eda.rambler.ru_media_recepty_chto-prigotovit-s-cheremshoy_cand_000053_bf65932bc4.webp,data\raw\eda.rambler.ru_media_recepty_chto-prigotovit-s-cheremshoy\eda.rambler.ru_media_recepty_chto-prigotovit-s-cheremshoy_cand_000053_bf65932bc4.webp,True,,True,285.0,285.0,WEBP,RGB,10100,81225.0,1.0,,True,,[],0.48540019853469063,0,False,False,,,False,
https://eda.rambler.ru/media/recepty/chto-prigotovit-s-cheremshoy,https://eda.rambler.ru/images/RecipePhoto/390x390/sup-s-cheremshoy_188412_photo_196474.webp,source:srcset,,6,,,eda.rambler.ru,sup-s-cheremshoy_188412_photo_196474.webp,eda.rambler.ru_media_recepty_chto-prigotovit-s-cheremshoy_cand_000054,eda.rambler.ru_media_recepty_chto-prigotovit-s-cheremshoy,data\raw\eda.rambler.ru_media_recepty_chto-prigotovit-s-cheremshoy,eda.rambler.ru_media_recepty_chto-prigotovit-s-cheremshoy_cand_000054_439a3f4b8b.webp,data\raw\eda.rambler.ru_media_recepty_chto-prigotovit-s-cheremshoy\eda.rambler.ru_media_recepty_chto-prigotovit-s-cheremshoy_cand_000054_439a3f4b8b.webp,True,,True,390.0,390.0,WEBP,RGB,15766,152100.0,1.0,,True,,[],0.45520740196791865,0,False,False,,,False,
https://eda.rambler.ru/media/recepty/chto-prigotovit-s-cheremshoy,https://eda.rambler.ru/images/RecipePhoto/390x390/sup-s-cheremshoy_188412_photo_196474.jpg,source:srcset,,7,,,eda.rambler.ru,sup-s-cheremshoy_188412_photo_196474.jpg,eda.rambler.ru_media_recepty_chto-prigotovit-s-cheremshoy_cand_000055,eda.rambler.ru_media_recepty_chto-prigotovit-s-cheremshoy,data\raw\eda.rambler.ru_media_recepty_chto-prigotovit-s-cheremshoy,eda.rambler.ru_media_recepty_chto-prigotovit-s-cheremshoy_cand_000055_7f0549c63c.jpg,data\raw\eda.rambler.ru_media_recepty_chto-prigotovit-s-cheremshoy\eda.rambler.ru_media_recepty_chto-prigotovit-s-cheremshoy_cand_000055_7f0549c63c.jpg,True,,True,390.0,390.0,JPEG,RGB,27705,152100.0,1.0,,True,,[],0.4713590203944707,0,False,False,,,False,
https://eda.rambler.ru/media/recepty/chto-prigotovit-s-cheremshoy,https://eda.rambler.ru/images/RecipePhoto/285x285/galushki-s-cheremshoy_188436_photo_196503.webp,source:srcset,,8,,,eda.rambler.ru,galushki-s-cheremshoy_188436_photo_196503.webp,eda.rambler.ru_media_recepty_chto-prigotovit-s-cheremshoy_cand_000056,eda.rambler.ru_media_recepty_chto-prigotovit-s-cheremshoy,data\raw\eda.rambler.ru_media_recepty_chto-prigotovit-s-cheremshoy,eda.rambler.ru_media_recepty_chto-prigotovit-s-cheremshoy_cand_000056_61770505c5.webp,data\raw\eda.rambler.ru_media_recepty_chto-prigotovit-s-cheremshoy\eda.rambler.ru_media_recepty_chto-prigotovit-s-cheremshoy_cand_000056_61770505c5.webp,True,,True,285.0,285.0,WEBP,RGB,6738,81225.0,1.0,,True,,[],0.4926537538782552,1,False,True,semantic:https://eda.rambler.ru/images/recipephoto/galushki-s-cheremshoy_188436_photo_196503,2,True,semantic_duplicate_removed
https://eda.rambler.ru/media/recepty/chto-prigotovit-s-cheremshoy,https://eda.rambler.ru/images/RecipePhoto/390x390/galushki-s-cheremshoy_188436_photo_196503.webp,source:srcset,,8,,,eda.rambler.ru,galushki-s-cheremshoy_188436_photo_196503.webp,eda.rambler.ru_media_recepty_chto-prigotovit-s-cheremshoy_cand_000057,eda.rambler.ru_media_recepty_chto-prigotovit-s-cheremshoy,data\raw\eda.rambler.ru_media_recepty_chto-prigotovit-s-cheremshoy,eda.rambler.ru_media_recepty_chto-prigotovit-s-cheremshoy_cand_000057_f68de7fcb1.webp,data\raw\eda.rambler.ru_media_recepty_chto-prigotovit-s-cheremshoy\eda.rambler.ru_media_recepty_chto-prigotovit-s-cheremshoy_cand_000057_f68de7fcb1.webp,True,,True,390.0,390.0,WEBP,RGB,10670,152100.0,1.0,,True,,[],0.4617306397359513,0,False,False,,,False,
https://eda.rambler.ru/media/recepty/chto-prigotovit-s-cheremshoy,https://eda.rambler.ru/images/RecipePhoto/390x390/galushki-s-cheremshoy_188436_photo_196503.jpg,source:srcset,,9,,,eda.rambler.ru,galushki-s-cheremshoy_188436_photo_196503.jpg,eda.rambler.ru_media_recepty_chto-prigotovit-s-cheremshoy_cand_000058,eda.rambler.ru_media_recepty_chto-prigotovit-s-cheremshoy,data\raw\eda.rambler.ru_media_recepty_chto-prigotovit-s-cheremshoy,eda.rambler.ru_media_recepty_chto-prigotovit-s-cheremshoy_cand_000058_302413c33f.jpg,data\raw\eda.rambler.ru_media_recepty_chto-prigotovit-s-cheremshoy\eda.rambler.ru_media_recepty_chto-prigotovit-s-cheremshoy_cand_000058_302413c33f.jpg,True,,True,390.0,390.0,JPEG,RGB,23872,152100.0,1.0,,True,,[],0.4784112202735899,0,False,False,,,False,
https://eda.rambler.ru/media/recepty/chto-prigotovit-s-cheremshoy,https://eda.rambler.ru/images/RecipePhoto/285x285/pirozhki-s-cheremshoy_188437_photo_196502.webp,source:srcset,,10,,,eda.rambler.ru,pirozhki-s-cheremshoy_188437_photo_196502.webp,eda.rambler.ru_media_recepty_chto-prigotovit-s-cheremshoy_cand_000059,eda.rambler.ru_media_recepty_chto-prigotovit-s-cheremshoy,data\raw\eda.rambler.ru_media_recepty_chto-prigotovit-s-cheremshoy,eda.rambler.ru_media_recepty_chto-prigotovit-s-cheremshoy_cand_000059_7cd186759c.webp,data\raw\eda.rambler.ru_media_recepty_chto-prigotovit-s-cheremshoy\eda.rambler.ru_media_recepty_chto-prigotovit-s-cheremshoy_cand_000059_7cd186759c.webp,True,,True,285.0,285.0,WEBP,RGB,11006,81225.0,1.0,,True,,[],0.4943481759385354,1,False,True,semantic:https://eda.rambler.ru/images/recipephoto/pirozhki-s-cheremshoy_188437_photo_196502,2,True,semantic_duplicate_removed
https://eda.rambler.ru/media/recepty/chto-prigotovit-s-cheremshoy,https://eda.rambler.ru/images/RecipePhoto/390x390/pirozhki-s-cheremshoy_188437_photo_196502.webp,source:srcset,,10,,,eda.rambler.ru,pirozhki-s-cheremshoy_188437_photo_196502.webp,eda.rambler.ru_media_recepty_chto-prigotovit-s-cheremshoy_cand_000060,eda.rambler.ru_media_recepty_chto-prigotovit-s-cheremshoy,data\raw\eda.rambler.ru_media_recepty_chto-prigotovit-s-cheremshoy,eda.rambler.ru_media_recepty_chto-prigotovit-s-cheremshoy_cand_000060_8b1c65deee.webp,data\raw\eda.rambler.ru_media_recepty_chto-prigotovit-s-cheremshoy\eda.rambler.ru_media_recepty_chto-prigotovit-s-cheremshoy_cand_000060_8b1c65deee.webp,True,,True,390.0,390.0,WEBP,RGB,18090,152100.0,1.0,,True,,[],0.4646609534624731,0,False,False,,,False,
https://eda.rambler.ru/media/recepty/chto-prigotovit-s-cheremshoy,https://eda.rambler.ru/images/RecipePhoto/390x390/pirozhki-s-cheremshoy_188437_photo_196502.jpg,source:srcset,,11,,,eda.rambler.ru,pirozhki-s-cheremshoy_188437_photo_196502.jpg,eda.rambler.ru_media_recepty_chto-prigotovit-s-cheremshoy_cand_000061,eda.rambler.ru_media_recepty_chto-prigotovit-s-cheremshoy,data\raw\eda.rambler.ru_media_recepty_chto-prigotovit-s-cheremshoy,eda.rambler.ru_media_recepty_chto-prigotovit-s-cheremshoy_cand_000061_3f6103ae36.jpg,data\raw\eda.rambler.ru_media_recepty_chto-prigotovit-s-cheremshoy\eda.rambler.ru_media_recepty_chto-prigotovit-s-cheremshoy_cand_000061_3f6103ae36.jpg,True,,True,390.0,390.0,JPEG,RGB,32104,152100.0,1.0,,True,,[],0.4816747107489097,0,False,False,,,False,
https://eda.rambler.ru/media/recepty/chto-prigotovit-s-cheremshoy,https://eda.rambler.ru/images/RecipePhoto/285x285/pesto-iz-cheremshi_176193_photo_183827.webp,source:srcset,,12,,,eda.rambler.ru,pesto-iz-cheremshi_176193_photo_183827.webp,eda.rambler.ru_media_recepty_chto-prigotovit-s-cheremshoy_cand_000062,eda.rambler.ru_media_recepty_chto-prigotovit-s-cheremshoy,data\raw\eda.rambler.ru_media_recepty_chto-prigotovit-s-cheremshoy,eda.rambler.ru_media_recepty_chto-prigotovit-s-cheremshoy_cand_000062_1f8a6d9025.webp,data\raw\eda.rambler.ru_media_recepty_chto-prigotovit-s-cheremshoy\eda.rambler.ru_media_recepty_chto-prigotovit-s-cheremshoy_cand_000062_1f8a6d9025.webp,True,,True,285.0,285.0,WEBP,RGB,8986,81225.0,1.0,,True,,[],0.48839264872799526,0,False,False,,,False,
https://eda.rambler.ru/media/recepty/chto-prigotovit-s-cheremshoy,https://eda.rambler.ru/images/RecipePhoto/390x390/pesto-iz-cheremshi_176193_photo_183827.webp,source:srcset,,12,,,eda.rambler.ru,pesto-iz-cheremshi_176193_photo_183827.webp,eda.rambler.ru_media_recepty_chto-prigotovit-s-cheremshoy_cand_000063,eda.rambler.ru_media_recepty_chto-prigotovit-s-cheremshoy,data\raw\eda.rambler.ru_media_recepty_chto-prigotovit-s-cheremshoy,eda.rambler.ru_media_recepty_chto-prigotovit-s-cheremshoy_cand_000063_c859a69edf.webp,data\raw\eda.rambler.ru_media_recepty_chto-prigotovit-s-cheremshoy\eda.rambler.ru_media_recepty_chto-prigotovit-s-cheremshoy_cand_000063_c859a69edf.webp,True,,True,390.0,390.0,WEBP,RGB,14946,152100.0,1.0,,True,,[],0.45829536954540995,0,False,False,,,False,
https://eda.rambler.ru/media/recepty/chto-prigotovit-s-cheremshoy,https://eda.rambler.ru/images/RecipePhoto/390x390/pesto-iz-cheremshi_176193_photo_183827.jpg,source:srcset,,13,,,eda.rambler.ru,pesto-iz-cheremshi_176193_photo_183827.jpg,eda.rambler.ru_media_recepty_chto-prigotovit-s-cheremshoy_cand_000064,eda.rambler.ru_media_recepty_chto-prigotovit-s-cheremshoy,data\raw\eda.rambler.ru_media_recepty_chto-prigotovit-s-cheremshoy,eda.rambler.ru_media_recepty_chto-prigotovit-s-cheremshoy_cand_000064_cc1d860b17.jpg,data\raw\eda.rambler.ru_media_recepty_chto-prigotovit-s-cheremshoy\eda.rambler.ru_media_recepty_chto-prigotovit-s-cheremshoy_cand_000064_cc1d860b17.jpg,True,,True,390.0,390.0,JPEG,RGB,26271,152100.0,1.0,,True,,[],0.474217971777348,0,False,False,,,False,
https://eda.rambler.ru/media/recepty/chto-prigotovit-s-cheremshoy,https://eda.rambler.ru/images/RecipePhoto/285x285/salat-s-cheremshoy_176195_photo_183825.webp,source:srcset,,14,,,eda.rambler.ru,salat-s-cheremshoy_176195_photo_183825.webp,eda.rambler.ru_media_recepty_chto-prigotovit-s-cheremshoy_cand_000065,eda.rambler.ru_media_recepty_chto-prigotovit-s-cheremshoy,data\raw\eda.rambler.ru_media_recepty_chto-prigotovit-s-cheremshoy,eda.rambler.ru_media_recepty_chto-prigotovit-s-cheremshoy_cand_000065_e3377a14bd.webp,data\raw\eda.rambler.ru_media_recepty_chto-prigotovit-s-cheremshoy\eda.rambler.ru_media_recepty_chto-prigotovit-s-cheremshoy_cand_000065_e3377a14bd.webp,True,,True,285.0,285.0,WEBP,RGB,13378,81225.0,1.0,,True,,[],0.4901357900771449,1,False,True,semantic:https://eda.rambler.ru/images/recipephoto/salat-s-cheremshoy_176195_photo_183825,2,True,semantic_duplicate_removed
https://eda.rambler.ru/media/recepty/chto-prigotovit-s-cheremshoy,https://eda.rambler.ru/images/RecipePhoto/390x390/salat-s-cheremshoy_176195_photo_183825.webp,source:srcset,,14,,,eda.rambler.ru,salat-s-cheremshoy_176195_photo_183825.webp,eda.rambler.ru_media_recepty_chto-prigotovit-s-cheremshoy_cand_000066,eda.rambler.ru_media_recepty_chto-prigotovit-s-cheremshoy,data\raw\eda.rambler.ru_media_recepty_chto-prigotovit-s-cheremshoy,eda.rambler.ru_media_recepty_chto-prigotovit-s-cheremshoy_cand_000066_3d40f49f86.webp,data\raw\eda.rambler.ru_media_recepty_chto-prigotovit-s-cheremshoy\eda.rambler.ru_media_recepty_chto-prigotovit-s-cheremshoy_cand_000066_3d40f49f86.webp,True,,True,390.0,390.0,WEBP,RGB,20960,152100.0,1.0,,True,,[],0.46066768344019127,0,False,False,,,False,
https://eda.rambler.ru/media/recepty/chto-prigotovit-s-cheremshoy,https://eda.rambler.ru/images/RecipePhoto/390x390/salat-s-cheremshoy_176195_photo_183825.jpg,source:srcset,,15,,,eda.rambler.ru,salat-s-cheremshoy_176195_photo_183825.jpg,eda.rambler.ru_media_recepty_chto-prigotovit-s-cheremshoy_cand_000067,eda.rambler.ru_media_recepty_chto-prigotovit-s-cheremshoy,data\raw\eda.rambler.ru_media_recepty_chto-prigotovit-s-cheremshoy,eda.rambler.ru_media_recepty_chto-prigotovit-s-cheremshoy_cand_000067_7766a90188.jpg,data\raw\eda.rambler.ru_media_recepty_chto-prigotovit-s-cheremshoy\eda.rambler.ru_media_recepty_chto-prigotovit-s-cheremshoy_cand_000067_7766a90188.jpg,True,,True,390.0,390.0,JPEG,RGB,35495,152100.0,1.0,,True,,[],0.47787215496480023,0,False,False,,,False,
https://eda.rambler.ru/media/recepty/chto-prigotovit-s-cheremshoy,https://eda.rambler.ru/images/Article/320x320/kak-prigotovit-rostbif-na-mangale_square.webp,source:srcset,,16,,,eda.rambler.ru,kak-prigotovit-rostbif-na-mangale_square.webp,eda.rambler.ru_media_recepty_chto-prigotovit-s-cheremshoy_cand_000068,eda.rambler.ru_media_recepty_chto-prigotovit-s-cheremshoy,data\raw\eda.rambler.ru_media_recepty_chto-prigotovit-s-cheremshoy,eda.rambler.ru_media_recepty_chto-prigotovit-s-cheremshoy_cand_000068_b78f6cc253.webp,data\raw\eda.rambler.ru_media_recepty_chto-prigotovit-s-cheremshoy\eda.rambler.ru_media_recepty_chto-prigotovit-s-cheremshoy_cand_000068_b78f6cc253.webp,True,,True,320.0,320.0,WEBP,RGB,21602,102400.0,1.0,,True,,[],0.48604174625924923,0,False,False,,,False,
https://eda.rambler.ru/media/recepty/chto-prigotovit-s-cheremshoy,https://eda.rambler.ru/images/Article/480x480/kak-prigotovit-rostbif-na-mangale_square.webp,source:srcset,,16,,,eda.rambler.ru,kak-prigotovit-rostbif-na-mangale_square.webp,eda.rambler.ru_media_recepty_chto-prigotovit-s-cheremshoy_cand_000069,eda.rambler.ru_media_recepty_chto-prigotovit-s-cheremshoy,data\raw\eda.rambler.ru_media_recepty_chto-prigotovit-s-cheremshoy,eda.rambler.ru_media_recepty_chto-prigotovit-s-cheremshoy_cand_000069_0e7e20efba.webp,data\raw\eda.rambler.ru_media_recepty_chto-prigotovit-s-cheremshoy\eda.rambler.ru_media_recepty_chto-prigotovit-s-cheremshoy_cand_000069_0e7e20efba.webp,True,,True,480.0,480.0,WEBP,RGB,39594,230400.0,1.0,,True,,[],0.44337050661543587,0,False,False,,,False,
https://eda.rambler.ru/media/recepty/chto-prigotovit-s-cheremshoy,https://eda.rambler.ru/images/Article/640x640/kak-prigotovit-rostbif-na-mangale_square.webp,source:srcset,,16,,,eda.rambler.ru,kak-prigotovit-rostbif-na-mangale_square.webp,eda.rambler.ru_media_recepty_chto-prigotovit-s-cheremshoy_cand_000070,eda.rambler.ru_media_recepty_chto-prigotovit-s-cheremshoy,data\raw\eda.rambler.ru_media_recepty_chto-prigotovit-s-cheremshoy,eda.rambler.ru_media_recepty_chto-prigotovit-s-cheremshoy_cand_000070_ede3ccae3a.webp,data\raw\eda.rambler.ru_media_recepty_chto-prigotovit-s-cheremshoy\eda.rambler.ru_media_recepty_chto-prigotovit-s-cheremshoy_cand_000070_ede3ccae3a.webp,True,,True,640.0,640.0,WEBP,RGB,59522,409600.0,1.0,,True,,[],0.401169535527249,0,False,False,,,False,
https://eda.rambler.ru/media/recepty/chto-prigotovit-s-cheremshoy,https://eda.rambler.ru/images/Article/480x480/kak-prigotovit-rostbif-na-mangale_square.jpg,source:srcset,,17,,,eda.rambler.ru,kak-prigotovit-rostbif-na-mangale_square.jpg,eda.rambler.ru_media_recepty_chto-prigotovit-s-cheremshoy_cand_000071,eda.rambler.ru_media_recepty_chto-prigotovit-s-cheremshoy,data\raw\eda.rambler.ru_media_recepty_chto-prigotovit-s-cheremshoy,eda.rambler.ru_media_recepty_chto-prigotovit-s-cheremshoy_cand_000071_63c9124cce.jpg,data\raw\eda.rambler.ru_media_recepty_chto-prigotovit-s-cheremshoy\eda.rambler.ru_media_recepty_chto-prigotovit-s-cheremshoy_cand_000071_63c9124cce.jpg,True,,True,480.0,480.0,JPEG,RGB,84402,230400.0,1.0,,True,,[],0.47244647804890244,0,False,False,,,False,
https://eda.rambler.ru/media/recepty/chto-prigotovit-s-cheremshoy,https://eda.rambler.ru/images/Article/640x640/kak-prigotovit-rostbif-na-mangale_square.jpg,source:srcset,,17,,,eda.rambler.ru,kak-prigotovit-rostbif-na-mangale_square.jpg,eda.rambler.ru_media_recepty_chto-prigotovit-s-cheremshoy_cand_000072,eda.rambler.ru_media_recepty_chto-prigotovit-s-cheremshoy,data\raw\eda.rambler.ru_media_recepty_chto-prigotovit-s-cheremshoy,eda.rambler.ru_media_recepty_chto-prigotovit-s-cheremshoy_cand_000072_99e10ec443.jpg,data\raw\eda.rambler.ru_media_recepty_chto-prigotovit-s-cheremshoy\eda.rambler.ru_media_recepty_chto-prigotovit-s-cheremshoy_cand_000072_99e10ec443.jpg,True,,True,640.0,640.0,JPEG,RGB,136559,409600.0,1.0,,True,,[],0.4422002803514693,0,False,False,,,False,
https://eda.rambler.ru/media/recepty/chto-prigotovit-s-cheremshoy,https://eda.rambler.ru/images/Article/320x320/kak-zamarinovat-kurinyy-shashlyk_square.webp,source:srcset,,18,,,eda.rambler.ru,kak-zamarinovat-kurinyy-shashlyk_square.webp,eda.rambler.ru_media_recepty_chto-prigotovit-s-cheremshoy_cand_000073,eda.rambler.ru_media_recepty_chto-prigotovit-s-cheremshoy,data\raw\eda.rambler.ru_media_recepty_chto-prigotovit-s-cheremshoy,eda.rambler.ru_media_recepty_chto-prigotovit-s-cheremshoy_cand_000073_456d075f2b.webp,data\raw\eda.rambler.ru_media_recepty_chto-prigotovit-s-cheremshoy\eda.rambler.ru_media_recepty_chto-prigotovit-s-cheremshoy_cand_000073_456d075f2b.webp,True,,True,320.0,320.0,WEBP,RGB,35936,102400.0,1.0,,True,,[],0.49001267179762004,1,False,True,semantic:https://eda.rambler.ru/images/article/kak-zamarinovat-kurinyy-shashlyk_square,2,True,semantic_duplicate_removed
https://eda.rambler.ru/media/recepty/chto-prigotovit-s-cheremshoy,https://eda.rambler.ru/images/Article/480x480/kak-zamarinovat-kurinyy-shashlyk_square.webp,source:srcset,,18,,,eda.rambler.ru,kak-zamarinovat-kurinyy-shashlyk_square.webp,eda.rambler.ru_media_recepty_chto-prigotovit-s-cheremshoy_cand_000074,eda.rambler.ru_media_recepty_chto-prigotovit-s-cheremshoy,data\raw\eda.rambler.ru_media_recepty_chto-prigotovit-s-cheremshoy,eda.rambler.ru_media_recepty_chto-prigotovit-s-cheremshoy_cand_000074_78e610a687.webp,data\raw\eda.rambler.ru_media_recepty_chto-prigotovit-s-cheremshoy\eda.rambler.ru_media_recepty_chto-prigotovit-s-cheremshoy_cand_000074_78e610a687.webp,True,,True,480.0,480.0,WEBP,RGB,63852,230400.0,1.0,,True,,[],0.45119614949331827,0,False,False,,,False,
https://eda.rambler.ru/media/recepty/chto-prigotovit-s-cheremshoy,https://eda.rambler.ru/images/Article/640x640/kak-zamarinovat-kurinyy-shashlyk_square.webp,source:srcset,,18,,,eda.rambler.ru,kak-zamarinovat-kurinyy-shashlyk_square.webp,eda.rambler.ru_media_recepty_chto-prigotovit-s-cheremshoy_cand_000075,eda.rambler.ru_media_recepty_chto-prigotovit-s-cheremshoy,data\raw\eda.rambler.ru_media_recepty_chto-prigotovit-s-cheremshoy,eda.rambler.ru_media_recepty_chto-prigotovit-s-cheremshoy_cand_000075_6ffb033419.webp,data\raw\eda.rambler.ru_media_recepty_chto-prigotovit-s-cheremshoy\eda.rambler.ru_media_recepty_chto-prigotovit-s-cheremshoy_cand_000075_6ffb033419.webp,True,,True,640.0,640.0,WEBP,RGB,99690,409600.0,1.0,,True,,[],0.41491838454213964,0,False,False,,,False,
https://eda.rambler.ru/media/recepty/chto-prigotovit-s-cheremshoy,https://eda.rambler.ru/images/Article/480x480/kak-zamarinovat-kurinyy-shashlyk_square.jpg,source:srcset,,19,,,eda.rambler.ru,kak-zamarinovat-kurinyy-shashlyk_square.jpg,eda.rambler.ru_media_recepty_chto-prigotovit-s-cheremshoy_cand_000076,eda.rambler.ru_media_recepty_chto-prigotovit-s-cheremshoy,data\raw\eda.rambler.ru_media_recepty_chto-prigotovit-s-cheremshoy,eda.rambler.ru_media_recepty_chto-prigotovit-s-cheremshoy_cand_000076_b5a0494fa7.jpg,data\raw\eda.rambler.ru_media_recepty_chto-prigotovit-s-cheremshoy\eda.rambler.ru_media_recepty_chto-prigotovit-s-cheremshoy_cand_000076_b5a0494fa7.jpg,True,,True,480.0,480.0,JPEG,RGB,121123,230400.0,1.0,,True,,[],0.4852852967584737,0,False,False,,,False,
https://eda.rambler.ru/media/recepty/chto-prigotovit-s-cheremshoy,https://eda.rambler.ru/images/Article/640x640/kak-zamarinovat-kurinyy-shashlyk_square.jpg,source:srcset,,19,,,eda.rambler.ru,kak-zamarinovat-kurinyy-shashlyk_square.jpg,eda.rambler.ru_media_recepty_chto-prigotovit-s-cheremshoy_cand_000077,eda.rambler.ru_media_recepty_chto-prigotovit-s-cheremshoy,data\raw\eda.rambler.ru_media_recepty_chto-prigotovit-s-cheremshoy,eda.rambler.ru_media_recepty_chto-prigotovit-s-cheremshoy_cand_000077_a420ebc77b.jpg,data\raw\eda.rambler.ru_media_recepty_chto-prigotovit-s-cheremshoy\eda.rambler.ru_media_recepty_chto-prigotovit-s-cheremshoy_cand_000077_a420ebc77b.jpg,True,,True,640.0,640.0,JPEG,RGB,192875,409600.0,1.0,,True,,[],0.4626535853571418,0,False,False,,,False,
https://eda.rambler.ru/media/recepty/chto-prigotovit-s-cheremshoy,https://eda.rambler.ru/images/Article/320x320/kakie-produkty-gotovit-v-mae_square.webp,source:srcset,,20,,,eda.rambler.ru,kakie-produkty-gotovit-v-mae_square.webp,eda.rambler.ru_media_recepty_chto-prigotovit-s-cheremshoy_cand_000078,eda.rambler.ru_media_recepty_chto-prigotovit-s-cheremshoy,data\raw\eda.rambler.ru_media_recepty_chto-prigotovit-s-cheremshoy,eda.rambler.ru_media_recepty_chto-prigotovit-s-cheremshoy_cand_000078_9f85f1f28a.webp,data\raw\eda.rambler.ru_media_recepty_chto-prigotovit-s-cheremshoy\eda.rambler.ru_media_recepty_chto-prigotovit-s-cheremshoy_cand_000078_9f85f1f28a.webp,True,,True,320.0,320.0,WEBP,RGB,14956,102400.0,1.0,,True,,[],0.47482832595576435,0,False,False,,,False,
https://eda.rambler.ru/media/recepty/chto-prigotovit-s-cheremshoy,https://eda.rambler.ru/images/Article/480x480/kakie-produkty-gotovit-v-mae_square.webp,source:srcset,,20,,,eda.rambler.ru,kakie-produkty-gotovit-v-mae_square.webp,eda.rambler.ru_media_recepty_chto-prigotovit-s-cheremshoy_cand_000079,eda.rambler.ru_media_recepty_chto-prigotovit-s-cheremshoy,data\raw\eda.rambler.ru_media_recepty_chto-prigotovit-s-cheremshoy,eda.rambler.ru_media_recepty_chto-prigotovit-s-cheremshoy_cand_000079_f2268aa910.webp,data\raw\eda.rambler.ru_media_recepty_chto-prigotovit-s-cheremshoy\eda.rambler.ru_media_recepty_chto-prigotovit-s-cheremshoy_cand_000079_f2268aa910.webp,True,,True,480.0,480.0,WEBP,RGB,22898,230400.0,1.0,,True,,[],0.4284003258075774,0,False,False,,,False,
https://eda.rambler.ru/media/recepty/chto-prigotovit-s-cheremshoy,https://eda.rambler.ru/images/Article/640x640/kakie-produkty-gotovit-v-mae_square.webp,source:srcset,,20,,,eda.rambler.ru,kakie-produkty-gotovit-v-mae_square.webp,eda.rambler.ru_media_recepty_chto-prigotovit-s-cheremshoy_cand_000080,eda.rambler.ru_media_recepty_chto-prigotovit-s-cheremshoy,data\raw\eda.rambler.ru_media_recepty_chto-prigotovit-s-cheremshoy,eda.rambler.ru_media_recepty_chto-prigotovit-s-cheremshoy_cand_000080_0fe4a498d0.webp,data\raw\eda.rambler.ru_media_recepty_chto-prigotovit-s-cheremshoy\eda.rambler.ru_media_recepty_chto-prigotovit-s-cheremshoy_cand_000080_0fe4a498d0.webp,True,,True,640.0,640.0,WEBP,RGB,31298,409600.0,1.0,,True,,[],0.3823014827215213,0,False,False,,,False,
https://eda.rambler.ru/media/recepty/chto-prigotovit-s-cheremshoy,https://eda.rambler.ru/images/Article/480x480/kakie-produkty-gotovit-v-mae_square.jpg,source:srcset,,21,,,eda.rambler.ru,kakie-produkty-gotovit-v-mae_square.jpg,eda.rambler.ru_media_recepty_chto-prigotovit-s-cheremshoy_cand_000081,eda.rambler.ru_media_recepty_chto-prigotovit-s-cheremshoy,data\raw\eda.rambler.ru_media_recepty_chto-prigotovit-s-cheremshoy,eda.rambler.ru_media_recepty_chto-prigotovit-s-cheremshoy_cand_000081_5c10fdef67.jpg,data\raw\eda.rambler.ru_media_recepty_chto-prigotovit-s-cheremshoy\eda.rambler.ru_media_recepty_chto-prigotovit-s-cheremshoy_cand_000081_5c10fdef67.jpg,True,,True,480.0,480.0,JPEG,RGB,52651,230400.0,1.0,,True,,[],0.4513730985313183,0,False,False,,,False,
https://eda.rambler.ru/media/recepty/chto-prigotovit-s-cheremshoy,https://eda.rambler.ru/images/Article/640x640/kakie-produkty-gotovit-v-mae_square.jpg,source:srcset,,21,,,eda.rambler.ru,kakie-produkty-gotovit-v-mae_square.jpg,eda.rambler.ru_media_recepty_chto-prigotovit-s-cheremshoy_cand_000082,eda.rambler.ru_media_recepty_chto-prigotovit-s-cheremshoy,data\raw\eda.rambler.ru_media_recepty_chto-prigotovit-s-cheremshoy,eda.rambler.ru_media_recepty_chto-prigotovit-s-cheremshoy_cand_000082_ea78809d29.jpg,data\raw\eda.rambler.ru_media_recepty_chto-prigotovit-s-cheremshoy\eda.rambler.ru_media_recepty_chto-prigotovit-s-cheremshoy_cand_000082_ea78809d29.jpg,True,,True,640.0,640.0,JPEG,RGB,78552,409600.0,1.0,,True,,[],0.4112651396844727,0,False,False,,,False,
https://eda.rambler.ru/media/recepty/chto-prigotovit-s-cheremshoy,https://eda.rambler.ru/images/Article/320x320/prostye-i-bystrye-marinady-dlya-ryby-na-mangale_square.webp,source:srcset,,22,,,eda.rambler.ru,prostye-i-bystrye-marinady-dlya-ryby-na-mangale_square.webp,eda.rambler.ru_media_recepty_chto-prigotovit-s-cheremshoy_cand_000083,eda.rambler.ru_media_recepty_chto-prigotovit-s-cheremshoy,data\raw\eda.rambler.ru_media_recepty_chto-prigotovit-s-cheremshoy,eda.rambler.ru_media_recepty_chto-prigotovit-s-cheremshoy_cand_000083_4198f29c5a.webp,data\raw\eda.rambler.ru_media_recepty_chto-prigotovit-s-cheremshoy\eda.rambler.ru_media_recepty_chto-prigotovit-s-cheremshoy_cand_000083_4198f29c5a.webp,True,,True,320.0,320.0,WEBP,RGB,37268,102400.0,1.0,,True,,[],0.5163108740641588,1,False,True,semantic:https://eda.rambler.ru/images/article/prostye-i-bystrye-marinady-dlya-ryby-na-mangale_square,4,True,semantic_duplicate_removed
https://eda.rambler.ru/media/recepty/chto-prigotovit-s-cheremshoy,https://eda.rambler.ru/images/Article/480x480/prostye-i-bystrye-marinady-dlya-ryby-na-mangale_square.webp,source:srcset,,22,,,eda.rambler.ru,prostye-i-bystrye-marinady-dlya-ryby-na-mangale_square.webp,eda.rambler.ru_media_recepty_chto-prigotovit-s-cheremshoy_cand_000084,eda.rambler.ru_media_recepty_chto-prigotovit-s-cheremshoy,data\raw\eda.rambler.ru_media_recepty_chto-prigotovit-s-cheremshoy,eda.rambler.ru_media_recepty_chto-prigotovit-s-cheremshoy_cand_000084_3c3e134862.webp,data\raw\eda.rambler.ru_media_recepty_chto-prigotovit-s-cheremshoy\eda.rambler.ru_media_recepty_chto-prigotovit-s-cheremshoy_cand_000084_3c3e134862.webp,True,,True,480.0,480.0,WEBP,RGB,85992,230400.0,1.0,,True,,[],0.4856118691786322,0,False,False,,,False,
https://eda.rambler.ru/media/recepty/chto-prigotovit-s-cheremshoy,https://eda.rambler.ru/images/Article/640x640/prostye-i-bystrye-marinady-dlya-ryby-na-mangale_square.webp,source:srcset,,22,,,eda.rambler.ru,prostye-i-bystrye-marinady-dlya-ryby-na-mangale_square.webp,eda.rambler.ru_media_recepty_chto-prigotovit-s-cheremshoy_cand_000085,eda.rambler.ru_media_recepty_chto-prigotovit-s-cheremshoy,data\raw\eda.rambler.ru_media_recepty_chto-prigotovit-s-cheremshoy,eda.rambler.ru_media_recepty_chto-prigotovit-s-cheremshoy_cand_000085_e7dc3607ca.webp,data\raw\eda.rambler.ru_media_recepty_chto-prigotovit-s-cheremshoy\eda.rambler.ru_media_recepty_chto-prigotovit-s-cheremshoy_cand_000085_e7dc3607ca.webp,True,,True,640.0,640.0,WEBP,RGB,156312,409600.0,1.0,,True,,[],0.46241318275242277,0,False,False,,,False,
https://eda.rambler.ru/media/recepty/chto-prigotovit-s-cheremshoy,https://eda.rambler.ru/images/Article/480x480/prostye-i-bystrye-marinady-dlya-ryby-na-mangale_square.jpg,source:srcset,,23,,,eda.rambler.ru,prostye-i-bystrye-marinady-dlya-ryby-na-mangale_square.jpg,eda.rambler.ru_media_recepty_chto-prigotovit-s-cheremshoy_cand_000086,eda.rambler.ru_media_recepty_chto-prigotovit-s-cheremshoy,data\raw\eda.rambler.ru_media_recepty_chto-prigotovit-s-cheremshoy,eda.rambler.ru_media_recepty_chto-prigotovit-s-cheremshoy_cand_000086_1f566358db.jpg,data\raw\eda.rambler.ru_media_recepty_chto-prigotovit-s-cheremshoy\eda.rambler.ru_media_recepty_chto-prigotovit-s-cheremshoy_cand_000086_1f566358db.jpg,True,,True,480.0,480.0,JPEG,RGB,146849,230400.0,1.0,,True,,[],0.5212597538071649,1,False,True,semantic:https://eda.rambler.ru/images/article/prostye-i-bystrye-marinady-dlya-ryby-na-mangale_square,2,True,semantic_duplicate_removed
https://eda.rambler.ru/media/recepty/chto-prigotovit-s-cheremshoy,https://eda.rambler.ru/images/Article/640x640/prostye-i-bystrye-marinady-dlya-ryby-na-mangale_square.jpg,source:srcset,,23,,,eda.rambler.ru,prostye-i-bystrye-marinady-dlya-ryby-na-mangale_square.jpg,eda.rambler.ru_media_recepty_chto-prigotovit-s-cheremshoy_cand_000087,eda.rambler.ru_media_recepty_chto-prigotovit-s-cheremshoy,data\raw\eda.rambler.ru_media_recepty_chto-prigotovit-s-cheremshoy,eda.rambler.ru_media_recepty_chto-prigotovit-s-cheremshoy_cand_000087_e10e40844c.jpg,data\raw\eda.rambler.ru_media_recepty_chto-prigotovit-s-cheremshoy\eda.rambler.ru_media_recepty_chto-prigotovit-s-cheremshoy_cand_000087_e10e40844c.jpg,True,,True,640.0,640.0,JPEG,RGB,266128,409600.0,1.0,,True,,[],0.5174400707875026,1,False,True,semantic:https://eda.rambler.ru/images/article/prostye-i-bystrye-marinady-dlya-ryby-na-mangale_square,3,True,semantic_duplicate_removed
https://eda.rambler.ru/media/recepty/chto-prigotovit-s-cheremshoy,https://eda.rambler.ru/images/Article/320x320/kakie-ugli-vybrat-dlya-mangala_square.webp,source:srcset,,24,,,eda.rambler.ru,kakie-ugli-vybrat-dlya-mangala_square.webp,eda.rambler.ru_media_recepty_chto-prigotovit-s-cheremshoy_cand_000088,eda.rambler.ru_media_recepty_chto-prigotovit-s-cheremshoy,data\raw\eda.rambler.ru_media_recepty_chto-prigotovit-s-cheremshoy,eda.rambler.ru_media_recepty_chto-prigotovit-s-cheremshoy_cand_000088_d31887beaa.webp,data\raw\eda.rambler.ru_media_recepty_chto-prigotovit-s-cheremshoy\eda.rambler.ru_media_recepty_chto-prigotovit-s-cheremshoy_cand_000088_d31887beaa.webp,True,,True,320.0,320.0,WEBP,RGB,23884,102400.0,1.0,,True,,[],0.4817970051893819,0,False,False,,,False,
https://eda.rambler.ru/media/recepty/chto-prigotovit-s-cheremshoy,https://eda.rambler.ru/images/Article/480x480/kakie-ugli-vybrat-dlya-mangala_square.webp,source:srcset,,24,,,eda.rambler.ru,kakie-ugli-vybrat-dlya-mangala_square.webp,eda.rambler.ru_media_recepty_chto-prigotovit-s-cheremshoy_cand_000089,eda.rambler.ru_media_recepty_chto-prigotovit-s-cheremshoy,data\raw\eda.rambler.ru_media_recepty_chto-prigotovit-s-cheremshoy,eda.rambler.ru_media_recepty_chto-prigotovit-s-cheremshoy_cand_000089_6178dec2a1.webp,data\raw\eda.rambler.ru_media_recepty_chto-prigotovit-s-cheremshoy\eda.rambler.ru_media_recepty_chto-prigotovit-s-cheremshoy_cand_000089_6178dec2a1.webp,True,,True,480.0,480.0,WEBP,RGB,41878,230400.0,1.0,,True,,[],0.43918076805913075,0,False,False,,,False,
https://eda.rambler.ru/media/recepty/chto-prigotovit-s-cheremshoy,https://eda.rambler.ru/images/Article/640x640/kakie-ugli-vybrat-dlya-mangala_square.webp,source:srcset,,24,,,eda.rambler.ru,kakie-ugli-vybrat-dlya-mangala_square.webp,eda.rambler.ru_media_recepty_chto-prigotovit-s-cheremshoy_cand_000090,eda.rambler.ru_media_recepty_chto-prigotovit-s-cheremshoy,data\raw\eda.rambler.ru_media_recepty_chto-prigotovit-s-cheremshoy,eda.rambler.ru_media_recepty_chto-prigotovit-s-cheremshoy_cand_000090_6af5bb406c.webp,data\raw\eda.rambler.ru_media_recepty_chto-prigotovit-s-cheremshoy\eda.rambler.ru_media_recepty_chto-prigotovit-s-cheremshoy_cand_000090_6af5bb406c.webp,True,,True,640.0,640.0,WEBP,RGB,63416,409600.0,1.0,,True,,[],0.39770646355758155,0,False,False,,,False,
https://eda.rambler.ru/media/recepty/chto-prigotovit-s-cheremshoy,https://eda.rambler.ru/images/Article/480x480/kakie-ugli-vybrat-dlya-mangala_square.jpg,source:srcset,,25,,,eda.rambler.ru,kakie-ugli-vybrat-dlya-mangala_square.jpg,eda.rambler.ru_media_recepty_chto-prigotovit-s-cheremshoy_cand_000091,eda.rambler.ru_media_recepty_chto-prigotovit-s-cheremshoy,data\raw\eda.rambler.ru_media_recepty_chto-prigotovit-s-cheremshoy,eda.rambler.ru_media_recepty_chto-prigotovit-s-cheremshoy_cand_000091_18d434ca55.jpg,data\raw\eda.rambler.ru_media_recepty_chto-prigotovit-s-cheremshoy\eda.rambler.ru_media_recepty_chto-prigotovit-s-cheremshoy_cand_000091_18d434ca55.jpg,True,,True,480.0,480.0,JPEG,RGB,91340,230400.0,1.0,,True,,[],0.47005403158014364,0,False,False,,,False,
https://eda.rambler.ru/media/recepty/chto-prigotovit-s-cheremshoy,https://eda.rambler.ru/images/Article/640x640/kakie-ugli-vybrat-dlya-mangala_square.jpg,source:srcset,,25,,,eda.rambler.ru,kakie-ugli-vybrat-dlya-mangala_square.jpg,eda.rambler.ru_media_recepty_chto-prigotovit-s-cheremshoy_cand_000092,eda.rambler.ru_media_recepty_chto-prigotovit-s-cheremshoy,data\raw\eda.rambler.ru_media_recepty_chto-prigotovit-s-cheremshoy,eda.rambler.ru_media_recepty_chto-prigotovit-s-cheremshoy_cand_000092_85136b7a2a.jpg,data\raw\eda.rambler.ru_media_recepty_chto-prigotovit-s-cheremshoy\eda.rambler.ru_media_recepty_chto-prigotovit-s-cheremshoy_cand_000092_85136b7a2a.jpg,True,,True,640.0,640.0,JPEG,RGB,142530,409600.0,1.0,,True,,[],0.4394549266409986,0,False,False,,,False,
https://eda.rambler.ru/media/recepty/chto-prigotovit-s-cheremshoy,https://eda.rambler.ru/images/Article/320x320/7-marinadov-dlya-shashlyka-iz-svininy_square.webp,source:srcset,,26,,,eda.rambler.ru,7-marinadov-dlya-shashlyka-iz-svininy_square.webp,eda.rambler.ru_media_recepty_chto-prigotovit-s-cheremshoy_cand_000093,eda.rambler.ru_media_recepty_chto-prigotovit-s-cheremshoy,data\raw\eda.rambler.ru_media_recepty_chto-prigotovit-s-cheremshoy,eda.rambler.ru_media_recepty_chto-prigotovit-s-cheremshoy_cand_000093_60ad0717b7.webp,data\raw\eda.rambler.ru_media_recepty_chto-prigotovit-s-cheremshoy\eda.rambler.ru_media_recepty_chto-prigotovit-s-cheremshoy_cand_000093_60ad0717b7.webp,True,,True,320.0,320.0,WEBP,RGB,37852,102400.0,1.0,,True,,[],0.49936427599747923,1,False,True,semantic:https://eda.rambler.ru/images/article/7-marinadov-dlya-shashlyka-iz-svininy_square,2,True,semantic_duplicate_removed
https://eda.rambler.ru/media/recepty/chto-prigotovit-s-cheremshoy,https://eda.rambler.ru/images/Article/480x480/7-marinadov-dlya-shashlyka-iz-svininy_square.webp,source:srcset,,26,,,eda.rambler.ru,7-marinadov-dlya-shashlyka-iz-svininy_square.webp,eda.rambler.ru_media_recepty_chto-prigotovit-s-cheremshoy_cand_000094,eda.rambler.ru_media_recepty_chto-prigotovit-s-cheremshoy,data\raw\eda.rambler.ru_media_recepty_chto-prigotovit-s-cheremshoy,eda.rambler.ru_media_recepty_chto-prigotovit-s-cheremshoy_cand_000094_999dd54d39.webp,data\raw\eda.rambler.ru_media_recepty_chto-prigotovit-s-cheremshoy\eda.rambler.ru_media_recepty_chto-prigotovit-s-cheremshoy_cand_000094_999dd54d39.webp,True,,True,480.0,480.0,WEBP,RGB,57472,230400.0,1.0,,True,,[],0.45720404763231376,0,False,False,,,False,
https://eda.rambler.ru/media/recepty/chto-prigotovit-s-cheremshoy,https://eda.rambler.ru/images/Article/640x640/7-marinadov-dlya-shashlyka-iz-svininy_square.webp,source:srcset,,26,,,eda.rambler.ru,7-marinadov-dlya-shashlyka-iz-svininy_square.webp,eda.rambler.ru_media_recepty_chto-prigotovit-s-cheremshoy_cand_000095,eda.rambler.ru_media_recepty_chto-prigotovit-s-cheremshoy,data\raw\eda.rambler.ru_media_recepty_chto-prigotovit-s-cheremshoy,eda.rambler.ru_media_recepty_chto-prigotovit-s-cheremshoy_cand_000095_179c3038da.webp,data\raw\eda.rambler.ru_media_recepty_chto-prigotovit-s-cheremshoy\eda.rambler.ru_media_recepty_chto-prigotovit-s-cheremshoy_cand_000095_179c3038da.webp,True,,True,640.0,640.0,WEBP,RGB,80120,409600.0,1.0,,True,,[],0.4157162321957315,0,False,False,,,False,
https://eda.rambler.ru/media/recepty/chto-prigotovit-s-cheremshoy,https://eda.rambler.ru/images/Article/480x480/7-marinadov-dlya-shashlyka-iz-svininy_square.jpg,source:srcset,,27,,,eda.rambler.ru,7-marinadov-dlya-shashlyka-iz-svininy_square.jpg,eda.rambler.ru_media_recepty_chto-prigotovit-s-cheremshoy_cand_000096,eda.rambler.ru_media_recepty_chto-prigotovit-s-cheremshoy,data\raw\eda.rambler.ru_media_recepty_chto-prigotovit-s-cheremshoy,eda.rambler.ru_media_recepty_chto-prigotovit-s-cheremshoy_cand_000096_05f6cd35ab.jpg,data\raw\eda.rambler.ru_media_recepty_chto-prigotovit-s-cheremshoy\eda.rambler.ru_media_recepty_chto-prigotovit-s-cheremshoy_cand_000096_05f6cd35ab.jpg,True,,True,480.0,480.0,JPEG,RGB,98945,230400.0,1.0,,True,,[],0.48507132675765036,0,False,False,,,False,
https://eda.rambler.ru/media/recepty/chto-prigotovit-s-cheremshoy,https://eda.rambler.ru/images/Article/640x640/7-marinadov-dlya-shashlyka-iz-svininy_square.jpg,source:srcset,,27,,,eda.rambler.ru,7-marinadov-dlya-shashlyka-iz-svininy_square.jpg,eda.rambler.ru_media_recepty_chto-prigotovit-s-cheremshoy_cand_000097,eda.rambler.ru_media_recepty_chto-prigotovit-s-cheremshoy,data\raw\eda.rambler.ru_media_recepty_chto-prigotovit-s-cheremshoy,eda.rambler.ru_media_recepty_chto-prigotovit-s-cheremshoy_cand_000097_096b30016f.jpg,data\raw\eda.rambler.ru_media_recepty_chto-prigotovit-s-cheremshoy\eda.rambler.ru_media_recepty_chto-prigotovit-s-cheremshoy_cand_000097_096b30016f.jpg,True,,True,640.0,640.0,JPEG,RGB,149576,409600.0,1.0,,True,,[],0.4541126360347458,0,False,False,,,False,
https://eda.rambler.ru/media/recepty/chto-prigotovit-s-cheremshoy,https://eda.rambler.ru/images/Article/320x320/koryushka_square.webp,source:srcset,,28,,,eda.rambler.ru,koryushka_square.webp,eda.rambler.ru_media_recepty_chto-prigotovit-s-cheremshoy_cand_000098,eda.rambler.ru_media_recepty_chto-prigotovit-s-cheremshoy,data\raw\eda.rambler.ru_media_recepty_chto-prigotovit-s-cheremshoy,eda.rambler.ru_media_recepty_chto-prigotovit-s-cheremshoy_cand_000098_302f163bdb.webp,data\raw\eda.rambler.ru_media_recepty_chto-prigotovit-s-cheremshoy\eda.rambler.ru_media_recepty_chto-prigotovit-s-cheremshoy_cand_000098_302f163bdb.webp,True,,True,320.0,320.0,WEBP,RGB,44060,102400.0,1.0,,True,,[],0.45384509848390087,0,False,False,,,False,
https://eda.rambler.ru/media/recepty/chto-prigotovit-s-cheremshoy,https://eda.rambler.ru/images/Article/480x480/koryushka_square.webp,source:srcset,,28,,,eda.rambler.ru,koryushka_square.webp,eda.rambler.ru_media_recepty_chto-prigotovit-s-cheremshoy_cand_000099,eda.rambler.ru_media_recepty_chto-prigotovit-s-cheremshoy,data\raw\eda.rambler.ru_media_recepty_chto-prigotovit-s-cheremshoy,eda.rambler.ru_media_recepty_chto-prigotovit-s-cheremshoy_cand_000099_2b66214d2b.webp,data\raw\eda.rambler.ru_media_recepty_chto-prigotovit-s-cheremshoy\eda.rambler.ru_media_recepty_chto-prigotovit-s-cheremshoy_cand_000099_2b66214d2b.webp,True,,True,480.0,480.0,WEBP,RGB,83382,230400.0,1.0,,True,,[],0.419965527776914,0,False,False,,,False,
https://eda.rambler.ru/media/recepty/chto-prigotovit-s-cheremshoy,https://eda.rambler.ru/images/Article/640x640/koryushka_square.webp,source:srcset,,28,,,eda.rambler.ru,koryushka_square.webp,eda.rambler.ru_media_recepty_chto-prigotovit-s-cheremshoy_cand_000100,eda.rambler.ru_media_recepty_chto-prigotovit-s-cheremshoy,data\raw\eda.rambler.ru_media_recepty_chto-prigotovit-s-cheremshoy,eda.rambler.ru_media_recepty_chto-prigotovit-s-cheremshoy_cand_000100_59770b8132.webp,data\raw\eda.rambler.ru_media_recepty_chto-prigotovit-s-cheremshoy\eda.rambler.ru_media_recepty_chto-prigotovit-s-cheremshoy_cand_000100_59770b8132.webp,True,,True,640.0,640.0,WEBP,RGB,137866,409600.0,1.0,,True,,[],0.3914717082566543,0,False,False,,,False,
https://eda.rambler.ru/media/recepty/chto-prigotovit-s-cheremshoy,https://eda.rambler.ru/images/Article/480x480/koryushka_square.jpg,source:srcset,,29,,,eda.rambler.ru,koryushka_square.jpg,eda.rambler.ru_media_recepty_chto-prigotovit-s-cheremshoy_cand_000101,eda.rambler.ru_media_recepty_chto-prigotovit-s-cheremshoy,data\raw\eda.rambler.ru_media_recepty_chto-prigotovit-s-cheremshoy,eda.rambler.ru_media_recepty_chto-prigotovit-s-cheremshoy_cand_000101_5d0ffa72b7.jpg,data\raw\eda.rambler.ru_media_recepty_chto-prigotovit-s-cheremshoy\eda.rambler.ru_media_recepty_chto-prigotovit-s-cheremshoy_cand_000101_5d0ffa72b7.jpg,True,,True,480.0,480.0,JPEG,RGB,130254,230400.0,1.0,,True,,[],0.44955509202867744,0,False,False,,,False,
https://eda.rambler.ru/media/recepty/chto-prigotovit-s-cheremshoy,https://eda.rambler.ru/images/Article/640x640/koryushka_square.jpg,source:srcset,,29,,,eda.rambler.ru,koryushka_square.jpg,eda.rambler.ru_media_recepty_chto-prigotovit-s-cheremshoy_cand_000102,eda.rambler.ru_media_recepty_chto-prigotovit-s-cheremshoy,data\raw\eda.rambler.ru_media_recepty_chto-prigotovit-s-cheremshoy,eda.rambler.ru_media_recepty_chto-prigotovit-s-cheremshoy_cand_000102_345499ad4d.jpg,data\raw\eda.rambler.ru_media_recepty_chto-prigotovit-s-cheremshoy\eda.rambler.ru_media_recepty_chto-prigotovit-s-cheremshoy_cand_000102_345499ad4d.jpg,True,,True,640.0,640.0,JPEG,RGB,216809,409600.0,1.0,,True,,[],0.43296956769332084,0,False,False,,,False,
https://eda.rambler.ru/media/recepty/chto-prigotovit-s-cheremshoy,https://eda.rambler.ru/images/Article/320x320/kak-razzhech-mangal_square.webp,source:srcset,,30,,,eda.rambler.ru,kak-razzhech-mangal_square.webp,eda.rambler.ru_media_recepty_chto-prigotovit-s-cheremshoy_cand_000103,eda.rambler.ru_media_recepty_chto-prigotovit-s-cheremshoy,data\raw\eda.rambler.ru_media_recepty_chto-prigotovit-s-cheremshoy,eda.rambler.ru_media_recepty_chto-prigotovit-s-cheremshoy_cand_000103_2250abf20e.webp,data\raw\eda.rambler.ru_media_recepty_chto-prigotovit-s-cheremshoy\eda.rambler.ru_media_recepty_chto-prigotovit-s-cheremshoy_cand_000103_2250abf20e.webp,True,,True,320.0,320.0,WEBP,RGB,33832,102400.0,1.0,,True,,[],0.46688488478452755,0,False,False,,,False,
https://eda.rambler.ru/media/recepty/chto-prigotovit-s-cheremshoy,https://eda.rambler.ru/images/Article/480x480/kak-razzhech-mangal_square.webp,source:srcset,,30,,,eda.rambler.ru,kak-razzhech-mangal_square.webp,eda.rambler.ru_media_recepty_chto-prigotovit-s-cheremshoy_cand_000104,eda.rambler.ru_media_recepty_chto-prigotovit-s-cheremshoy,data\raw\eda.rambler.ru_media_recepty_chto-prigotovit-s-cheremshoy,eda.rambler.ru_media_recepty_chto-prigotovit-s-cheremshoy_cand_000104_8298043a87.webp,data\raw\eda.rambler.ru_media_recepty_chto-prigotovit-s-cheremshoy\eda.rambler.ru_media_recepty_chto-prigotovit-s-cheremshoy_cand_000104_8298043a87.webp,True,,True,480.0,480.0,WEBP,RGB,54338,230400.0,1.0,,True,,[],0.42548214069947027,0,False,False,,,False,
https://eda.rambler.ru/media/recepty/chto-prigotovit-s-cheremshoy,https://eda.rambler.ru/images/Article/640x640/kak-razzhech-mangal_square.webp,source:srcset,,30,,,eda.rambler.ru,kak-razzhech-mangal_square.webp,eda.rambler.ru_media_recepty_chto-prigotovit-s-cheremshoy_cand_000105,eda.rambler.ru_media_recepty_chto-prigotovit-s-cheremshoy,data\raw\eda.rambler.ru_media_recepty_chto-prigotovit-s-cheremshoy,eda.rambler.ru_media_recepty_chto-prigotovit-s-cheremshoy_cand_000105_0a1e53ce69.webp,data\raw\eda.rambler.ru_media_recepty_chto-prigotovit-s-cheremshoy\eda.rambler.ru_media_recepty_chto-prigotovit-s-cheremshoy_cand_000105_0a1e53ce69.webp,True,,True,640.0,640.0,WEBP,RGB,74646,409600.0,1.0,,True,,[],0.38395255137891054,0,False,False,,,False,
https://eda.rambler.ru/media/recepty/chto-prigotovit-s-cheremshoy,https://eda.rambler.ru/images/Article/480x480/kak-razzhech-mangal_square.jpg,source:srcset,,31,,,eda.rambler.ru,kak-razzhech-mangal_square.jpg,eda.rambler.ru_media_recepty_chto-prigotovit-s-cheremshoy_cand_000106,eda.rambler.ru_media_recepty_chto-prigotovit-s-cheremshoy,data\raw\eda.rambler.ru_media_recepty_chto-prigotovit-s-cheremshoy,eda.rambler.ru_media_recepty_chto-prigotovit-s-cheremshoy_cand_000106_43a2c4e6a1.jpg,data\raw\eda.rambler.ru_media_recepty_chto-prigotovit-s-cheremshoy\eda.rambler.ru_media_recepty_chto-prigotovit-s-cheremshoy_cand_000106_43a2c4e6a1.jpg,True,,True,480.0,480.0,JPEG,RGB,97135,230400.0,1.0,,True,,[],0.45355079977237944,0,False,False,,,False,
https://eda.rambler.ru/media/recepty/chto-prigotovit-s-cheremshoy,https://eda.rambler.ru/images/Article/640x640/kak-razzhech-mangal_square.jpg,source:srcset,,31,,,eda.rambler.ru,kak-razzhech-mangal_square.jpg,eda.rambler.ru_media_recepty_chto-prigotovit-s-cheremshoy_cand_000107,eda.rambler.ru_media_recepty_chto-prigotovit-s-cheremshoy,data\raw\eda.rambler.ru_media_recepty_chto-prigotovit-s-cheremshoy,eda.rambler.ru_media_recepty_chto-prigotovit-s-cheremshoy_cand_000107_43d6583f1e.jpg,data\raw\eda.rambler.ru_media_recepty_chto-prigotovit-s-cheremshoy\eda.rambler.ru_media_recepty_chto-prigotovit-s-cheremshoy_cand_000107_43d6583f1e.jpg,True,,True,640.0,640.0,JPEG,RGB,146388,409600.0,1.0,,True,,[],0.4224173633804541,0,False,False,,,False,
https://eda.rambler.ru/media/recepty/chto-prigotovit-s-cheremshoy,https://eda.rambler.ru/images/Article/320x320/kak-dobitsya-ot-obychnoy-plity-effekta-mangala_square.webp,source:srcset,,32,,,eda.rambler.ru,kak-dobitsya-ot-obychnoy-plity-effekta-mangala_square.webp,eda.rambler.ru_media_recepty_chto-prigotovit-s-cheremshoy_cand_000108,eda.rambler.ru_media_recepty_chto-prigotovit-s-cheremshoy,data\raw\eda.rambler.ru_media_recepty_chto-prigotovit-s-cheremshoy,eda.rambler.ru_media_recepty_chto-prigotovit-s-cheremshoy_cand_000108_269c483172.webp,data\raw\eda.rambler.ru_media_recepty_chto-prigotovit-s-cheremshoy\eda.rambler.ru_media_recepty_chto-prigotovit-s-cheremshoy_cand_000108_269c483172.webp,True,,True,320.0,320.0,WEBP,RGB,36460,102400.0,1.0,,True,,[],0.5142735210912912,1,False,True,semantic:https://eda.rambler.ru/images/article/kak-dobitsya-ot-obychnoy-plity-effekta-mangala_square,2,True,semantic_duplicate_removed
https://eda.rambler.ru/media/recepty/chto-prigotovit-s-cheremshoy,https://eda.rambler.ru/images/Article/480x480/kak-dobitsya-ot-obychnoy-plity-effekta-mangala_square.webp,source:srcset,,32,,,eda.rambler.ru,kak-dobitsya-ot-obychnoy-plity-effekta-mangala_square.webp,eda.rambler.ru_media_recepty_chto-prigotovit-s-cheremshoy_cand_000109,eda.rambler.ru_media_recepty_chto-prigotovit-s-cheremshoy,data\raw\eda.rambler.ru_media_recepty_chto-prigotovit-s-cheremshoy,eda.rambler.ru_media_recepty_chto-prigotovit-s-cheremshoy_cand_000109_4d7dd00128.webp,data\raw\eda.rambler.ru_media_recepty_chto-prigotovit-s-cheremshoy\eda.rambler.ru_media_recepty_chto-prigotovit-s-cheremshoy_cand_000109_4d7dd00128.webp,True,,True,480.0,480.0,WEBP,RGB,63762,230400.0,1.0,,True,,[],0.47508317919704596,0,False,False,,,False,
https://eda.rambler.ru/media/recepty/chto-prigotovit-s-cheremshoy,https://eda.rambler.ru/images/Article/640x640/kak-dobitsya-ot-obychnoy-plity-effekta-mangala_square.webp,source:srcset,,32,,,eda.rambler.ru,kak-dobitsya-ot-obychnoy-plity-effekta-mangala_square.webp,eda.rambler.ru_media_recepty_chto-prigotovit-s-cheremshoy_cand_000110,eda.rambler.ru_media_recepty_chto-prigotovit-s-cheremshoy,data\raw\eda.rambler.ru_media_recepty_chto-prigotovit-s-cheremshoy,eda.rambler.ru_media_recepty_chto-prigotovit-s-cheremshoy_cand_000110_f237b9e521.webp,data\raw\eda.rambler.ru_media_recepty_chto-prigotovit-s-cheremshoy\eda.rambler.ru_media_recepty_chto-prigotovit-s-cheremshoy_cand_000110_f237b9e521.webp,True,,True,640.0,640.0,WEBP,RGB,98326,409600.0,1.0,,True,,[],0.43792097426080706,0,False,False,,,False,
https://eda.rambler.ru/media/recepty/chto-prigotovit-s-cheremshoy,https://eda.rambler.ru/images/Article/480x480/kak-dobitsya-ot-obychnoy-plity-effekta-mangala_square.jpg,source:srcset,,33,,,eda.rambler.ru,kak-dobitsya-ot-obychnoy-plity-effekta-mangala_square.jpg,eda.rambler.ru_media_recepty_chto-prigotovit-s-cheremshoy_cand_000111,eda.rambler.ru_media_recepty_chto-prigotovit-s-cheremshoy,data\raw\eda.rambler.ru_media_recepty_chto-prigotovit-s-cheremshoy,eda.rambler.ru_media_recepty_chto-prigotovit-s-cheremshoy_cand_000111_79246551e4.jpg,data\raw\eda.rambler.ru_media_recepty_chto-prigotovit-s-cheremshoy\eda.rambler.ru_media_recepty_chto-prigotovit-s-cheremshoy_cand_000111_79246551e4.jpg,True,,True,480.0,480.0,JPEG,RGB,116940,230400.0,1.0,,True,,[],0.5076774747959691,1,False,True,semantic:https://eda.rambler.ru/images/article/kak-dobitsya-ot-obychnoy-plity-effekta-mangala_square,3,True,semantic_duplicate_removed
https://eda.rambler.ru/media/recepty/chto-prigotovit-s-cheremshoy,https://eda.rambler.ru/images/Article/640x640/kak-dobitsya-ot-obychnoy-plity-effekta-mangala_square.jpg,source:srcset,,33,,,eda.rambler.ru,kak-dobitsya-ot-obychnoy-plity-effekta-mangala_square.jpg,eda.rambler.ru_media_recepty_chto-prigotovit-s-cheremshoy_cand_000112,eda.rambler.ru_media_recepty_chto-prigotovit-s-cheremshoy,data\raw\eda.rambler.ru_media_recepty_chto-prigotovit-s-cheremshoy,eda.rambler.ru_media_recepty_chto-prigotovit-s-cheremshoy_cand_000112_b8b2960d0a.jpg,data\raw\eda.rambler.ru_media_recepty_chto-prigotovit-s-cheremshoy\eda.rambler.ru_media_recepty_chto-prigotovit-s-cheremshoy_cand_000112_b8b2960d0a.jpg,True,,True,640.0,640.0,JPEG,RGB,187041,409600.0,1.0,,True,,[],0.48433049603354494,0,False,False,,,False,
https://eda.rambler.ru/media/recepty/chto-prigotovit-s-cheremshoy,https://eda.rambler.ru/images/Article/320x320/sem-receptov-so-sparzhey_square.webp,source:srcset,,34,,,eda.rambler.ru,sem-receptov-so-sparzhey_square.webp,eda.rambler.ru_media_recepty_chto-prigotovit-s-cheremshoy_cand_000113,eda.rambler.ru_media_recepty_chto-prigotovit-s-cheremshoy,data\raw\eda.rambler.ru_media_recepty_chto-prigotovit-s-cheremshoy,eda.rambler.ru_media_recepty_chto-prigotovit-s-cheremshoy_cand_000113_9f4d357815.webp,data\raw\eda.rambler.ru_media_recepty_chto-prigotovit-s-cheremshoy\eda.rambler.ru_media_recepty_chto-prigotovit-s-cheremshoy_cand_000113_9f4d357815.webp,True,,True,320.0,320.0,WEBP,RGB,33784,102400.0,1.0,,True,,[],0.4754292250056434,0,False,False,,,False,
https://eda.rambler.ru/media/recepty/chto-prigotovit-s-cheremshoy,https://eda.rambler.ru/images/Article/480x480/sem-receptov-so-sparzhey_square.webp,source:srcset,,34,,,eda.rambler.ru,sem-receptov-so-sparzhey_square.webp,eda.rambler.ru_media_recepty_chto-prigotovit-s-cheremshoy_cand_000114,eda.rambler.ru_media_recepty_chto-prigotovit-s-cheremshoy,data\raw\eda.rambler.ru_media_recepty_chto-prigotovit-s-cheremshoy,eda.rambler.ru_media_recepty_chto-prigotovit-s-cheremshoy_cand_000114_e3e51aff8c.webp,data\raw\eda.rambler.ru_media_recepty_chto-prigotovit-s-cheremshoy\eda.rambler.ru_media_recepty_chto-prigotovit-s-cheremshoy_cand_000114_e3e51aff8c.webp,True,,True,480.0,480.0,WEBP,RGB,55026,230400.0,1.0,,True,,[],0.43417260720956596,0,False,False,,,False,
https://eda.rambler.ru/media/recepty/chto-prigotovit-s-cheremshoy,https://eda.rambler.ru/images/Article/640x640/sem-receptov-so-sparzhey_square.webp,source:srcset,,34,,,eda.rambler.ru,sem-receptov-so-sparzhey_square.webp,eda.rambler.ru_media_recepty_chto-prigotovit-s-cheremshoy_cand_000115,eda.rambler.ru_media_recepty_chto-prigotovit-s-cheremshoy,data\raw\eda.rambler.ru_media_recepty_chto-prigotovit-s-cheremshoy,eda.rambler.ru_media_recepty_chto-prigotovit-s-cheremshoy_cand_000115_af9038259a.webp,data\raw\eda.rambler.ru_media_recepty_chto-prigotovit-s-cheremshoy\eda.rambler.ru_media_recepty_chto-prigotovit-s-cheremshoy_cand_000115_af9038259a.webp,True,,True,640.0,640.0,WEBP,RGB,81298,409600.0,1.0,,True,,[],0.39463480401866297,0,False,False,,,False,
https://eda.rambler.ru/media/recepty/chto-prigotovit-s-cheremshoy,https://eda.rambler.ru/images/Article/480x480/sem-receptov-so-sparzhey_square.jpg,source:srcset,,35,,,eda.rambler.ru,sem-receptov-so-sparzhey_square.jpg,eda.rambler.ru_media_recepty_chto-prigotovit-s-cheremshoy_cand_000116,eda.rambler.ru_media_recepty_chto-prigotovit-s-cheremshoy,data\raw\eda.rambler.ru_media_recepty_chto-prigotovit-s-cheremshoy,eda.rambler.ru_media_recepty_chto-prigotovit-s-cheremshoy_cand_000116_6af3281e88.jpg,data\raw\eda.rambler.ru_media_recepty_chto-prigotovit-s-cheremshoy\eda.rambler.ru_media_recepty_chto-prigotovit-s-cheremshoy_cand_000116_6af3281e88.jpg,True,,True,480.0,480.0,JPEG,RGB,102746,230400.0,1.0,,True,,[],0.4642974672077015,0,False,False,,,False,
https://eda.rambler.ru/media/recepty/chto-prigotovit-s-cheremshoy,https://eda.rambler.ru/images/Article/640x640/sem-receptov-so-sparzhey_square.jpg,source:srcset,,35,,,eda.rambler.ru,sem-receptov-so-sparzhey_square.jpg,eda.rambler.ru_media_recepty_chto-prigotovit-s-cheremshoy_cand_000117,eda.rambler.ru_media_recepty_chto-prigotovit-s-cheremshoy,data\raw\eda.rambler.ru_media_recepty_chto-prigotovit-s-cheremshoy,eda.rambler.ru_media_recepty_chto-prigotovit-s-cheremshoy_cand_000117_c94d36bf38.jpg,data\raw\eda.rambler.ru_media_recepty_chto-prigotovit-s-cheremshoy\eda.rambler.ru_media_recepty_chto-prigotovit-s-cheremshoy_cand_000117_c94d36bf38.jpg,True,,True,640.0,640.0,JPEG,RGB,161859,409600.0,1.0,,True,,[],0.4368597191638128,0,False,False,,,False,
https://eda.rambler.ru/media/recepty/chto-prigotovit-s-cheremshoy,https://eda.rambler.ru/images/Article/320x320/reven_square.webp,source:srcset,,36,,,eda.rambler.ru,reven_square.webp,eda.rambler.ru_media_recepty_chto-prigotovit-s-cheremshoy_cand_000118,eda.rambler.ru_media_recepty_chto-prigotovit-s-cheremshoy,data\raw\eda.rambler.ru_media_recepty_chto-prigotovit-s-cheremshoy,eda.rambler.ru_media_recepty_chto-prigotovit-s-cheremshoy_cand_000118_d3948745d1.webp,data\raw\eda.rambler.ru_media_recepty_chto-prigotovit-s-cheremshoy\eda.rambler.ru_media_recepty_chto-prigotovit-s-cheremshoy_cand_000118_d3948745d1.webp,True,,True,320.0,320.0,WEBP,RGB,17510,102400.0,1.0,,True,,[],0.4366397658015104,0,False,False,,,False,
https://eda.rambler.ru/media/recepty/chto-prigotovit-s-cheremshoy,https://eda.rambler.ru/images/Article/480x480/reven_square.webp,source:srcset,,36,,,eda.rambler.ru,reven_square.webp,eda.rambler.ru_media_recepty_chto-prigotovit-s-cheremshoy_cand_000119,eda.rambler.ru_media_recepty_chto-prigotovit-s-cheremshoy,data\raw\eda.rambler.ru_media_recepty_chto-prigotovit-s-cheremshoy,eda.rambler.ru_media_recepty_chto-prigotovit-s-cheremshoy_cand_000119_e90f41bb24.webp,data\raw\eda.rambler.ru_media_recepty_chto-prigotovit-s-cheremshoy\eda.rambler.ru_media_recepty_chto-prigotovit-s-cheremshoy_cand_000119_e90f41bb24.webp,True,,True,480.0,480.0,WEBP,RGB,25712,230400.0,1.0,,True,,[],0.39126292079754116,0,False,False,,,False,
https://eda.rambler.ru/media/recepty/chto-prigotovit-s-cheremshoy,https://eda.rambler.ru/images/Article/640x640/reven_square.webp,source:srcset,,36,,,eda.rambler.ru,reven_square.webp,eda.rambler.ru_media_recepty_chto-prigotovit-s-cheremshoy_cand_000120,eda.rambler.ru_media_recepty_chto-prigotovit-s-cheremshoy,data\raw\eda.rambler.ru_media_recepty_chto-prigotovit-s-cheremshoy,eda.rambler.ru_media_recepty_chto-prigotovit-s-cheremshoy_cand_000120_fd504d3fd4.webp,data\raw\eda.rambler.ru_media_recepty_chto-prigotovit-s-cheremshoy\eda.rambler.ru_media_recepty_chto-prigotovit-s-cheremshoy_cand_000120_fd504d3fd4.webp,True,,True,640.0,640.0,WEBP,RGB,38208,409600.0,1.0,,True,,[],0.3482112351061983,0,False,False,,,False,
https://eda.rambler.ru/media/recepty/chto-prigotovit-s-cheremshoy,https://eda.rambler.ru/images/Article/480x480/reven_square.jpg,source:srcset,,37,,,eda.rambler.ru,reven_square.jpg,eda.rambler.ru_media_recepty_chto-prigotovit-s-cheremshoy_cand_000121,eda.rambler.ru_media_recepty_chto-prigotovit-s-cheremshoy,data\raw\eda.rambler.ru_media_recepty_chto-prigotovit-s-cheremshoy,eda.rambler.ru_media_recepty_chto-prigotovit-s-cheremshoy_cand_000121_43c33db25d.jpg,data\raw\eda.rambler.ru_media_recepty_chto-prigotovit-s-cheremshoy\eda.rambler.ru_media_recepty_chto-prigotovit-s-cheremshoy_cand_000121_43c33db25d.jpg,True,,True,480.0,480.0,JPEG,RGB,57861,230400.0,1.0,,True,,[],0.4146088525404543,0,False,False,,,False,
https://eda.rambler.ru/media/recepty/chto-prigotovit-s-cheremshoy,https://eda.rambler.ru/images/Article/640x640/reven_square.jpg,source:srcset,,37,,,eda.rambler.ru,reven_square.jpg,eda.rambler.ru_media_recepty_chto-prigotovit-s-cheremshoy_cand_000122,eda.rambler.ru_media_recepty_chto-prigotovit-s-cheremshoy,data\raw\eda.rambler.ru_media_recepty_chto-prigotovit-s-cheremshoy,eda.rambler.ru_media_recepty_chto-prigotovit-s-cheremshoy_cand_000122_c68f0dec1f.jpg,data\raw\eda.rambler.ru_media_recepty_chto-prigotovit-s-cheremshoy\eda.rambler.ru_media_recepty_chto-prigotovit-s-cheremshoy_cand_000122_c68f0dec1f.jpg,True,,True,640.0,640.0,JPEG,RGB,94756,409600.0,1.0,,True,,[],0.3796353035798976,0,False,False,,,False,
https://eda.rambler.ru/media/recepty/chto-prigotovit-s-cheremshoy,https://eda.rambler.ru/images/Article/320x320/syrniki-iz-tvoroga-pyshnye-bez-muki-v-duhovke_square.webp,source:srcset,,38,,,eda.rambler.ru,syrniki-iz-tvoroga-pyshnye-bez-muki-v-duhovke_square.webp,eda.rambler.ru_media_recepty_chto-prigotovit-s-cheremshoy_cand_000123,eda.rambler.ru_media_recepty_chto-prigotovit-s-cheremshoy,data\raw\eda.rambler.ru_media_recepty_chto-prigotovit-s-cheremshoy,eda.rambler.ru_media_recepty_chto-prigotovit-s-cheremshoy_cand_000123_f32877e987.webp,data\raw\eda.rambler.ru_media_recepty_chto-prigotovit-s-cheremshoy\eda.rambler.ru_media_recepty_chto-prigotovit-s-cheremshoy_cand_000123_f32877e987.webp,True,,True,320.0,320.0,WEBP,RGB,22756,102400.0,1.0,,True,,[],0.5071169954802188,1,False,True,semantic:https://eda.rambler.ru/images/article/syrniki-iz-tvoroga-pyshnye-bez-muki-v-duhovke_square,2,True,semantic_duplicate_removed
https://eda.rambler.ru/media/recepty/chto-prigotovit-s-cheremshoy,https://eda.rambler.ru/images/Article/480x480/syrniki-iz-tvoroga-pyshnye-bez-muki-v-duhovke_square.webp,source:srcset,,38,,,eda.rambler.ru,syrniki-iz-tvoroga-pyshnye-bez-muki-v-duhovke_square.webp,eda.rambler.ru_media_recepty_chto-prigotovit-s-cheremshoy_cand_000124,eda.rambler.ru_media_recepty_chto-prigotovit-s-cheremshoy,data\raw\eda.rambler.ru_media_recepty_chto-prigotovit-s-cheremshoy,eda.rambler.ru_media_recepty_chto-prigotovit-s-cheremshoy_cand_000124_4fe44cfb96.webp,data\raw\eda.rambler.ru_media_recepty_chto-prigotovit-s-cheremshoy\eda.rambler.ru_media_recepty_chto-prigotovit-s-cheremshoy_cand_000124_4fe44cfb96.webp,True,,True,480.0,480.0,WEBP,RGB,44726,230400.0,1.0,,True,,[],0.465838705997686,0,False,False,,,False,
https://eda.rambler.ru/media/recepty/chto-prigotovit-s-cheremshoy,https://eda.rambler.ru/images/Article/640x640/syrniki-iz-tvoroga-pyshnye-bez-muki-v-duhovke_square.webp,source:srcset,,38,,,eda.rambler.ru,syrniki-iz-tvoroga-pyshnye-bez-muki-v-duhovke_square.webp,eda.rambler.ru_media_recepty_chto-prigotovit-s-cheremshoy_cand_000125,eda.rambler.ru_media_recepty_chto-prigotovit-s-cheremshoy,data\raw\eda.rambler.ru_media_recepty_chto-prigotovit-s-cheremshoy,eda.rambler.ru_media_recepty_chto-prigotovit-s-cheremshoy_cand_000125_0a735c581f.webp,data\raw\eda.rambler.ru_media_recepty_chto-prigotovit-s-cheremshoy\eda.rambler.ru_media_recepty_chto-prigotovit-s-cheremshoy_cand_000125_0a735c581f.webp,True,,True,640.0,640.0,WEBP,RGB,69240,409600.0,1.0,,True,,[],0.42490373070069254,0,False,False,,,False,
https://eda.rambler.ru/media/recepty/chto-prigotovit-s-cheremshoy,https://eda.rambler.ru/images/Article/480x480/syrniki-iz-tvoroga-pyshnye-bez-muki-v-duhovke_square.jpg,source:srcset,,39,,,eda.rambler.ru,syrniki-iz-tvoroga-pyshnye-bez-muki-v-duhovke_square.jpg,eda.rambler.ru_media_recepty_chto-prigotovit-s-cheremshoy_cand_000126,eda.rambler.ru_media_recepty_chto-prigotovit-s-cheremshoy,data\raw\eda.rambler.ru_media_recepty_chto-prigotovit-s-cheremshoy,eda.rambler.ru_media_recepty_chto-prigotovit-s-cheremshoy_cand_000126_172ba1aa69.jpg,data\raw\eda.rambler.ru_media_recepty_chto-prigotovit-s-cheremshoy\eda.rambler.ru_media_recepty_chto-prigotovit-s-cheremshoy_cand_000126_172ba1aa69.jpg,True,,True,480.0,480.0,JPEG,RGB,87758,230400.0,1.0,,True,,[],0.4943724870391691,1,False,True,semantic:https://eda.rambler.ru/images/article/syrniki-iz-tvoroga-pyshnye-bez-muki-v-duhovke_square,3,True,semantic_duplicate_removed
https://eda.rambler.ru/media/recepty/chto-prigotovit-s-cheremshoy,https://eda.rambler.ru/images/Article/640x640/syrniki-iz-tvoroga-pyshnye-bez-muki-v-duhovke_square.jpg,source:srcset,,39,,,eda.rambler.ru,syrniki-iz-tvoroga-pyshnye-bez-muki-v-duhovke_square.jpg,eda.rambler.ru_media_recepty_chto-prigotovit-s-cheremshoy_cand_000127,eda.rambler.ru_media_recepty_chto-prigotovit-s-cheremshoy,data\raw\eda.rambler.ru_media_recepty_chto-prigotovit-s-cheremshoy,eda.rambler.ru_media_recepty_chto-prigotovit-s-cheremshoy_cand_000127_5e430f3d6f.jpg,data\raw\eda.rambler.ru_media_recepty_chto-prigotovit-s-cheremshoy\eda.rambler.ru_media_recepty_chto-prigotovit-s-cheremshoy_cand_000127_5e430f3d6f.jpg,True,,True,640.0,640.0,JPEG,RGB,139564,409600.0,1.0,,True,,[],0.4638184264968017,0,False,False,,,False,
https://eda.rambler.ru/media/recepty/chto-prigotovit-s-cheremshoy,https://eda.rambler.ru/images/Article/320x320/shashlyk-iz-indeyki-legkaya-alternativa-svinine_square.webp,source:srcset,,40,,,eda.rambler.ru,shashlyk-iz-indeyki-legkaya-alternativa-svinine_square.webp,eda.rambler.ru_media_recepty_chto-prigotovit-s-cheremshoy_cand_000128,eda.rambler.ru_media_recepty_chto-prigotovit-s-cheremshoy,data\raw\eda.rambler.ru_media_recepty_chto-prigotovit-s-cheremshoy,eda.rambler.ru_media_recepty_chto-prigotovit-s-cheremshoy_cand_000128_02a7cb275d.webp,data\raw\eda.rambler.ru_media_recepty_chto-prigotovit-s-cheremshoy\eda.rambler.ru_media_recepty_chto-prigotovit-s-cheremshoy_cand_000128_02a7cb275d.webp,True,,True,320.0,320.0,WEBP,RGB,28876,102400.0,1.0,,True,,[],0.5129815042125266,1,False,True,semantic:https://eda.rambler.ru/images/article/shashlyk-iz-indeyki-legkaya-alternativa-svinine_square,2,True,semantic_duplicate_removed
https://eda.rambler.ru/media/recepty/chto-prigotovit-s-cheremshoy,https://eda.rambler.ru/images/Article/480x480/shashlyk-iz-indeyki-legkaya-alternativa-svinine_square.webp,source:srcset,,40,,,eda.rambler.ru,shashlyk-iz-indeyki-legkaya-alternativa-svinine_square.webp,eda.rambler.ru_media_recepty_chto-prigotovit-s-cheremshoy_cand_000129,eda.rambler.ru_media_recepty_chto-prigotovit-s-cheremshoy,data\raw\eda.rambler.ru_media_recepty_chto-prigotovit-s-cheremshoy,eda.rambler.ru_media_recepty_chto-prigotovit-s-cheremshoy_cand_000129_942188c723.webp,data\raw\eda.rambler.ru_media_recepty_chto-prigotovit-s-cheremshoy\eda.rambler.ru_media_recepty_chto-prigotovit-s-cheremshoy_cand_000129_942188c723.webp,True,,True,480.0,480.0,WEBP,RGB,58448,230400.0,1.0,,True,,[],0.474692546008919,0,False,False,,,False,
https://eda.rambler.ru/media/recepty/chto-prigotovit-s-cheremshoy,https://eda.rambler.ru/images/Article/640x640/shashlyk-iz-indeyki-legkaya-alternativa-svinine_square.webp,source:srcset,,40,,,eda.rambler.ru,shashlyk-iz-indeyki-legkaya-alternativa-svinine_square.webp,eda.rambler.ru_media_recepty_chto-prigotovit-s-cheremshoy_cand_000130,eda.rambler.ru_media_recepty_chto-prigotovit-s-cheremshoy,data\raw\eda.rambler.ru_media_recepty_chto-prigotovit-s-cheremshoy,eda.rambler.ru_media_recepty_chto-prigotovit-s-cheremshoy_cand_000130_e485095b4b.webp,data\raw\eda.rambler.ru_media_recepty_chto-prigotovit-s-cheremshoy\eda.rambler.ru_media_recepty_chto-prigotovit-s-cheremshoy_cand_000130_e485095b4b.webp,True,,True,640.0,640.0,WEBP,RGB,94098,409600.0,1.0,,True,,[],0.43795996502372414,0,False,False,,,False,
https://eda.rambler.ru/media/recepty/chto-prigotovit-s-cheremshoy,https://eda.rambler.ru/images/Article/480x480/shashlyk-iz-indeyki-legkaya-alternativa-svinine_square.jpg,source:srcset,,41,,,eda.rambler.ru,shashlyk-iz-indeyki-legkaya-alternativa-svinine_square.jpg,eda.rambler.ru_media_recepty_chto-prigotovit-s-cheremshoy_cand_000131,eda.rambler.ru_media_recepty_chto-prigotovit-s-cheremshoy,data\raw\eda.rambler.ru_media_recepty_chto-prigotovit-s-cheremshoy,eda.rambler.ru_media_recepty_chto-prigotovit-s-cheremshoy_cand_000131_74f26fc227.jpg,data\raw\eda.rambler.ru_media_recepty_chto-prigotovit-s-cheremshoy\eda.rambler.ru_media_recepty_chto-prigotovit-s-cheremshoy_cand_000131_74f26fc227.jpg,True,,True,480.0,480.0,JPEG,RGB,84306,230400.0,1.0,,True,,[],0.49643846745864373,1,False,True,semantic:https://eda.rambler.ru/images/article/shashlyk-iz-indeyki-legkaya-alternativa-svinine_square,3,True,semantic_duplicate_removed
https://eda.rambler.ru/media/recepty/chto-prigotovit-s-cheremshoy,https://eda.rambler.ru/images/Article/640x640/shashlyk-iz-indeyki-legkaya-alternativa-svinine_square.jpg,source:srcset,,41,,,eda.rambler.ru,shashlyk-iz-indeyki-legkaya-alternativa-svinine_square.jpg,eda.rambler.ru_media_recepty_chto-prigotovit-s-cheremshoy_cand_000132,eda.rambler.ru_media_recepty_chto-prigotovit-s-cheremshoy,data\raw\eda.rambler.ru_media_recepty_chto-prigotovit-s-cheremshoy,eda.rambler.ru_media_recepty_chto-prigotovit-s-cheremshoy_cand_000132_5ddf3efa3a.jpg,data\raw\eda.rambler.ru_media_recepty_chto-prigotovit-s-cheremshoy\eda.rambler.ru_media_recepty_chto-prigotovit-s-cheremshoy_cand_000132_5ddf3efa3a.jpg,True,,True,640.0,640.0,JPEG,RGB,138919,409600.0,1.0,,True,,[],0.4669839286095394,0,False,False,,,False,
https://eda.rambler.ru/media/recepty/chto-prigotovit-s-cheremshoy,https://eda.rambler.ru/images/Article/320x320/panini-s-mocarelloy-i-pesto-italyanskiy-perekus_square.webp,source:srcset,,42,,,eda.rambler.ru,panini-s-mocarelloy-i-pesto-italyanskiy-perekus_square.webp,eda.rambler.ru_media_recepty_chto-prigotovit-s-cheremshoy_cand_000133,eda.rambler.ru_media_recepty_chto-prigotovit-s-cheremshoy,data\raw\eda.rambler.ru_media_recepty_chto-prigotovit-s-cheremshoy,eda.rambler.ru_media_recepty_chto-prigotovit-s-cheremshoy_cand_000133_f44e8ae3f7.webp,data\raw\eda.rambler.ru_media_recepty_chto-prigotovit-s-cheremshoy\eda.rambler.ru_media_recepty_chto-prigotovit-s-cheremshoy_cand_000133_f44e8ae3f7.webp,True,,True,320.0,320.0,WEBP,RGB,22536,102400.0,1.0,,True,,[],0.5104654470817767,1,False,True,semantic:https://eda.rambler.ru/images/article/panini-s-mocarelloy-i-pesto-italyanskiy-perekus_square,2,True,semantic_duplicate_removed
https://eda.rambler.ru/media/recepty/chto-prigotovit-s-cheremshoy,https://eda.rambler.ru/images/Article/480x480/panini-s-mocarelloy-i-pesto-italyanskiy-perekus_square.webp,source:srcset,,42,,,eda.rambler.ru,panini-s-mocarelloy-i-pesto-italyanskiy-perekus_square.webp,eda.rambler.ru_media_recepty_chto-prigotovit-s-cheremshoy_cand_000134,eda.rambler.ru_media_recepty_chto-prigotovit-s-cheremshoy,data\raw\eda.rambler.ru_media_recepty_chto-prigotovit-s-cheremshoy,eda.rambler.ru_media_recepty_chto-prigotovit-s-cheremshoy_cand_000134_f90bf81d5f.webp,data\raw\eda.rambler.ru_media_recepty_chto-prigotovit-s-cheremshoy\eda.rambler.ru_media_recepty_chto-prigotovit-s-cheremshoy_cand_000134_f90bf81d5f.webp,True,,True,480.0,480.0,WEBP,RGB,39818,230400.0,1.0,,True,,[],0.4673200754994034,0,False,False,,,False,
https://eda.rambler.ru/media/recepty/chto-prigotovit-s-cheremshoy,https://eda.rambler.ru/images/Article/640x640/panini-s-mocarelloy-i-pesto-italyanskiy-perekus_square.webp,source:srcset,,42,,,eda.rambler.ru,panini-s-mocarelloy-i-pesto-italyanskiy-perekus_square.webp,eda.rambler.ru_media_recepty_chto-prigotovit-s-cheremshoy_cand_000135,eda.rambler.ru_media_recepty_chto-prigotovit-s-cheremshoy,data\raw\eda.rambler.ru_media_recepty_chto-prigotovit-s-cheremshoy,eda.rambler.ru_media_recepty_chto-prigotovit-s-cheremshoy_cand_000135_d075cc4b4e.webp,data\raw\eda.rambler.ru_media_recepty_chto-prigotovit-s-cheremshoy\eda.rambler.ru_media_recepty_chto-prigotovit-s-cheremshoy_cand_000135_d075cc4b4e.webp,True,,True,640.0,640.0,WEBP,RGB,61438,409600.0,1.0,,True,,[],0.42523500759685323,0,False,False,,,False,
https://eda.rambler.ru/media/recepty/chto-prigotovit-s-cheremshoy,https://eda.rambler.ru/images/Article/480x480/panini-s-mocarelloy-i-pesto-italyanskiy-perekus_square.jpg,source:srcset,,43,,,eda.rambler.ru,panini-s-mocarelloy-i-pesto-italyanskiy-perekus_square.jpg,eda.rambler.ru_media_recepty_chto-prigotovit-s-cheremshoy_cand_000136,eda.rambler.ru_media_recepty_chto-prigotovit-s-cheremshoy,data\raw\eda.rambler.ru_media_recepty_chto-prigotovit-s-cheremshoy,eda.rambler.ru_media_recepty_chto-prigotovit-s-cheremshoy_cand_000136_d0f17f107d.jpg,data\raw\eda.rambler.ru_media_recepty_chto-prigotovit-s-cheremshoy\eda.rambler.ru_media_recepty_chto-prigotovit-s-cheremshoy_cand_000136_d0f17f107d.jpg,True,,True,480.0,480.0,JPEG,RGB,63573,230400.0,1.0,,True,,[],0.48820806780752807,0,False,False,,,False,
https://eda.rambler.ru/media/recepty/chto-prigotovit-s-cheremshoy,https://eda.rambler.ru/images/Article/640x640/panini-s-mocarelloy-i-pesto-italyanskiy-perekus_square.jpg,source:srcset,,43,,,eda.rambler.ru,panini-s-mocarelloy-i-pesto-italyanskiy-perekus_square.jpg,eda.rambler.ru_media_recepty_chto-prigotovit-s-cheremshoy_cand_000137,eda.rambler.ru_media_recepty_chto-prigotovit-s-cheremshoy,data\raw\eda.rambler.ru_media_recepty_chto-prigotovit-s-cheremshoy,eda.rambler.ru_media_recepty_chto-prigotovit-s-cheremshoy_cand_000137_340cc54e43.jpg,data\raw\eda.rambler.ru_media_recepty_chto-prigotovit-s-cheremshoy\eda.rambler.ru_media_recepty_chto-prigotovit-s-cheremshoy_cand_000137_340cc54e43.jpg,True,,True,640.0,640.0,JPEG,RGB,100807,409600.0,1.0,,True,,[],0.4519512791029671,0,False,False,,,False,
https://eda.rambler.ru/media/recepty/chto-prigotovit-s-cheremshoy,https://eda.rambler.ru/images/Article/320x320/sharlotka-s-yablokami-bystrye-recepty_square.webp,source:srcset,,44,,,eda.rambler.ru,sharlotka-s-yablokami-bystrye-recepty_square.webp,eda.rambler.ru_media_recepty_chto-prigotovit-s-cheremshoy_cand_000138,eda.rambler.ru_media_recepty_chto-prigotovit-s-cheremshoy,data\raw\eda.rambler.ru_media_recepty_chto-prigotovit-s-cheremshoy,eda.rambler.ru_media_recepty_chto-prigotovit-s-cheremshoy_cand_000138_4d363af429.webp,data\raw\eda.rambler.ru_media_recepty_chto-prigotovit-s-cheremshoy\eda.rambler.ru_media_recepty_chto-prigotovit-s-cheremshoy_cand_000138_4d363af429.webp,True,,True,320.0,320.0,WEBP,RGB,15002,102400.0,1.0,,True,,[],0.4902923645897009,1,False,True,semantic:https://eda.rambler.ru/images/article/sharlotka-s-yablokami-bystrye-recepty_square,2,True,semantic_duplicate_removed
https://eda.rambler.ru/media/recepty/chto-prigotovit-s-cheremshoy,https://eda.rambler.ru/images/Article/480x480/sharlotka-s-yablokami-bystrye-recepty_square.webp,source:srcset,,44,,,eda.rambler.ru,sharlotka-s-yablokami-bystrye-recepty_square.webp,eda.rambler.ru_media_recepty_chto-prigotovit-s-cheremshoy_cand_000139,eda.rambler.ru_media_recepty_chto-prigotovit-s-cheremshoy,data\raw\eda.rambler.ru_media_recepty_chto-prigotovit-s-cheremshoy,eda.rambler.ru_media_recepty_chto-prigotovit-s-cheremshoy_cand_000139_f606b62ee3.webp,data\raw\eda.rambler.ru_media_recepty_chto-prigotovit-s-cheremshoy\eda.rambler.ru_media_recepty_chto-prigotovit-s-cheremshoy_cand_000139_f606b62ee3.webp,True,,True,480.0,480.0,WEBP,RGB,31190,230400.0,1.0,,True,,[],0.44686458539972995,0,False,False,,,False,
https://eda.rambler.ru/media/recepty/chto-prigotovit-s-cheremshoy,https://eda.rambler.ru/images/Article/640x640/sharlotka-s-yablokami-bystrye-recepty_square.webp,source:srcset,,44,,,eda.rambler.ru,sharlotka-s-yablokami-bystrye-recepty_square.webp,eda.rambler.ru_media_recepty_chto-prigotovit-s-cheremshoy_cand_000140,eda.rambler.ru_media_recepty_chto-prigotovit-s-cheremshoy,data\raw\eda.rambler.ru_media_recepty_chto-prigotovit-s-cheremshoy,eda.rambler.ru_media_recepty_chto-prigotovit-s-cheremshoy_cand_000140_d144681da4.webp,data\raw\eda.rambler.ru_media_recepty_chto-prigotovit-s-cheremshoy\eda.rambler.ru_media_recepty_chto-prigotovit-s-cheremshoy_cand_000140_d144681da4.webp,True,,True,640.0,640.0,WEBP,RGB,54100,409600.0,1.0,,True,,[],0.4057142204987991,0,False,False,,,False,
https://eda.rambler.ru/media/recepty/chto-prigotovit-s-cheremshoy,https://eda.rambler.ru/images/Article/480x480/sharlotka-s-yablokami-bystrye-recepty_square.jpg,source:srcset,,45,,,eda.rambler.ru,sharlotka-s-yablokami-bystrye-recepty_square.jpg,eda.rambler.ru_media_recepty_chto-prigotovit-s-cheremshoy_cand_000141,eda.rambler.ru_media_recepty_chto-prigotovit-s-cheremshoy,data\raw\eda.rambler.ru_media_recepty_chto-prigotovit-s-cheremshoy,eda.rambler.ru_media_recepty_chto-prigotovit-s-cheremshoy_cand_000141_4245ca439a.jpg,data\raw\eda.rambler.ru_media_recepty_chto-prigotovit-s-cheremshoy\eda.rambler.ru_media_recepty_chto-prigotovit-s-cheremshoy_cand_000141_4245ca439a.jpg,True,,True,480.0,480.0,JPEG,RGB,51905,230400.0,1.0,,True,,[],0.4664390852526578,0,False,False,,,False,
https://eda.rambler.ru/media/recepty/chto-prigotovit-s-cheremshoy,https://eda.rambler.ru/images/Article/640x640/sharlotka-s-yablokami-bystrye-recepty_square.jpg,source:srcset,,45,,,eda.rambler.ru,sharlotka-s-yablokami-bystrye-recepty_square.jpg,eda.rambler.ru_media_recepty_chto-prigotovit-s-cheremshoy_cand_000142,eda.rambler.ru_media_recepty_chto-prigotovit-s-cheremshoy,data\raw\eda.rambler.ru_media_recepty_chto-prigotovit-s-cheremshoy,eda.rambler.ru_media_recepty_chto-prigotovit-s-cheremshoy_cand_000142_93c766ec63.jpg,data\raw\eda.rambler.ru_media_recepty_chto-prigotovit-s-cheremshoy\eda.rambler.ru_media_recepty_chto-prigotovit-s-cheremshoy_cand_000142_93c766ec63.jpg,True,,True,640.0,640.0,JPEG,RGB,90328,409600.0,1.0,,True,,[],0.43090232080667373,0,False,False,,,False,
https://eda.rambler.ru/media/recepty/chto-prigotovit-s-cheremshoy,https://eda.rambler.ru/images/Article/320x320/varene-iz-klubniki-klassika-i-pyatiminutka_square.webp,source:srcset,,46,,,eda.rambler.ru,varene-iz-klubniki-klassika-i-pyatiminutka_square.webp,eda.rambler.ru_media_recepty_chto-prigotovit-s-cheremshoy_cand_000143,eda.rambler.ru_media_recepty_chto-prigotovit-s-cheremshoy,data\raw\eda.rambler.ru_media_recepty_chto-prigotovit-s-cheremshoy,eda.rambler.ru_media_recepty_chto-prigotovit-s-cheremshoy_cand_000143_0ca8fcf5ec.webp,data\raw\eda.rambler.ru_media_recepty_chto-prigotovit-s-cheremshoy\eda.rambler.ru_media_recepty_chto-prigotovit-s-cheremshoy_cand_000143_0ca8fcf5ec.webp,True,,True,320.0,320.0,WEBP,RGB,30474,102400.0,1.0,,True,,[],0.5050266369706404,1,False,True,semantic:https://eda.rambler.ru/images/article/varene-iz-klubniki-klassika-i-pyatiminutka_square,2,True,semantic_duplicate_removed
https://eda.rambler.ru/media/recepty/chto-prigotovit-s-cheremshoy,https://eda.rambler.ru/images/Article/480x480/varene-iz-klubniki-klassika-i-pyatiminutka_square.webp,source:srcset,,46,,,eda.rambler.ru,varene-iz-klubniki-klassika-i-pyatiminutka_square.webp,eda.rambler.ru_media_recepty_chto-prigotovit-s-cheremshoy_cand_000144,eda.rambler.ru_media_recepty_chto-prigotovit-s-cheremshoy,data\raw\eda.rambler.ru_media_recepty_chto-prigotovit-s-cheremshoy,eda.rambler.ru_media_recepty_chto-prigotovit-s-cheremshoy_cand_000144_dcf64964d2.webp,data\raw\eda.rambler.ru_media_recepty_chto-prigotovit-s-cheremshoy\eda.rambler.ru_media_recepty_chto-prigotovit-s-cheremshoy_cand_000144_dcf64964d2.webp,True,,True,480.0,480.0,WEBP,RGB,55666,230400.0,1.0,,True,,[],0.4650312845256652,0,False,False,,,False,
https://eda.rambler.ru/media/recepty/chto-prigotovit-s-cheremshoy,https://eda.rambler.ru/images/Article/640x640/varene-iz-klubniki-klassika-i-pyatiminutka_square.webp,source:srcset,,46,,,eda.rambler.ru,varene-iz-klubniki-klassika-i-pyatiminutka_square.webp,eda.rambler.ru_media_recepty_chto-prigotovit-s-cheremshoy_cand_000145,eda.rambler.ru_media_recepty_chto-prigotovit-s-cheremshoy,data\raw\eda.rambler.ru_media_recepty_chto-prigotovit-s-cheremshoy,eda.rambler.ru_media_recepty_chto-prigotovit-s-cheremshoy_cand_000145_aee1a4d2c3.webp,data\raw\eda.rambler.ru_media_recepty_chto-prigotovit-s-cheremshoy\eda.rambler.ru_media_recepty_chto-prigotovit-s-cheremshoy_cand_000145_aee1a4d2c3.webp,True,,True,640.0,640.0,WEBP,RGB,83234,409600.0,1.0,,True,,[],0.425296087908296,0,False,False,,,False,
https://eda.rambler.ru/media/recepty/chto-prigotovit-s-cheremshoy,https://eda.rambler.ru/images/Article/480x480/varene-iz-klubniki-klassika-i-pyatiminutka_square.jpg,source:srcset,,47,,,eda.rambler.ru,varene-iz-klubniki-klassika-i-pyatiminutka_square.jpg,eda.rambler.ru_media_recepty_chto-prigotovit-s-cheremshoy_cand_000146,eda.rambler.ru_media_recepty_chto-prigotovit-s-cheremshoy,data\raw\eda.rambler.ru_media_recepty_chto-prigotovit-s-cheremshoy,eda.rambler.ru_media_recepty_chto-prigotovit-s-cheremshoy_cand_000146_121a825806.jpg,data\raw\eda.rambler.ru_media_recepty_chto-prigotovit-s-cheremshoy\eda.rambler.ru_media_recepty_chto-prigotovit-s-cheremshoy_cand_000146_121a825806.jpg,True,,True,480.0,480.0,JPEG,RGB,82617,230400.0,1.0,,True,,[],0.48717842195336125,0,False,False,,,False,
https://eda.rambler.ru/media/recepty/chto-prigotovit-s-cheremshoy,https://eda.rambler.ru/images/Article/640x640/varene-iz-klubniki-klassika-i-pyatiminutka_square.jpg,source:srcset,,47,,,eda.rambler.ru,varene-iz-klubniki-klassika-i-pyatiminutka_square.jpg,eda.rambler.ru_media_recepty_chto-prigotovit-s-cheremshoy_cand_000147,eda.rambler.ru_media_recepty_chto-prigotovit-s-cheremshoy,data\raw\eda.rambler.ru_media_recepty_chto-prigotovit-s-cheremshoy,eda.rambler.ru_media_recepty_chto-prigotovit-s-cheremshoy_cand_000147_a52d1767ab.jpg,data\raw\eda.rambler.ru_media_recepty_chto-prigotovit-s-cheremshoy\eda.rambler.ru_media_recepty_chto-prigotovit-s-cheremshoy_cand_000147_a52d1767ab.jpg,True,,True,640.0,640.0,JPEG,RGB,128852,409600.0,1.0,,True,,[],0.4544727877849054,0,False,False,,,False,
https://eda.rambler.ru/media/recepty/chto-prigotovit-s-cheremshoy,https://eda.rambler.ru/images/Article/320x320/fokachcha-s-rozmarinom-italyanskiy-hleb-za-chas_square.webp,source:srcset,,48,,,eda.rambler.ru,fokachcha-s-rozmarinom-italyanskiy-hleb-za-chas_square.webp,eda.rambler.ru_media_recepty_chto-prigotovit-s-cheremshoy_cand_000148,eda.rambler.ru_media_recepty_chto-prigotovit-s-cheremshoy,data\raw\eda.rambler.ru_media_recepty_chto-prigotovit-s-cheremshoy,eda.rambler.ru_media_recepty_chto-prigotovit-s-cheremshoy_cand_000148_99c5ad70b8.webp,data\raw\eda.rambler.ru_media_recepty_chto-prigotovit-s-cheremshoy\eda.rambler.ru_media_recepty_chto-prigotovit-s-cheremshoy_cand_000148_99c5ad70b8.webp,True,,True,320.0,320.0,WEBP,RGB,27184,102400.0,1.0,,True,,[],0.5123100855879801,1,False,True,semantic:https://eda.rambler.ru/images/article/fokachcha-s-rozmarinom-italyanskiy-hleb-za-chas_square,2,True,semantic_duplicate_removed
https://eda.rambler.ru/media/recepty/chto-prigotovit-s-cheremshoy,https://eda.rambler.ru/images/Article/480x480/fokachcha-s-rozmarinom-italyanskiy-hleb-za-chas_square.webp,source:srcset,,48,,,eda.rambler.ru,fokachcha-s-rozmarinom-italyanskiy-hleb-za-chas_square.webp,eda.rambler.ru_media_recepty_chto-prigotovit-s-cheremshoy_cand_000149,eda.rambler.ru_media_recepty_chto-prigotovit-s-cheremshoy,data\raw\eda.rambler.ru_media_recepty_chto-prigotovit-s-cheremshoy,eda.rambler.ru_media_recepty_chto-prigotovit-s-cheremshoy_cand_000149_6f88bbd7f2.webp,data\raw\eda.rambler.ru_media_recepty_chto-prigotovit-s-cheremshoy\eda.rambler.ru_media_recepty_chto-prigotovit-s-cheremshoy_cand_000149_6f88bbd7f2.webp,True,,True,480.0,480.0,WEBP,RGB,49782,230400.0,1.0,,True,,[],0.4712615712267427,0,False,False,,,False,
https://eda.rambler.ru/media/recepty/chto-prigotovit-s-cheremshoy,https://eda.rambler.ru/images/Article/640x640/fokachcha-s-rozmarinom-italyanskiy-hleb-za-chas_square.webp,source:srcset,,48,,,eda.rambler.ru,fokachcha-s-rozmarinom-italyanskiy-hleb-za-chas_square.webp,eda.rambler.ru_media_recepty_chto-prigotovit-s-cheremshoy_cand_000150,eda.rambler.ru_media_recepty_chto-prigotovit-s-cheremshoy,data\raw\eda.rambler.ru_media_recepty_chto-prigotovit-s-cheremshoy,eda.rambler.ru_media_recepty_chto-prigotovit-s-cheremshoy_cand_000150_cca853fca3.webp,data\raw\eda.rambler.ru_media_recepty_chto-prigotovit-s-cheremshoy\eda.rambler.ru_media_recepty_chto-prigotovit-s-cheremshoy_cand_000150_cca853fca3.webp,True,,True,640.0,640.0,WEBP,RGB,77522,409600.0,1.0,,True,,[],0.43149034832888966,0,False,False,,,False,
https://eda.rambler.ru/media/recepty/chto-prigotovit-s-cheremshoy,https://eda.rambler.ru/images/Article/480x480/fokachcha-s-rozmarinom-italyanskiy-hleb-za-chas_square.jpg,source:srcset,,49,,,eda.rambler.ru,fokachcha-s-rozmarinom-italyanskiy-hleb-za-chas_square.jpg,eda.rambler.ru_media_recepty_chto-prigotovit-s-cheremshoy_cand_000151,eda.rambler.ru_media_recepty_chto-prigotovit-s-cheremshoy,data\raw\eda.rambler.ru_media_recepty_chto-prigotovit-s-cheremshoy,eda.rambler.ru_media_recepty_chto-prigotovit-s-cheremshoy_cand_000151_c6e086c8da.jpg,data\raw\eda.rambler.ru_media_recepty_chto-prigotovit-s-cheremshoy\eda.rambler.ru_media_recepty_chto-prigotovit-s-cheremshoy_cand_000151_c6e086c8da.jpg,True,,True,480.0,480.0,JPEG,RGB,74722,230400.0,1.0,,True,,[],0.49263338719801747,1,False,True,semantic:https://eda.rambler.ru/images/article/fokachcha-s-rozmarinom-italyanskiy-hleb-za-chas_square,3,True,semantic_duplicate_removed
https://eda.rambler.ru/media/recepty/chto-prigotovit-s-cheremshoy,https://eda.rambler.ru/images/Article/640x640/fokachcha-s-rozmarinom-italyanskiy-hleb-za-chas_square.jpg,source:srcset,,49,,,eda.rambler.ru,fokachcha-s-rozmarinom-italyanskiy-hleb-za-chas_square.jpg,eda.rambler.ru_media_recepty_chto-prigotovit-s-cheremshoy_cand_000152,eda.rambler.ru_media_recepty_chto-prigotovit-s-cheremshoy,data\raw\eda.rambler.ru_media_recepty_chto-prigotovit-s-cheremshoy,eda.rambler.ru_media_recepty_chto-prigotovit-s-cheremshoy_cand_000152_cc573ab471.jpg,data\raw\eda.rambler.ru_media_recepty_chto-prigotovit-s-cheremshoy\eda.rambler.ru_media_recepty_chto-prigotovit-s-cheremshoy_cand_000152_cc573ab471.jpg,True,,True,640.0,640.0,JPEG,RGB,119171,409600.0,1.0,,True,,[],0.4591854254050971,0,False,False,,,False,
