split,precision,recall,f1,accuracy,tp,fp,fn,tn,n,mean_proba,median_proba,proba_p90
train,0.8,0.822429906542056,0.8110599078341014,0.7864583333333334,176,44,38,126,384,0.5157297057899771,0.45332879925701575,0.8826896607542511
val,0.8028169014084507,0.8382352941176471,0.8201438848920864,0.8188405797101449,57,14,11,56,138,0.4830104993464937,0.44313208848738767,0.882333627360681
test,0.8243243243243243,0.7625,0.7922077922077922,0.75,61,13,19,35,128,0.539306883005693,0.4508295888867273,0.8853806458160272
