split,precision,recall,f1,accuracy,tp,fp,fn,tn,n,mean_proba,median_proba,proba_p90
train,0.9548387096774194,0.36097560975609755,0.5238938053097345,0.611271676300578,148,7,262,275,692,,,
val,0.9074074074074074,0.4188034188034188,0.5730994152046783,0.6932773109243697,49,5,68,116,238,0.5281983352473304,0.4784258333205332,0.7623734600904194
test,0.96,0.3380281690140845,0.5,0.6129032258064516,48,2,94,104,248,0.4792959028937247,0.46386833488918716,0.7000804795198456
