split,precision,recall,f1,accuracy,tp,fp,fn,tn,n,mean_proba,median_proba,proba_p90
train,0.946236559139785,0.45595854922279794,0.6153846153846154,0.6594427244582043,88,5,105,125,323,,,
val,0.8636363636363636,0.31666666666666665,0.46341463414634154,0.5686274509803921,19,3,41,39,102,0.5104761633461002,0.47920297504389764,0.8456564812991119
test,0.8620689655172413,0.4716981132075472,0.6097560975609757,0.6862745098039216,25,4,28,45,102,0.5526886331389256,0.577539586951297,0.8409277429200215
