split,precision,recall,f1,accuracy,tp,fp,fn,tn,n,mean_proba,median_proba,proba_p90
train,0.9523809523809523,0.17699115044247787,0.29850746268656714,0.5142118863049095,40,2,186,159,387,,,
val,0.875,0.20588235294117646,0.33333333333333337,0.5912408759124088,14,2,54,67,137,0.4796991686993376,0.5223968879144899,0.7051020089393704
test,1.0,0.15942028985507245,0.27499999999999997,0.5433070866141733,11,0,58,58,127,0.5304943987983431,0.5546224535899515,0.6725112235786802
