split,precision,recall,f1,accuracy,tp,fp,fn,tn,n,mean_proba,median_proba,proba_p90
train,0.9530201342281879,0.6635514018691588,0.7823691460055097,0.7942708333333334,142,7,72,163,384,0.5163614594125089,0.4587666731205404,0.8981671824789101
val,0.9411764705882353,0.7058823529411765,0.8067226890756304,0.8333333333333334,48,3,20,67,138,0.4866770913655586,0.44734770548919367,0.8993696361409097
test,1.0,0.6,0.7499999999999999,0.75,48,0,32,48,128,0.542711070965539,0.45426888015217526,0.8984905017308469
