page_url,image_url,source_attr,alt_text,tag_index,width_attr,height_attr,domain,file_name,candidate_id,page_id,raw_page_dir,local_file_name,local_path,download_ok,download_error,is_valid_image,width,height,format,mode,file_size_bytes,area,aspect_ratio,image_error,hard_prefilter_keep,hard_reject_reason,hard_rule_flags,ml_score,ml_pred,final_keep,final_keep_before_dedup,final_dedup_key,final_dedup_rank,removed_by_final_dedup,final_dedup_reason
https://eda.rambler.ru/media/recepty/recepty-kulichey-na-pashu-ot-klassiki-do-bystryh-variantov,https://mc.yandex.ru/watch/105674087,src,,0,,,mc.yandex.ru,105674087,eda.rambler.ru_media_recepty_recepty-kulichey-na-pashu-ot-klassik_cand_000000,eda.rambler.ru_media_recepty_recepty-kulichey-na-pashu-ot-klassik,data\raw\eda.rambler.ru_media_recepty_recepty-kulichey-na-pashu-ot-klassik,eda.rambler.ru_media_recepty_recepty-kulichey-na-pashu-ot-klassik_cand_000000_05b4d2d191.img,data\raw\eda.rambler.ru_media_recepty_recepty-kulichey-na-pashu-ot-klassik\eda.rambler.ru_media_recepty_recepty-kulichey-na-pashu-ot-klassik_cand_000000_05b4d2d191.img,True,,True,1.0,1.0,GIF,P,43,1.0,1.0,,False,tiny_dimensions_le_5;very_small_dimensions_le_32;tiny_file_size;tracking_url_hint;analytics_url_hint;probable_tracking_pixel,"[""tiny_dimensions_le_5"", ""very_small_dimensions_le_32"", ""tiny_file_size"", ""very_small_file_size"", ""tracking_url_hint"", ""analytics_url_hint"", ""probable_tracking_pixel""]",,0,False,False,,,False,
https://eda.rambler.ru/media/recepty/recepty-kulichey-na-pashu-ot-klassiki-do-bystryh-variantov,https://mc.yandex.ru/watch/27509004,src,,1,,,mc.yandex.ru,27509004,eda.rambler.ru_media_recepty_recepty-kulichey-na-pashu-ot-klassik_cand_000001,eda.rambler.ru_media_recepty_recepty-kulichey-na-pashu-ot-klassik,data\raw\eda.rambler.ru_media_recepty_recepty-kulichey-na-pashu-ot-klassik,eda.rambler.ru_media_recepty_recepty-kulichey-na-pashu-ot-klassik_cand_000001_105a14e1b3.img,data\raw\eda.rambler.ru_media_recepty_recepty-kulichey-na-pashu-ot-klassik\eda.rambler.ru_media_recepty_recepty-kulichey-na-pashu-ot-klassik_cand_000001_105a14e1b3.img,True,,True,1.0,1.0,GIF,P,43,1.0,1.0,,False,tiny_dimensions_le_5;very_small_dimensions_le_32;tiny_file_size;tracking_url_hint;analytics_url_hint;probable_tracking_pixel,"[""tiny_dimensions_le_5"", ""very_small_dimensions_le_32"", ""tiny_file_size"", ""very_small_file_size"", ""tracking_url_hint"", ""analytics_url_hint"", ""probable_tracking_pixel""]",,0,False,False,,,False,
https://eda.rambler.ru/media/recepty/recepty-kulichey-na-pashu-ot-klassiki-do-bystryh-variantov,https://mc.yandex.ru/watch/26649402,src,,2,,,mc.yandex.ru,26649402,eda.rambler.ru_media_recepty_recepty-kulichey-na-pashu-ot-klassik_cand_000002,eda.rambler.ru_media_recepty_recepty-kulichey-na-pashu-ot-klassik,data\raw\eda.rambler.ru_media_recepty_recepty-kulichey-na-pashu-ot-klassik,eda.rambler.ru_media_recepty_recepty-kulichey-na-pashu-ot-klassik_cand_000002_9e463b8294.img,data\raw\eda.rambler.ru_media_recepty_recepty-kulichey-na-pashu-ot-klassik\eda.rambler.ru_media_recepty_recepty-kulichey-na-pashu-ot-klassik_cand_000002_9e463b8294.img,True,,True,1.0,1.0,GIF,P,43,1.0,1.0,,False,tiny_dimensions_le_5;very_small_dimensions_le_32;tiny_file_size;tracking_url_hint;analytics_url_hint;probable_tracking_pixel,"[""tiny_dimensions_le_5"", ""very_small_dimensions_le_32"", ""tiny_file_size"", ""very_small_file_size"", ""tracking_url_hint"", ""analytics_url_hint"", ""probable_tracking_pixel""]",,0,False,False,,,False,
https://eda.rambler.ru/media/recepty/recepty-kulichey-na-pashu-ot-klassiki-do-bystryh-variantov,https://counter.rambler.ru/top100.cnt?pid=2635991,src,Счетчик top100,3,,,counter.rambler.ru,top100.cnt,eda.rambler.ru_media_recepty_recepty-kulichey-na-pashu-ot-klassik_cand_000003,eda.rambler.ru_media_recepty_recepty-kulichey-na-pashu-ot-klassik,data\raw\eda.rambler.ru_media_recepty_recepty-kulichey-na-pashu-ot-klassik,eda.rambler.ru_media_recepty_recepty-kulichey-na-pashu-ot-klassik_cand_000003_1ec34c7374.img,data\raw\eda.rambler.ru_media_recepty_recepty-kulichey-na-pashu-ot-klassik\eda.rambler.ru_media_recepty_recepty-kulichey-na-pashu-ot-klassik_cand_000003_1ec34c7374.img,True,,True,1.0,1.0,GIF,P,43,1.0,1.0,,False,tiny_dimensions_le_5;very_small_dimensions_le_32;tiny_file_size;tracking_url_hint;ui_or_ads_keyword;analytics_url_hint;probable_tracking_pixel,"[""tiny_dimensions_le_5"", ""very_small_dimensions_le_32"", ""tiny_file_size"", ""very_small_file_size"", ""tracking_url_hint"", ""ui_or_ads_keyword"", ""analytics_url_hint"", ""probable_tracking_pixel"", ""ui_or_ads_keyword_soft""]",,0,False,False,,,False,
https://eda.rambler.ru/media/recepty/recepty-kulichey-na-pashu-ot-klassiki-do-bystryh-variantov,https://counter.rambler.ru/top100.cnt?pid=7728281,src,Счетчик top100,4,,,counter.rambler.ru,top100.cnt,eda.rambler.ru_media_recepty_recepty-kulichey-na-pashu-ot-klassik_cand_000004,eda.rambler.ru_media_recepty_recepty-kulichey-na-pashu-ot-klassik,data\raw\eda.rambler.ru_media_recepty_recepty-kulichey-na-pashu-ot-klassik,eda.rambler.ru_media_recepty_recepty-kulichey-na-pashu-ot-klassik_cand_000004_5ffb4dcfbb.img,data\raw\eda.rambler.ru_media_recepty_recepty-kulichey-na-pashu-ot-klassik\eda.rambler.ru_media_recepty_recepty-kulichey-na-pashu-ot-klassik_cand_000004_5ffb4dcfbb.img,True,,True,1.0,1.0,GIF,P,43,1.0,1.0,,False,tiny_dimensions_le_5;very_small_dimensions_le_32;tiny_file_size;tracking_url_hint;ui_or_ads_keyword;analytics_url_hint;probable_tracking_pixel,"[""tiny_dimensions_le_5"", ""very_small_dimensions_le_32"", ""tiny_file_size"", ""very_small_file_size"", ""tracking_url_hint"", ""ui_or_ads_keyword"", ""analytics_url_hint"", ""probable_tracking_pixel"", ""ui_or_ads_keyword_soft""]",,0,False,False,,,False,
https://eda.rambler.ru/media/recepty/recepty-kulichey-na-pashu-ot-klassiki-do-bystryh-variantov,https://www.tns-counter.ru/V13a****afisha_ru/ru/UTF-8/tmsec=afisha_eda/,src,,5,1,1,www.tns-counter.ru,,eda.rambler.ru_media_recepty_recepty-kulichey-na-pashu-ot-klassik_cand_000005,eda.rambler.ru_media_recepty_recepty-kulichey-na-pashu-ot-klassik,data\raw\eda.rambler.ru_media_recepty_recepty-kulichey-na-pashu-ot-klassik,eda.rambler.ru_media_recepty_recepty-kulichey-na-pashu-ot-klassik_cand_000005_6fbff93bbc.img,data\raw\eda.rambler.ru_media_recepty_recepty-kulichey-na-pashu-ot-klassik\eda.rambler.ru_media_recepty_recepty-kulichey-na-pashu-ot-klassik_cand_000005_6fbff93bbc.img,True,,True,1.0,1.0,GIF,P,43,1.0,1.0,,False,tiny_dimensions_le_5;very_small_dimensions_le_32;tiny_file_size;tracking_url_hint;ui_or_ads_keyword;analytics_url_hint;probable_tracking_pixel,"[""tiny_dimensions_le_5"", ""very_small_dimensions_le_32"", ""tiny_file_size"", ""very_small_file_size"", ""tracking_url_hint"", ""ui_or_ads_keyword"", ""analytics_url_hint"", ""probable_tracking_pixel"", ""ui_or_ads_keyword_soft""]",,0,False,False,,,False,
https://eda.rambler.ru/media/recepty/recepty-kulichey-na-pashu-ot-klassiki-do-bystryh-variantov,https://www.tns-counter.ru/V13a****rambler_ad/ru/UTF-8/tmsec=rambler_cid1100108-posid2155101/,src,,6,1,1,www.tns-counter.ru,,eda.rambler.ru_media_recepty_recepty-kulichey-na-pashu-ot-klassik_cand_000006,eda.rambler.ru_media_recepty_recepty-kulichey-na-pashu-ot-klassik,data\raw\eda.rambler.ru_media_recepty_recepty-kulichey-na-pashu-ot-klassik,eda.rambler.ru_media_recepty_recepty-kulichey-na-pashu-ot-klassik_cand_000006_76f3ac9a56.img,data\raw\eda.rambler.ru_media_recepty_recepty-kulichey-na-pashu-ot-klassik\eda.rambler.ru_media_recepty_recepty-kulichey-na-pashu-ot-klassik_cand_000006_76f3ac9a56.img,True,,True,1.0,1.0,GIF,P,43,1.0,1.0,,False,tiny_dimensions_le_5;very_small_dimensions_le_32;tiny_file_size;tracking_url_hint;ui_or_ads_keyword;analytics_url_hint;probable_tracking_pixel,"[""tiny_dimensions_le_5"", ""very_small_dimensions_le_32"", ""tiny_file_size"", ""very_small_file_size"", ""tracking_url_hint"", ""ui_or_ads_keyword"", ""analytics_url_hint"", ""probable_tracking_pixel"", ""ui_or_ads_keyword_soft""]",,0,False,False,,,False,
https://eda.rambler.ru/media/recepty/recepty-kulichey-na-pashu-ot-klassiki-do-bystryh-variantov,https://www.tns-counter.ru/V13a****rambler_ad/ru/UTF-8/tmsec=rambler_cid1100104-posid2155079/,src,,7,1,1,www.tns-counter.ru,,eda.rambler.ru_media_recepty_recepty-kulichey-na-pashu-ot-klassik_cand_000007,eda.rambler.ru_media_recepty_recepty-kulichey-na-pashu-ot-klassik,data\raw\eda.rambler.ru_media_recepty_recepty-kulichey-na-pashu-ot-klassik,eda.rambler.ru_media_recepty_recepty-kulichey-na-pashu-ot-klassik_cand_000007_52c27bfc5a.img,data\raw\eda.rambler.ru_media_recepty_recepty-kulichey-na-pashu-ot-klassik\eda.rambler.ru_media_recepty_recepty-kulichey-na-pashu-ot-klassik_cand_000007_52c27bfc5a.img,True,,True,1.0,1.0,GIF,P,43,1.0,1.0,,False,tiny_dimensions_le_5;very_small_dimensions_le_32;tiny_file_size;tracking_url_hint;ui_or_ads_keyword;analytics_url_hint;probable_tracking_pixel,"[""tiny_dimensions_le_5"", ""very_small_dimensions_le_32"", ""tiny_file_size"", ""very_small_file_size"", ""tracking_url_hint"", ""ui_or_ads_keyword"", ""analytics_url_hint"", ""probable_tracking_pixel"", ""ui_or_ads_keyword_soft""]",,0,False,False,,,False,
https://eda.rambler.ru/media/recepty/recepty-kulichey-na-pashu-ot-klassiki-do-bystryh-variantov,https://eda.rambler.ru/_next/static/images/rambler-favorites-bd704f5a077fe3675a33743723c233fc.svg,src,Иконка книги рецептов,8,,,eda.rambler.ru,rambler-favorites-bd704f5a077fe3675a33743723c233fc.svg,eda.rambler.ru_media_recepty_recepty-kulichey-na-pashu-ot-klassik_cand_000008,eda.rambler.ru_media_recepty_recepty-kulichey-na-pashu-ot-klassik,data\raw\eda.rambler.ru_media_recepty_recepty-kulichey-na-pashu-ot-klassik,eda.rambler.ru_media_recepty_recepty-kulichey-na-pashu-ot-klassik_cand_000008_ef4d0fa974.img,data\raw\eda.rambler.ru_media_recepty_recepty-kulichey-na-pashu-ot-klassik\eda.rambler.ru_media_recepty_recepty-kulichey-na-pashu-ot-klassik_cand_000008_ef4d0fa974.img,True,,False,,,,,11805,,,Cannot open image,False,invalid_image,"[""invalid_image""]",,0,False,False,,,False,
https://eda.rambler.ru/media/recepty/recepty-kulichey-na-pashu-ot-klassiki-do-bystryh-variantov,https://eda.rambler.ru/_next/static/images/rambler-recipes-a1c77bb63384486ec36eb950f2702009.svg,src,Иконка добавить рецепт,9,,,eda.rambler.ru,rambler-recipes-a1c77bb63384486ec36eb950f2702009.svg,eda.rambler.ru_media_recepty_recepty-kulichey-na-pashu-ot-klassik_cand_000009,eda.rambler.ru_media_recepty_recepty-kulichey-na-pashu-ot-klassik,data\raw\eda.rambler.ru_media_recepty_recepty-kulichey-na-pashu-ot-klassik,eda.rambler.ru_media_recepty_recepty-kulichey-na-pashu-ot-klassik_cand_000009_16d501c7ba.img,data\raw\eda.rambler.ru_media_recepty_recepty-kulichey-na-pashu-ot-klassik\eda.rambler.ru_media_recepty_recepty-kulichey-na-pashu-ot-klassik_cand_000009_16d501c7ba.img,True,,False,,,,,16151,,,Cannot open image,False,invalid_image,"[""invalid_image""]",,0,False,False,,,False,
https://eda.rambler.ru/media/recepty/recepty-kulichey-na-pashu-ot-klassiki-do-bystryh-variantov,https://eda.rambler.ru/images/Article/652x350/recepty-kulichey-na-pashu-ot-klassiki-do-bystryh-variantov.jpg,src,Рецепты куличей на Пасху: от классики до быстрых вариантов фото,12,652,350,eda.rambler.ru,recepty-kulichey-na-pashu-ot-klassiki-do-bystryh-variantov.jpg,eda.rambler.ru_media_recepty_recepty-kulichey-na-pashu-ot-klassik_cand_000010,eda.rambler.ru_media_recepty_recepty-kulichey-na-pashu-ot-klassik,data\raw\eda.rambler.ru_media_recepty_recepty-kulichey-na-pashu-ot-klassik,eda.rambler.ru_media_recepty_recepty-kulichey-na-pashu-ot-klassik_cand_000010_d0235c8d2d.jpg,data\raw\eda.rambler.ru_media_recepty_recepty-kulichey-na-pashu-ot-klassik\eda.rambler.ru_media_recepty_recepty-kulichey-na-pashu-ot-klassik_cand_000010_d0235c8d2d.jpg,True,,True,652.0,350.0,JPEG,RGB,65963,228200.0,1.8628571428571428,,True,,[],0.9931609889642169,1,False,True,semantic:https://eda.rambler.ru/images/article/recepty-kulichey-na-pashu-ot-klassiki-do-bystryh-variantov,5,True,semantic_duplicate_removed
https://eda.rambler.ru/media/recepty/recepty-kulichey-na-pashu-ot-klassiki-do-bystryh-variantov,https://eda.rambler.ru/img/eda/620x-/s1.eda.ru/StaticContent/Photos/6/05/6055962a5a734479ad1b5bd340689d0d.jpg,src,,13,,,eda.rambler.ru,6055962a5a734479ad1b5bd340689d0d.jpg,eda.rambler.ru_media_recepty_recepty-kulichey-na-pashu-ot-klassik_cand_000011,eda.rambler.ru_media_recepty_recepty-kulichey-na-pashu-ot-klassik,data\raw\eda.rambler.ru_media_recepty_recepty-kulichey-na-pashu-ot-klassik,eda.rambler.ru_media_recepty_recepty-kulichey-na-pashu-ot-klassik_cand_000011_010ec64be4.jpg,data\raw\eda.rambler.ru_media_recepty_recepty-kulichey-na-pashu-ot-klassik\eda.rambler.ru_media_recepty_recepty-kulichey-na-pashu-ot-klassik_cand_000011_010ec64be4.jpg,True,,True,620.0,413.0,JPEG,RGB,77068,256060.0,1.5012106537530265,,True,,[],0.9999995786560926,1,True,True,semantic:https://eda.rambler.ru/img/eda/620x-/s1.eda.ru/staticcontent/photos/6/05/6055962a5a734479ad1b5bd340689d0d,1,False,
https://eda.rambler.ru/media/recepty/recepty-kulichey-na-pashu-ot-klassiki-do-bystryh-variantov,https://eda.rambler.ru/images/RecipePhoto/285x285/pashalnyy-kulich_49571_photo_52992.jpg,src,Пасхальный кулич,14,285,285,eda.rambler.ru,pashalnyy-kulich_49571_photo_52992.jpg,eda.rambler.ru_media_recepty_recepty-kulichey-na-pashu-ot-klassik_cand_000012,eda.rambler.ru_media_recepty_recepty-kulichey-na-pashu-ot-klassik,data\raw\eda.rambler.ru_media_recepty_recepty-kulichey-na-pashu-ot-klassik,eda.rambler.ru_media_recepty_recepty-kulichey-na-pashu-ot-klassik_cand_000012_5ff57850c3.jpg,data\raw\eda.rambler.ru_media_recepty_recepty-kulichey-na-pashu-ot-klassik\eda.rambler.ru_media_recepty_recepty-kulichey-na-pashu-ot-klassik_cand_000012_5ff57850c3.jpg,True,,True,285.0,285.0,JPEG,RGB,22819,81225.0,1.0,,True,,[],0.49850955198058533,1,True,True,semantic:https://eda.rambler.ru/images/recipephoto/pashalnyy-kulich_49571_photo_52992,1,False,
https://eda.rambler.ru/media/recepty/recepty-kulichey-na-pashu-ot-klassiki-do-bystryh-variantov,https://eda.rambler.ru/img/eda/620x-/s1.eda.ru/StaticContent/Photos/5/b0/5b06315e902d491c921effc83c2b86e3.jpg,src,,15,,,eda.rambler.ru,5b06315e902d491c921effc83c2b86e3.jpg,eda.rambler.ru_media_recepty_recepty-kulichey-na-pashu-ot-klassik_cand_000013,eda.rambler.ru_media_recepty_recepty-kulichey-na-pashu-ot-klassik,data\raw\eda.rambler.ru_media_recepty_recepty-kulichey-na-pashu-ot-klassik,eda.rambler.ru_media_recepty_recepty-kulichey-na-pashu-ot-klassik_cand_000013_3e4bf8cc1e.jpg,data\raw\eda.rambler.ru_media_recepty_recepty-kulichey-na-pashu-ot-klassik\eda.rambler.ru_media_recepty_recepty-kulichey-na-pashu-ot-klassik_cand_000013_3e4bf8cc1e.jpg,True,,True,620.0,413.0,JPEG,RGB,50490,256060.0,1.5012106537530265,,True,,[],0.9999995604888663,1,True,True,semantic:https://eda.rambler.ru/img/eda/620x-/s1.eda.ru/staticcontent/photos/5/b0/5b06315e902d491c921effc83c2b86e3,1,False,
https://eda.rambler.ru/media/recepty/recepty-kulichey-na-pashu-ot-klassiki-do-bystryh-variantov,https://eda.rambler.ru/images/RecipePhoto/285x285/klassicheskiy-kulich_188867_photo_196930.jpg,src,Классический кулич,16,285,285,eda.rambler.ru,klassicheskiy-kulich_188867_photo_196930.jpg,eda.rambler.ru_media_recepty_recepty-kulichey-na-pashu-ot-klassik_cand_000014,eda.rambler.ru_media_recepty_recepty-kulichey-na-pashu-ot-klassik,data\raw\eda.rambler.ru_media_recepty_recepty-kulichey-na-pashu-ot-klassik,eda.rambler.ru_media_recepty_recepty-kulichey-na-pashu-ot-klassik_cand_000014_51400026e9.jpg,data\raw\eda.rambler.ru_media_recepty_recepty-kulichey-na-pashu-ot-klassik\eda.rambler.ru_media_recepty_recepty-kulichey-na-pashu-ot-klassik_cand_000014_51400026e9.jpg,True,,True,285.0,285.0,JPEG,RGB,11806,81225.0,1.0,,True,,[],0.5044470264348248,1,True,True,semantic:https://eda.rambler.ru/images/recipephoto/klassicheskiy-kulich_188867_photo_196930,1,False,
https://eda.rambler.ru/media/recepty/recepty-kulichey-na-pashu-ot-klassiki-do-bystryh-variantov,https://eda.rambler.ru/img/eda/620x-/s1.eda.ru/StaticContent/Photos/b/96/b96861e2965c4be19e9361b84e58bf7e.jpg,src,,17,,,eda.rambler.ru,b96861e2965c4be19e9361b84e58bf7e.jpg,eda.rambler.ru_media_recepty_recepty-kulichey-na-pashu-ot-klassik_cand_000015,eda.rambler.ru_media_recepty_recepty-kulichey-na-pashu-ot-klassik,data\raw\eda.rambler.ru_media_recepty_recepty-kulichey-na-pashu-ot-klassik,eda.rambler.ru_media_recepty_recepty-kulichey-na-pashu-ot-klassik_cand_000015_cb1bab9d97.jpg,data\raw\eda.rambler.ru_media_recepty_recepty-kulichey-na-pashu-ot-klassik\eda.rambler.ru_media_recepty_recepty-kulichey-na-pashu-ot-klassik_cand_000015_cb1bab9d97.jpg,True,,True,620.0,413.0,JPEG,RGB,78861,256060.0,1.5012106537530265,,True,,[],0.9999995798542933,1,True,True,semantic:https://eda.rambler.ru/img/eda/620x-/s1.eda.ru/staticcontent/photos/b/96/b96861e2965c4be19e9361b84e58bf7e,1,False,
https://eda.rambler.ru/media/recepty/recepty-kulichey-na-pashu-ot-klassiki-do-bystryh-variantov,https://eda.rambler.ru/images/RecipePhoto/285x285/tvorozhnyy-kulich-bez-drozhzhey_176178_photo_183857.jpg,src,Творожный кулич без дрожжей,18,285,285,eda.rambler.ru,tvorozhnyy-kulich-bez-drozhzhey_176178_photo_183857.jpg,eda.rambler.ru_media_recepty_recepty-kulichey-na-pashu-ot-klassik_cand_000016,eda.rambler.ru_media_recepty_recepty-kulichey-na-pashu-ot-klassik,data\raw\eda.rambler.ru_media_recepty_recepty-kulichey-na-pashu-ot-klassik,eda.rambler.ru_media_recepty_recepty-kulichey-na-pashu-ot-klassik_cand_000016_17cb478713.jpg,data\raw\eda.rambler.ru_media_recepty_recepty-kulichey-na-pashu-ot-klassik\eda.rambler.ru_media_recepty_recepty-kulichey-na-pashu-ot-klassik_cand_000016_17cb478713.jpg,True,,True,285.0,285.0,JPEG,RGB,26311,81225.0,1.0,,True,,[],0.5290765591605677,1,True,True,semantic:https://eda.rambler.ru/images/recipephoto/tvorozhnyy-kulich-bez-drozhzhey_176178_photo_183857,1,False,
https://eda.rambler.ru/media/recepty/recepty-kulichey-na-pashu-ot-klassiki-do-bystryh-variantov,https://eda.rambler.ru/img/eda/620x-/s1.eda.ru/StaticContent/Photos/1/3b/13b50c71aa524f528ebb01988f27d01f.jpg,src,,19,,,eda.rambler.ru,13b50c71aa524f528ebb01988f27d01f.jpg,eda.rambler.ru_media_recepty_recepty-kulichey-na-pashu-ot-klassik_cand_000017,eda.rambler.ru_media_recepty_recepty-kulichey-na-pashu-ot-klassik,data\raw\eda.rambler.ru_media_recepty_recepty-kulichey-na-pashu-ot-klassik,eda.rambler.ru_media_recepty_recepty-kulichey-na-pashu-ot-klassik_cand_000017_c2e10c6731.jpg,data\raw\eda.rambler.ru_media_recepty_recepty-kulichey-na-pashu-ot-klassik\eda.rambler.ru_media_recepty_recepty-kulichey-na-pashu-ot-klassik_cand_000017_c2e10c6731.jpg,True,,True,620.0,413.0,JPEG,RGB,60911,256060.0,1.5012106537530265,,True,,[],0.9999995677036094,1,True,True,semantic:https://eda.rambler.ru/img/eda/620x-/s1.eda.ru/staticcontent/photos/1/3b/13b50c71aa524f528ebb01988f27d01f,1,False,
https://eda.rambler.ru/media/recepty/recepty-kulichey-na-pashu-ot-klassiki-do-bystryh-variantov,https://eda.rambler.ru/images/RecipePhoto/285x285/carskiy-kulich_176223_photo_183855.jpg,src,Царский кулич,20,285,285,eda.rambler.ru,carskiy-kulich_176223_photo_183855.jpg,eda.rambler.ru_media_recepty_recepty-kulichey-na-pashu-ot-klassik_cand_000018,eda.rambler.ru_media_recepty_recepty-kulichey-na-pashu-ot-klassik,data\raw\eda.rambler.ru_media_recepty_recepty-kulichey-na-pashu-ot-klassik,eda.rambler.ru_media_recepty_recepty-kulichey-na-pashu-ot-klassik_cand_000018_739da20f8a.jpg,data\raw\eda.rambler.ru_media_recepty_recepty-kulichey-na-pashu-ot-klassik\eda.rambler.ru_media_recepty_recepty-kulichey-na-pashu-ot-klassik_cand_000018_739da20f8a.jpg,True,,True,285.0,285.0,JPEG,RGB,18579,81225.0,1.0,,True,,[],0.49682599825721224,1,True,True,semantic:https://eda.rambler.ru/images/recipephoto/carskiy-kulich_176223_photo_183855,1,False,
https://eda.rambler.ru/media/recepty/recepty-kulichey-na-pashu-ot-klassiki-do-bystryh-variantov,https://eda.rambler.ru/img/eda/620x-/s1.eda.ru/StaticContent/Photos/6/78/67864a021fc14adfa3c4b8a7b3f12438.jpg,src,,21,,,eda.rambler.ru,67864a021fc14adfa3c4b8a7b3f12438.jpg,eda.rambler.ru_media_recepty_recepty-kulichey-na-pashu-ot-klassik_cand_000019,eda.rambler.ru_media_recepty_recepty-kulichey-na-pashu-ot-klassik,data\raw\eda.rambler.ru_media_recepty_recepty-kulichey-na-pashu-ot-klassik,eda.rambler.ru_media_recepty_recepty-kulichey-na-pashu-ot-klassik_cand_000019_e7621390e1.jpg,data\raw\eda.rambler.ru_media_recepty_recepty-kulichey-na-pashu-ot-klassik\eda.rambler.ru_media_recepty_recepty-kulichey-na-pashu-ot-klassik_cand_000019_e7621390e1.jpg,True,,True,620.0,413.0,JPEG,RGB,47705,256060.0,1.5012106537530265,,True,,[],0.9999995585404274,1,True,True,semantic:https://eda.rambler.ru/img/eda/620x-/s1.eda.ru/staticcontent/photos/6/78/67864a021fc14adfa3c4b8a7b3f12438,1,False,
https://eda.rambler.ru/media/recepty/recepty-kulichey-na-pashu-ot-klassiki-do-bystryh-variantov,https://eda.rambler.ru/images/RecipePhoto/285x285/aleksandriyskiy-kulich_188863_photo_197004.jpg,src,Александрийский кулич,22,285,285,eda.rambler.ru,aleksandriyskiy-kulich_188863_photo_197004.jpg,eda.rambler.ru_media_recepty_recepty-kulichey-na-pashu-ot-klassik_cand_000020,eda.rambler.ru_media_recepty_recepty-kulichey-na-pashu-ot-klassik,data\raw\eda.rambler.ru_media_recepty_recepty-kulichey-na-pashu-ot-klassik,eda.rambler.ru_media_recepty_recepty-kulichey-na-pashu-ot-klassik_cand_000020_7757ecb052.jpg,data\raw\eda.rambler.ru_media_recepty_recepty-kulichey-na-pashu-ot-klassik\eda.rambler.ru_media_recepty_recepty-kulichey-na-pashu-ot-klassik_cand_000020_7757ecb052.jpg,True,,True,285.0,285.0,JPEG,RGB,7784,81225.0,1.0,,True,,[],0.5062866382768342,1,True,True,semantic:https://eda.rambler.ru/images/recipephoto/aleksandriyskiy-kulich_188863_photo_197004,1,False,
https://eda.rambler.ru/media/recepty/recepty-kulichey-na-pashu-ot-klassiki-do-bystryh-variantov,https://eda.rambler.ru/img/eda/620x-/s1.eda.ru/StaticContent/Photos/2/d3/2d31b141f8ba4bd6b77c60e9935c3413.jpg,src,,23,,,eda.rambler.ru,2d31b141f8ba4bd6b77c60e9935c3413.jpg,eda.rambler.ru_media_recepty_recepty-kulichey-na-pashu-ot-klassik_cand_000021,eda.rambler.ru_media_recepty_recepty-kulichey-na-pashu-ot-klassik,data\raw\eda.rambler.ru_media_recepty_recepty-kulichey-na-pashu-ot-klassik,eda.rambler.ru_media_recepty_recepty-kulichey-na-pashu-ot-klassik_cand_000021_f09c2216f8.jpg,data\raw\eda.rambler.ru_media_recepty_recepty-kulichey-na-pashu-ot-klassik\eda.rambler.ru_media_recepty_recepty-kulichey-na-pashu-ot-klassik_cand_000021_f09c2216f8.jpg,True,,True,620.0,413.0,JPEG,RGB,44646,256060.0,1.5012106537530265,,True,,[],0.9999995563903376,1,True,True,semantic:https://eda.rambler.ru/img/eda/620x-/s1.eda.ru/staticcontent/photos/2/d3/2d31b141f8ba4bd6b77c60e9935c3413,1,False,
https://eda.rambler.ru/media/recepty/recepty-kulichey-na-pashu-ot-klassiki-do-bystryh-variantov,https://eda.rambler.ru/images/RecipePhoto/285x285/vlazhnyy-kulich_188864_photo_196928.jpg,src,Влажный кулич,24,285,285,eda.rambler.ru,vlazhnyy-kulich_188864_photo_196928.jpg,eda.rambler.ru_media_recepty_recepty-kulichey-na-pashu-ot-klassik_cand_000022,eda.rambler.ru_media_recepty_recepty-kulichey-na-pashu-ot-klassik,data\raw\eda.rambler.ru_media_recepty_recepty-kulichey-na-pashu-ot-klassik,eda.rambler.ru_media_recepty_recepty-kulichey-na-pashu-ot-klassik_cand_000022_1c3a52cb56.jpg,data\raw\eda.rambler.ru_media_recepty_recepty-kulichey-na-pashu-ot-klassik\eda.rambler.ru_media_recepty_recepty-kulichey-na-pashu-ot-klassik_cand_000022_1c3a52cb56.jpg,True,,True,285.0,285.0,JPEG,RGB,10556,81225.0,1.0,,True,,[],0.49535879555933504,1,True,True,semantic:https://eda.rambler.ru/images/recipephoto/vlazhnyy-kulich_188864_photo_196928,1,False,
https://eda.rambler.ru/media/recepty/recepty-kulichey-na-pashu-ot-klassiki-do-bystryh-variantov,https://eda.rambler.ru/img/eda/620x-/s1.eda.ru/StaticContent/Photos/6/ac/6ac518c1799f42ec9f237c7ba9ec3670.jpg,src,,25,,,eda.rambler.ru,6ac518c1799f42ec9f237c7ba9ec3670.jpg,eda.rambler.ru_media_recepty_recepty-kulichey-na-pashu-ot-klassik_cand_000023,eda.rambler.ru_media_recepty_recepty-kulichey-na-pashu-ot-klassik,data\raw\eda.rambler.ru_media_recepty_recepty-kulichey-na-pashu-ot-klassik,eda.rambler.ru_media_recepty_recepty-kulichey-na-pashu-ot-klassik_cand_000023_4d11bf5b43.jpg,data\raw\eda.rambler.ru_media_recepty_recepty-kulichey-na-pashu-ot-klassik\eda.rambler.ru_media_recepty_recepty-kulichey-na-pashu-ot-klassik_cand_000023_4d11bf5b43.jpg,True,,True,620.0,413.0,JPEG,RGB,82073,256060.0,1.5012106537530265,,True,,[],0.99999958199225,1,True,True,semantic:https://eda.rambler.ru/img/eda/620x-/s1.eda.ru/staticcontent/photos/6/ac/6ac518c1799f42ec9f237c7ba9ec3670,1,False,
https://eda.rambler.ru/media/recepty/recepty-kulichey-na-pashu-ot-klassiki-do-bystryh-variantov,https://eda.rambler.ru/images/RecipePhoto/285x285/kulich-zavarnoy_188869_photo_196932.jpg,src,Кулич заварной,26,285,285,eda.rambler.ru,kulich-zavarnoy_188869_photo_196932.jpg,eda.rambler.ru_media_recepty_recepty-kulichey-na-pashu-ot-klassik_cand_000024,eda.rambler.ru_media_recepty_recepty-kulichey-na-pashu-ot-klassik,data\raw\eda.rambler.ru_media_recepty_recepty-kulichey-na-pashu-ot-klassik,eda.rambler.ru_media_recepty_recepty-kulichey-na-pashu-ot-klassik_cand_000024_578e93dc32.jpg,data\raw\eda.rambler.ru_media_recepty_recepty-kulichey-na-pashu-ot-klassik\eda.rambler.ru_media_recepty_recepty-kulichey-na-pashu-ot-klassik_cand_000024_578e93dc32.jpg,True,,True,285.0,285.0,JPEG,RGB,14159,81225.0,1.0,,True,,[],0.49678936246016037,1,True,True,semantic:https://eda.rambler.ru/images/recipephoto/kulich-zavarnoy_188869_photo_196932,1,False,
https://eda.rambler.ru/media/recepty/recepty-kulichey-na-pashu-ot-klassiki-do-bystryh-variantov,https://eda.rambler.ru/img/eda/620x-/s1.eda.ru/StaticContent/Photos/d/ab/dabbfc6481ba4635983df908c9e5c990.jpg,src,,27,,,eda.rambler.ru,dabbfc6481ba4635983df908c9e5c990.jpg,eda.rambler.ru_media_recepty_recepty-kulichey-na-pashu-ot-klassik_cand_000025,eda.rambler.ru_media_recepty_recepty-kulichey-na-pashu-ot-klassik,data\raw\eda.rambler.ru_media_recepty_recepty-kulichey-na-pashu-ot-klassik,eda.rambler.ru_media_recepty_recepty-kulichey-na-pashu-ot-klassik_cand_000025_e8ca41ac77.jpg,data\raw\eda.rambler.ru_media_recepty_recepty-kulichey-na-pashu-ot-klassik\eda.rambler.ru_media_recepty_recepty-kulichey-na-pashu-ot-klassik_cand_000025_e8ca41ac77.jpg,True,,True,620.0,413.0,JPEG,RGB,65577,256060.0,1.5012106537530265,,True,,[],0.9999995708955064,1,True,True,semantic:https://eda.rambler.ru/img/eda/620x-/s1.eda.ru/staticcontent/photos/d/ab/dabbfc6481ba4635983df908c9e5c990,1,False,
https://eda.rambler.ru/media/recepty/recepty-kulichey-na-pashu-ot-klassiki-do-bystryh-variantov,https://eda.rambler.ru/images/RecipePhoto/285x285/slivochnyy-kulich_191575_photo_199581.jpg,src,Сливочный кулич,28,285,285,eda.rambler.ru,slivochnyy-kulich_191575_photo_199581.jpg,eda.rambler.ru_media_recepty_recepty-kulichey-na-pashu-ot-klassik_cand_000026,eda.rambler.ru_media_recepty_recepty-kulichey-na-pashu-ot-klassik,data\raw\eda.rambler.ru_media_recepty_recepty-kulichey-na-pashu-ot-klassik,eda.rambler.ru_media_recepty_recepty-kulichey-na-pashu-ot-klassik_cand_000026_cdbd56444f.jpg,data\raw\eda.rambler.ru_media_recepty_recepty-kulichey-na-pashu-ot-klassik\eda.rambler.ru_media_recepty_recepty-kulichey-na-pashu-ot-klassik_cand_000026_cdbd56444f.jpg,True,,True,285.0,285.0,JPEG,RGB,87661,81225.0,1.0,,True,,[],0.5293779986948364,1,True,True,semantic:https://eda.rambler.ru/images/recipephoto/slivochnyy-kulich_191575_photo_199581,1,False,
https://eda.rambler.ru/media/recepty/recepty-kulichey-na-pashu-ot-klassiki-do-bystryh-variantov,https://eda.rambler.ru/img/eda/620x-/s1.eda.ru/StaticContent/Photos/9/81/98140feebbf64770bdbf3af62294526d.jpg,src,,29,,,eda.rambler.ru,98140feebbf64770bdbf3af62294526d.jpg,eda.rambler.ru_media_recepty_recepty-kulichey-na-pashu-ot-klassik_cand_000027,eda.rambler.ru_media_recepty_recepty-kulichey-na-pashu-ot-klassik,data\raw\eda.rambler.ru_media_recepty_recepty-kulichey-na-pashu-ot-klassik,eda.rambler.ru_media_recepty_recepty-kulichey-na-pashu-ot-klassik_cand_000027_59f18b6371.jpg,data\raw\eda.rambler.ru_media_recepty_recepty-kulichey-na-pashu-ot-klassik\eda.rambler.ru_media_recepty_recepty-kulichey-na-pashu-ot-klassik_cand_000027_59f18b6371.jpg,True,,True,620.0,413.0,JPEG,RGB,77981,256060.0,1.5012106537530265,,True,,[],0.9999995792666456,1,True,True,semantic:https://eda.rambler.ru/img/eda/620x-/s1.eda.ru/staticcontent/photos/9/81/98140feebbf64770bdbf3af62294526d,1,False,
https://eda.rambler.ru/media/recepty/recepty-kulichey-na-pashu-ot-klassiki-do-bystryh-variantov,https://eda.rambler.ru/images/RecipePhoto/285x285/limonnyy-kulich_191574_photo_199577.jpg,src,Лимонный кулич,30,285,285,eda.rambler.ru,limonnyy-kulich_191574_photo_199577.jpg,eda.rambler.ru_media_recepty_recepty-kulichey-na-pashu-ot-klassik_cand_000028,eda.rambler.ru_media_recepty_recepty-kulichey-na-pashu-ot-klassik,data\raw\eda.rambler.ru_media_recepty_recepty-kulichey-na-pashu-ot-klassik,eda.rambler.ru_media_recepty_recepty-kulichey-na-pashu-ot-klassik_cand_000028_c807a273fb.jpg,data\raw\eda.rambler.ru_media_recepty_recepty-kulichey-na-pashu-ot-klassik\eda.rambler.ru_media_recepty_recepty-kulichey-na-pashu-ot-klassik_cand_000028_c807a273fb.jpg,True,,True,285.0,285.0,JPEG,RGB,40962,81225.0,1.0,,True,,[],0.50743153396689,1,True,True,semantic:https://eda.rambler.ru/images/recipephoto/limonnyy-kulich_191574_photo_199577,1,False,
https://eda.rambler.ru/media/recepty/recepty-kulichey-na-pashu-ot-klassiki-do-bystryh-variantov,https://eda.rambler.ru/img/eda/620x-/s1.eda.ru/StaticContent/Photos/4/5e/45ea07ee58aa4fd38f51557a93ec1796.jpg,src,,31,,,eda.rambler.ru,45ea07ee58aa4fd38f51557a93ec1796.jpg,eda.rambler.ru_media_recepty_recepty-kulichey-na-pashu-ot-klassik_cand_000029,eda.rambler.ru_media_recepty_recepty-kulichey-na-pashu-ot-klassik,data\raw\eda.rambler.ru_media_recepty_recepty-kulichey-na-pashu-ot-klassik,eda.rambler.ru_media_recepty_recepty-kulichey-na-pashu-ot-klassik_cand_000029_0cf8ec45a6.jpg,data\raw\eda.rambler.ru_media_recepty_recepty-kulichey-na-pashu-ot-klassik\eda.rambler.ru_media_recepty_recepty-kulichey-na-pashu-ot-klassik_cand_000029_0cf8ec45a6.jpg,True,,True,620.0,413.0,JPEG,RGB,48862,256060.0,1.5012106537530265,,True,,[],0.9999995593509333,1,True,True,semantic:https://eda.rambler.ru/img/eda/620x-/s1.eda.ru/staticcontent/photos/4/5e/45ea07ee58aa4fd38f51557a93ec1796,1,False,
https://eda.rambler.ru/media/recepty/recepty-kulichey-na-pashu-ot-klassiki-do-bystryh-variantov,https://eda.rambler.ru/images/RecipePhoto/285x285/apelsinovyy-kulich_191572_photo_199575.jpg,src,Апельсиновый кулич,32,285,285,eda.rambler.ru,apelsinovyy-kulich_191572_photo_199575.jpg,eda.rambler.ru_media_recepty_recepty-kulichey-na-pashu-ot-klassik_cand_000030,eda.rambler.ru_media_recepty_recepty-kulichey-na-pashu-ot-klassik,data\raw\eda.rambler.ru_media_recepty_recepty-kulichey-na-pashu-ot-klassik,eda.rambler.ru_media_recepty_recepty-kulichey-na-pashu-ot-klassik_cand_000030_3689283653.jpg,data\raw\eda.rambler.ru_media_recepty_recepty-kulichey-na-pashu-ot-klassik\eda.rambler.ru_media_recepty_recepty-kulichey-na-pashu-ot-klassik_cand_000030_3689283653.jpg,True,,True,285.0,285.0,JPEG,RGB,28297,81225.0,1.0,,True,,[],0.5075578524819582,1,True,True,semantic:https://eda.rambler.ru/images/recipephoto/apelsinovyy-kulich_191572_photo_199575,1,False,
https://eda.rambler.ru/media/recepty/recepty-kulichey-na-pashu-ot-klassiki-do-bystryh-variantov,https://eda.rambler.ru/img/eda/620x-/s1.eda.ru/StaticContent/Photos/2/a1/2a1d89855bda4c4d9640a03db517d84a.jpg,src,,33,,,eda.rambler.ru,2a1d89855bda4c4d9640a03db517d84a.jpg,eda.rambler.ru_media_recepty_recepty-kulichey-na-pashu-ot-klassik_cand_000031,eda.rambler.ru_media_recepty_recepty-kulichey-na-pashu-ot-klassik,data\raw\eda.rambler.ru_media_recepty_recepty-kulichey-na-pashu-ot-klassik,eda.rambler.ru_media_recepty_recepty-kulichey-na-pashu-ot-klassik_cand_000031_fc99e3c8a7.jpg,data\raw\eda.rambler.ru_media_recepty_recepty-kulichey-na-pashu-ot-klassik\eda.rambler.ru_media_recepty_recepty-kulichey-na-pashu-ot-klassik_cand_000031_fc99e3c8a7.jpg,True,,True,620.0,413.0,JPEG,RGB,71203,256060.0,1.5012106537530265,,True,,[],0.999999574712792,1,True,True,semantic:https://eda.rambler.ru/img/eda/620x-/s1.eda.ru/staticcontent/photos/2/a1/2a1d89855bda4c4d9640a03db517d84a,1,False,
https://eda.rambler.ru/media/recepty/recepty-kulichey-na-pashu-ot-klassiki-do-bystryh-variantov,https://eda.rambler.ru/images/RecipePhoto/285x285/kulich-v-aerogrile_191571_photo_199574.jpg,src,Кулич в аэрогриле,34,285,285,eda.rambler.ru,kulich-v-aerogrile_191571_photo_199574.jpg,eda.rambler.ru_media_recepty_recepty-kulichey-na-pashu-ot-klassik_cand_000032,eda.rambler.ru_media_recepty_recepty-kulichey-na-pashu-ot-klassik,data\raw\eda.rambler.ru_media_recepty_recepty-kulichey-na-pashu-ot-klassik,eda.rambler.ru_media_recepty_recepty-kulichey-na-pashu-ot-klassik_cand_000032_a364f72891.jpg,data\raw\eda.rambler.ru_media_recepty_recepty-kulichey-na-pashu-ot-klassik\eda.rambler.ru_media_recepty_recepty-kulichey-na-pashu-ot-klassik_cand_000032_a364f72891.jpg,True,,True,285.0,285.0,JPEG,RGB,37504,81225.0,1.0,,True,,[],0.5112124045178298,1,True,True,semantic:https://eda.rambler.ru/images/recipephoto/kulich-v-aerogrile_191571_photo_199574,1,False,
https://eda.rambler.ru/media/recepty/recepty-kulichey-na-pashu-ot-klassiki-do-bystryh-variantov,https://eda.rambler.ru/img/eda/620x-/s1.eda.ru/StaticContent/Photos/7/94/794afb6748ba461ca7c27f3fa024c3e8.jpg,src,,35,,,eda.rambler.ru,794afb6748ba461ca7c27f3fa024c3e8.jpg,eda.rambler.ru_media_recepty_recepty-kulichey-na-pashu-ot-klassik_cand_000033,eda.rambler.ru_media_recepty_recepty-kulichey-na-pashu-ot-klassik,data\raw\eda.rambler.ru_media_recepty_recepty-kulichey-na-pashu-ot-klassik,eda.rambler.ru_media_recepty_recepty-kulichey-na-pashu-ot-klassik_cand_000033_6dea837baa.jpg,data\raw\eda.rambler.ru_media_recepty_recepty-kulichey-na-pashu-ot-klassik\eda.rambler.ru_media_recepty_recepty-kulichey-na-pashu-ot-klassik_cand_000033_6dea837baa.jpg,True,,True,620.0,413.0,JPEG,RGB,107152,256060.0,1.5012106537530265,,True,,[],0.9999995983154187,1,True,True,semantic:https://eda.rambler.ru/img/eda/620x-/s1.eda.ru/staticcontent/photos/7/94/794afb6748ba461ca7c27f3fa024c3e8,1,False,
https://eda.rambler.ru/media/recepty/recepty-kulichey-na-pashu-ot-klassiki-do-bystryh-variantov,https://eda.rambler.ru/images/RecipePhoto/285x285/kulich-v-multivarke_176175_photo_183860.jpg,src,Кулич в мультиварке,36,285,285,eda.rambler.ru,kulich-v-multivarke_176175_photo_183860.jpg,eda.rambler.ru_media_recepty_recepty-kulichey-na-pashu-ot-klassik_cand_000034,eda.rambler.ru_media_recepty_recepty-kulichey-na-pashu-ot-klassik,data\raw\eda.rambler.ru_media_recepty_recepty-kulichey-na-pashu-ot-klassik,eda.rambler.ru_media_recepty_recepty-kulichey-na-pashu-ot-klassik_cand_000034_b4f518b68e.jpg,data\raw\eda.rambler.ru_media_recepty_recepty-kulichey-na-pashu-ot-klassik\eda.rambler.ru_media_recepty_recepty-kulichey-na-pashu-ot-klassik_cand_000034_b4f518b68e.jpg,True,,True,285.0,285.0,JPEG,RGB,33374,81225.0,1.0,,True,,[],0.5112908788036015,1,True,True,semantic:https://eda.rambler.ru/images/recipephoto/kulich-v-multivarke_176175_photo_183860,1,False,
https://eda.rambler.ru/media/recepty/recepty-kulichey-na-pashu-ot-klassiki-do-bystryh-variantov,https://eda.rambler.ru/img/eda/620x-/s1.eda.ru/StaticContent/Photos/e/04/e0479747edad4116a7039ae6cde65519.jpg,src,,37,,,eda.rambler.ru,e0479747edad4116a7039ae6cde65519.jpg,eda.rambler.ru_media_recepty_recepty-kulichey-na-pashu-ot-klassik_cand_000035,eda.rambler.ru_media_recepty_recepty-kulichey-na-pashu-ot-klassik,data\raw\eda.rambler.ru_media_recepty_recepty-kulichey-na-pashu-ot-klassik,eda.rambler.ru_media_recepty_recepty-kulichey-na-pashu-ot-klassik_cand_000035_b4103a5e96.jpg,data\raw\eda.rambler.ru_media_recepty_recepty-kulichey-na-pashu-ot-klassik\eda.rambler.ru_media_recepty_recepty-kulichey-na-pashu-ot-klassik_cand_000035_b4103a5e96.jpg,True,,True,620.0,413.0,JPEG,RGB,59220,256060.0,1.5012106537530265,,True,,[],0.9999995665409853,1,True,True,semantic:https://eda.rambler.ru/img/eda/620x-/s1.eda.ru/staticcontent/photos/e/04/e0479747edad4116a7039ae6cde65519,1,False,
https://eda.rambler.ru/media/recepty/recepty-kulichey-na-pashu-ot-klassiki-do-bystryh-variantov,https://eda.rambler.ru/images/RecipePhoto/285x285/fistashkovyy-kulich-bez-drozhzhey_176181_photo_183856.jpg,src,Фисташковый кулич без дрожжей,38,285,285,eda.rambler.ru,fistashkovyy-kulich-bez-drozhzhey_176181_photo_183856.jpg,eda.rambler.ru_media_recepty_recepty-kulichey-na-pashu-ot-klassik_cand_000036,eda.rambler.ru_media_recepty_recepty-kulichey-na-pashu-ot-klassik,data\raw\eda.rambler.ru_media_recepty_recepty-kulichey-na-pashu-ot-klassik,eda.rambler.ru_media_recepty_recepty-kulichey-na-pashu-ot-klassik_cand_000036_eb08e9e247.jpg,data\raw\eda.rambler.ru_media_recepty_recepty-kulichey-na-pashu-ot-klassik\eda.rambler.ru_media_recepty_recepty-kulichey-na-pashu-ot-klassik_cand_000036_eb08e9e247.jpg,True,,True,285.0,285.0,JPEG,RGB,17915,81225.0,1.0,,True,,[],0.5291792356014824,1,True,True,semantic:https://eda.rambler.ru/images/recipephoto/fistashkovyy-kulich-bez-drozhzhey_176181_photo_183856,1,False,
https://eda.rambler.ru/media/recepty/recepty-kulichey-na-pashu-ot-klassiki-do-bystryh-variantov,https://eda.rambler.ru/img/eda/620x-/s1.eda.ru/StaticContent/Photos/0/75/0757db6a027648249e9b035373b30bc2.jpg,src,,39,,,eda.rambler.ru,0757db6a027648249e9b035373b30bc2.jpg,eda.rambler.ru_media_recepty_recepty-kulichey-na-pashu-ot-klassik_cand_000037,eda.rambler.ru_media_recepty_recepty-kulichey-na-pashu-ot-klassik,data\raw\eda.rambler.ru_media_recepty_recepty-kulichey-na-pashu-ot-klassik,eda.rambler.ru_media_recepty_recepty-kulichey-na-pashu-ot-klassik_cand_000037_8df01f5197.jpg,data\raw\eda.rambler.ru_media_recepty_recepty-kulichey-na-pashu-ot-klassik\eda.rambler.ru_media_recepty_recepty-kulichey-na-pashu-ot-klassik_cand_000037_8df01f5197.jpg,True,,True,620.0,413.0,JPEG,RGB,65136,256060.0,1.5012106537530265,,True,,[],0.9999995705948402,1,True,True,semantic:https://eda.rambler.ru/img/eda/620x-/s1.eda.ru/staticcontent/photos/0/75/0757db6a027648249e9b035373b30bc2,1,False,
https://eda.rambler.ru/media/recepty/recepty-kulichey-na-pashu-ot-klassiki-do-bystryh-variantov,https://eda.rambler.ru/images/RecipePhoto/285x285/shokoladnyy-kulich_176174_photo_183859.jpg,src,Шоколадный кулич,40,285,285,eda.rambler.ru,shokoladnyy-kulich_176174_photo_183859.jpg,eda.rambler.ru_media_recepty_recepty-kulichey-na-pashu-ot-klassik_cand_000038,eda.rambler.ru_media_recepty_recepty-kulichey-na-pashu-ot-klassik,data\raw\eda.rambler.ru_media_recepty_recepty-kulichey-na-pashu-ot-klassik,eda.rambler.ru_media_recepty_recepty-kulichey-na-pashu-ot-klassik_cand_000038_b1434585cc.jpg,data\raw\eda.rambler.ru_media_recepty_recepty-kulichey-na-pashu-ot-klassik\eda.rambler.ru_media_recepty_recepty-kulichey-na-pashu-ot-klassik_cand_000038_b1434585cc.jpg,True,,True,285.0,285.0,JPEG,RGB,21526,81225.0,1.0,,True,,[],0.5048696890430535,1,True,True,semantic:https://eda.rambler.ru/images/recipephoto/shokoladnyy-kulich_176174_photo_183859,1,False,
https://eda.rambler.ru/media/recepty/recepty-kulichey-na-pashu-ot-klassiki-do-bystryh-variantov,https://eda.rambler.ru/img/eda/620x-/s1.eda.ru/StaticContent/Photos/a/74/a740f5c36740488285b7aacebb9255f7.jpg,src,,41,,,eda.rambler.ru,a740f5c36740488285b7aacebb9255f7.jpg,eda.rambler.ru_media_recepty_recepty-kulichey-na-pashu-ot-klassik_cand_000039,eda.rambler.ru_media_recepty_recepty-kulichey-na-pashu-ot-klassik,data\raw\eda.rambler.ru_media_recepty_recepty-kulichey-na-pashu-ot-klassik,eda.rambler.ru_media_recepty_recepty-kulichey-na-pashu-ot-klassik_cand_000039_dadd7b0ad5.jpg,data\raw\eda.rambler.ru_media_recepty_recepty-kulichey-na-pashu-ot-klassik\eda.rambler.ru_media_recepty_recepty-kulichey-na-pashu-ot-klassik_cand_000039_dadd7b0ad5.jpg,True,,True,620.0,413.0,JPEG,RGB,70194,256060.0,1.5012106537530265,,True,,[],0.9999995740306853,1,True,True,semantic:https://eda.rambler.ru/img/eda/620x-/s1.eda.ru/staticcontent/photos/a/74/a740f5c36740488285b7aacebb9255f7,1,False,
https://eda.rambler.ru/media/recepty/recepty-kulichey-na-pashu-ot-klassiki-do-bystryh-variantov,https://eda.rambler.ru/images/RecipePhoto/285x285/pp-kulich_188868_photo_196931.jpg,src,ПП-кулич,42,285,285,eda.rambler.ru,pp-kulich_188868_photo_196931.jpg,eda.rambler.ru_media_recepty_recepty-kulichey-na-pashu-ot-klassik_cand_000040,eda.rambler.ru_media_recepty_recepty-kulichey-na-pashu-ot-klassik,data\raw\eda.rambler.ru_media_recepty_recepty-kulichey-na-pashu-ot-klassik,eda.rambler.ru_media_recepty_recepty-kulichey-na-pashu-ot-klassik_cand_000040_f65625fe54.jpg,data\raw\eda.rambler.ru_media_recepty_recepty-kulichey-na-pashu-ot-klassik\eda.rambler.ru_media_recepty_recepty-kulichey-na-pashu-ot-klassik_cand_000040_f65625fe54.jpg,True,,True,285.0,285.0,JPEG,RGB,11104,81225.0,1.0,,True,,[],0.4852699547974674,0,False,False,,,False,
https://eda.rambler.ru/media/recepty/recepty-kulichey-na-pashu-ot-klassiki-do-bystryh-variantov,https://eda.rambler.ru/img/eda/620x-/s1.eda.ru/StaticContent/Photos/5/93/593ba4cd7cbd4bccb91318f75ef3e012.jpg,src,,43,,,eda.rambler.ru,593ba4cd7cbd4bccb91318f75ef3e012.jpg,eda.rambler.ru_media_recepty_recepty-kulichey-na-pashu-ot-klassik_cand_000041,eda.rambler.ru_media_recepty_recepty-kulichey-na-pashu-ot-klassik,data\raw\eda.rambler.ru_media_recepty_recepty-kulichey-na-pashu-ot-klassik,eda.rambler.ru_media_recepty_recepty-kulichey-na-pashu-ot-klassik_cand_000041_d083c4045e.jpg,data\raw\eda.rambler.ru_media_recepty_recepty-kulichey-na-pashu-ot-klassik\eda.rambler.ru_media_recepty_recepty-kulichey-na-pashu-ot-klassik_cand_000041_d083c4045e.jpg,True,,True,620.0,413.0,JPEG,RGB,48026,256060.0,1.5012106537530265,,True,,[],0.9999995587654449,1,True,True,semantic:https://eda.rambler.ru/img/eda/620x-/s1.eda.ru/staticcontent/photos/5/93/593ba4cd7cbd4bccb91318f75ef3e012,1,False,
https://eda.rambler.ru/media/recepty/recepty-kulichey-na-pashu-ot-klassiki-do-bystryh-variantov,https://eda.rambler.ru/images/RecipePhoto/285x285/kulich-s-nachinkoy_188909_photo_196985.jpg,src,Кулич с начинкой,44,285,285,eda.rambler.ru,kulich-s-nachinkoy_188909_photo_196985.jpg,eda.rambler.ru_media_recepty_recepty-kulichey-na-pashu-ot-klassik_cand_000042,eda.rambler.ru_media_recepty_recepty-kulichey-na-pashu-ot-klassik,data\raw\eda.rambler.ru_media_recepty_recepty-kulichey-na-pashu-ot-klassik,eda.rambler.ru_media_recepty_recepty-kulichey-na-pashu-ot-klassik_cand_000042_3a1ddc4899.jpg,data\raw\eda.rambler.ru_media_recepty_recepty-kulichey-na-pashu-ot-klassik\eda.rambler.ru_media_recepty_recepty-kulichey-na-pashu-ot-klassik_cand_000042_3a1ddc4899.jpg,True,,True,285.0,285.0,JPEG,RGB,8667,81225.0,1.0,,True,,[],0.49976387398251326,1,True,True,semantic:https://eda.rambler.ru/images/recipephoto/kulich-s-nachinkoy_188909_photo_196985,1,False,
https://eda.rambler.ru/media/recepty/recepty-kulichey-na-pashu-ot-klassiki-do-bystryh-variantov,https://eda.rambler.ru/img/eda/620x-/s1.eda.ru/StaticContent/Photos/0/60/0608cfc238234e26afae3177f5e4b54d.jpg,src,,45,,,eda.rambler.ru,0608cfc238234e26afae3177f5e4b54d.jpg,eda.rambler.ru_media_recepty_recepty-kulichey-na-pashu-ot-klassik_cand_000043,eda.rambler.ru_media_recepty_recepty-kulichey-na-pashu-ot-klassik,data\raw\eda.rambler.ru_media_recepty_recepty-kulichey-na-pashu-ot-klassik,eda.rambler.ru_media_recepty_recepty-kulichey-na-pashu-ot-klassik_cand_000043_5e969fb2b2.jpg,data\raw\eda.rambler.ru_media_recepty_recepty-kulichey-na-pashu-ot-klassik\eda.rambler.ru_media_recepty_recepty-kulichey-na-pashu-ot-klassik_cand_000043_5e969fb2b2.jpg,True,,True,620.0,413.0,JPEG,RGB,48188,256060.0,1.5012106537530265,,True,,[],0.9999995588789615,1,True,True,semantic:https://eda.rambler.ru/img/eda/620x-/s1.eda.ru/staticcontent/photos/0/60/0608cfc238234e26afae3177f5e4b54d,1,False,
https://eda.rambler.ru/media/recepty/recepty-kulichey-na-pashu-ot-klassiki-do-bystryh-variantov,https://eda.rambler.ru/images/RecipePhoto/285x285/rozovaya-glazur-dlya-kulicha_173471_photo_170817.jpg,src,Розовая глазурь для кулича,46,285,285,eda.rambler.ru,rozovaya-glazur-dlya-kulicha_173471_photo_170817.jpg,eda.rambler.ru_media_recepty_recepty-kulichey-na-pashu-ot-klassik_cand_000044,eda.rambler.ru_media_recepty_recepty-kulichey-na-pashu-ot-klassik,data\raw\eda.rambler.ru_media_recepty_recepty-kulichey-na-pashu-ot-klassik,eda.rambler.ru_media_recepty_recepty-kulichey-na-pashu-ot-klassik_cand_000044_2422acd7c5.jpg,data\raw\eda.rambler.ru_media_recepty_recepty-kulichey-na-pashu-ot-klassik\eda.rambler.ru_media_recepty_recepty-kulichey-na-pashu-ot-klassik_cand_000044_2422acd7c5.jpg,True,,True,285.0,285.0,JPEG,RGB,16023,81225.0,1.0,,True,,[],0.5198585742486117,1,True,True,semantic:https://eda.rambler.ru/images/recipephoto/rozovaya-glazur-dlya-kulicha_173471_photo_170817,1,False,
https://eda.rambler.ru/media/recepty/recepty-kulichey-na-pashu-ot-klassiki-do-bystryh-variantov,https://eda.rambler.ru/img/eda/620x-/s1.eda.ru/StaticContent/Photos/2/e5/2e56f5839ff941faa472000d0bed35e0.jpg,src,,47,,,eda.rambler.ru,2e56f5839ff941faa472000d0bed35e0.jpg,eda.rambler.ru_media_recepty_recepty-kulichey-na-pashu-ot-klassik_cand_000045,eda.rambler.ru_media_recepty_recepty-kulichey-na-pashu-ot-klassik,data\raw\eda.rambler.ru_media_recepty_recepty-kulichey-na-pashu-ot-klassik,eda.rambler.ru_media_recepty_recepty-kulichey-na-pashu-ot-klassik_cand_000045_7c19284384.jpg,data\raw\eda.rambler.ru_media_recepty_recepty-kulichey-na-pashu-ot-klassik\eda.rambler.ru_media_recepty_recepty-kulichey-na-pashu-ot-klassik_cand_000045_7c19284384.jpg,True,,True,620.0,413.0,JPEG,RGB,46428,256060.0,1.5012106537530265,,True,,[],0.9999995576441282,1,True,True,semantic:https://eda.rambler.ru/img/eda/620x-/s1.eda.ru/staticcontent/photos/2/e5/2e56f5839ff941faa472000d0bed35e0,1,False,
https://eda.rambler.ru/media/recepty/recepty-kulichey-na-pashu-ot-klassiki-do-bystryh-variantov,https://eda.rambler.ru/images/RecipePhoto/285x285/fistashkovaya-glazur-dlya-kulicha_173472_photo_170818.jpg,src,Фисташковая глазурь для кулича,48,285,285,eda.rambler.ru,fistashkovaya-glazur-dlya-kulicha_173472_photo_170818.jpg,eda.rambler.ru_media_recepty_recepty-kulichey-na-pashu-ot-klassik_cand_000046,eda.rambler.ru_media_recepty_recepty-kulichey-na-pashu-ot-klassik,data\raw\eda.rambler.ru_media_recepty_recepty-kulichey-na-pashu-ot-klassik,eda.rambler.ru_media_recepty_recepty-kulichey-na-pashu-ot-klassik_cand_000046_70c8340686.jpg,data\raw\eda.rambler.ru_media_recepty_recepty-kulichey-na-pashu-ot-klassik\eda.rambler.ru_media_recepty_recepty-kulichey-na-pashu-ot-klassik_cand_000046_70c8340686.jpg,True,,True,285.0,285.0,JPEG,RGB,15196,81225.0,1.0,,True,,[],0.5281031355825041,1,True,True,semantic:https://eda.rambler.ru/images/recipephoto/fistashkovaya-glazur-dlya-kulicha_173472_photo_170818,1,False,
https://eda.rambler.ru/media/recepty/recepty-kulichey-na-pashu-ot-klassiki-do-bystryh-variantov,https://eda.rambler.ru/img/eda/620x-/s1.eda.ru/StaticContent/Photos/6/bc/6bc614eff8a049a99c9e9efbf8760966.jpg,src,,49,,,eda.rambler.ru,6bc614eff8a049a99c9e9efbf8760966.jpg,eda.rambler.ru_media_recepty_recepty-kulichey-na-pashu-ot-klassik_cand_000047,eda.rambler.ru_media_recepty_recepty-kulichey-na-pashu-ot-klassik,data\raw\eda.rambler.ru_media_recepty_recepty-kulichey-na-pashu-ot-klassik,eda.rambler.ru_media_recepty_recepty-kulichey-na-pashu-ot-klassik_cand_000047_0a43b4ca6c.jpg,data\raw\eda.rambler.ru_media_recepty_recepty-kulichey-na-pashu-ot-klassik\eda.rambler.ru_media_recepty_recepty-kulichey-na-pashu-ot-klassik_cand_000047_0a43b4ca6c.jpg,True,,True,620.0,413.0,JPEG,RGB,52455,256060.0,1.5012106537530265,,True,,[],0.9999995618584406,1,True,True,semantic:https://eda.rambler.ru/img/eda/620x-/s1.eda.ru/staticcontent/photos/6/bc/6bc614eff8a049a99c9e9efbf8760966,1,False,
https://eda.rambler.ru/media/recepty/recepty-kulichey-na-pashu-ot-klassiki-do-bystryh-variantov,https://eda.rambler.ru/images/RecipePhoto/285x285/merenga-dlya-ukrasheniya-kulicha_173473_photo_170819.jpg,src,Меренга для украшения кулича,50,285,285,eda.rambler.ru,merenga-dlya-ukrasheniya-kulicha_173473_photo_170819.jpg,eda.rambler.ru_media_recepty_recepty-kulichey-na-pashu-ot-klassik_cand_000048,eda.rambler.ru_media_recepty_recepty-kulichey-na-pashu-ot-klassik,data\raw\eda.rambler.ru_media_recepty_recepty-kulichey-na-pashu-ot-klassik,eda.rambler.ru_media_recepty_recepty-kulichey-na-pashu-ot-klassik_cand_000048_9a96dd17b8.jpg,data\raw\eda.rambler.ru_media_recepty_recepty-kulichey-na-pashu-ot-klassik\eda.rambler.ru_media_recepty_recepty-kulichey-na-pashu-ot-klassik_cand_000048_9a96dd17b8.jpg,True,,True,285.0,285.0,JPEG,RGB,16999,81225.0,1.0,,True,,[],0.5271036870993572,1,True,True,semantic:https://eda.rambler.ru/images/recipephoto/merenga-dlya-ukrasheniya-kulicha_173473_photo_170819,1,False,
https://eda.rambler.ru/media/recepty/recepty-kulichey-na-pashu-ot-klassiki-do-bystryh-variantov,https://eda.rambler.ru/img/eda/620x-/s1.eda.ru/StaticContent/Photos/3/03/303b26087df645a582a5784d66a43dcb.jpg,src,,51,,,eda.rambler.ru,303b26087df645a582a5784d66a43dcb.jpg,eda.rambler.ru_media_recepty_recepty-kulichey-na-pashu-ot-klassik_cand_000049,eda.rambler.ru_media_recepty_recepty-kulichey-na-pashu-ot-klassik,data\raw\eda.rambler.ru_media_recepty_recepty-kulichey-na-pashu-ot-klassik,eda.rambler.ru_media_recepty_recepty-kulichey-na-pashu-ot-klassik_cand_000049_3020ede3de.jpg,data\raw\eda.rambler.ru_media_recepty_recepty-kulichey-na-pashu-ot-klassik\eda.rambler.ru_media_recepty_recepty-kulichey-na-pashu-ot-klassik_cand_000049_3020ede3de.jpg,True,,True,620.0,413.0,JPEG,RGB,57071,256060.0,1.5012106537530265,,True,,[],0.9999995650589566,1,True,True,semantic:https://eda.rambler.ru/img/eda/620x-/s1.eda.ru/staticcontent/photos/3/03/303b26087df645a582a5784d66a43dcb,1,False,
https://eda.rambler.ru/media/recepty/recepty-kulichey-na-pashu-ot-klassiki-do-bystryh-variantov,https://eda.rambler.ru/images/RecipePhoto/285x285/ukrashenie-dlya-kulicha-s-cukatami_173474_photo_170820.jpg,src,Украшение для кулича с цукатами,52,285,285,eda.rambler.ru,ukrashenie-dlya-kulicha-s-cukatami_173474_photo_170820.jpg,eda.rambler.ru_media_recepty_recepty-kulichey-na-pashu-ot-klassik_cand_000050,eda.rambler.ru_media_recepty_recepty-kulichey-na-pashu-ot-klassik,data\raw\eda.rambler.ru_media_recepty_recepty-kulichey-na-pashu-ot-klassik,eda.rambler.ru_media_recepty_recepty-kulichey-na-pashu-ot-klassik_cand_000050_31bb7ed491.jpg,data\raw\eda.rambler.ru_media_recepty_recepty-kulichey-na-pashu-ot-klassik\eda.rambler.ru_media_recepty_recepty-kulichey-na-pashu-ot-klassik_cand_000050_31bb7ed491.jpg,True,,True,285.0,285.0,JPEG,RGB,18025,81225.0,1.0,,True,,[],0.5309349720000088,1,True,True,semantic:https://eda.rambler.ru/images/recipephoto/ukrashenie-dlya-kulicha-s-cukatami_173474_photo_170820,1,False,
https://eda.rambler.ru/media/recepty/recepty-kulichey-na-pashu-ot-klassiki-do-bystryh-variantov,https://eda.rambler.ru/images/Article/320x320/ckolko-yaic-mozhno-sest-za-den_square.jpg,src,,53,320,320,eda.rambler.ru,ckolko-yaic-mozhno-sest-za-den_square.jpg,eda.rambler.ru_media_recepty_recepty-kulichey-na-pashu-ot-klassik_cand_000051,eda.rambler.ru_media_recepty_recepty-kulichey-na-pashu-ot-klassik,data\raw\eda.rambler.ru_media_recepty_recepty-kulichey-na-pashu-ot-klassik,eda.rambler.ru_media_recepty_recepty-kulichey-na-pashu-ot-klassik_cand_000051_6d63b52ef3.jpg,data\raw\eda.rambler.ru_media_recepty_recepty-kulichey-na-pashu-ot-klassik\eda.rambler.ru_media_recepty_recepty-kulichey-na-pashu-ot-klassik_cand_000051_6d63b52ef3.jpg,True,,True,320.0,320.0,JPEG,RGB,21341,102400.0,1.0,,True,,[],0.49227978977456177,1,True,True,semantic:https://eda.rambler.ru/images/article/ckolko-yaic-mozhno-sest-za-den_square,1,False,
https://eda.rambler.ru/media/recepty/recepty-kulichey-na-pashu-ot-klassiki-do-bystryh-variantov,https://eda.rambler.ru/images/Article/320x320/kak-pokrasit-yayca-na-pashu-prostye-krasivye-i-bezopasnye-sposoby_square.jpg,src,,54,320,320,eda.rambler.ru,kak-pokrasit-yayca-na-pashu-prostye-krasivye-i-bezopasnye-sposoby_square.jpg,eda.rambler.ru_media_recepty_recepty-kulichey-na-pashu-ot-klassik_cand_000052,eda.rambler.ru_media_recepty_recepty-kulichey-na-pashu-ot-klassik,data\raw\eda.rambler.ru_media_recepty_recepty-kulichey-na-pashu-ot-klassik,eda.rambler.ru_media_recepty_recepty-kulichey-na-pashu-ot-klassik_cand_000052_eaf9bc12de.jpg,data\raw\eda.rambler.ru_media_recepty_recepty-kulichey-na-pashu-ot-klassik\eda.rambler.ru_media_recepty_recepty-kulichey-na-pashu-ot-klassik_cand_000052_eaf9bc12de.jpg,True,,True,320.0,320.0,JPEG,RGB,54403,102400.0,1.0,,True,,[],0.5651791850358779,1,True,True,semantic:https://eda.rambler.ru/images/article/kak-pokrasit-yayca-na-pashu-prostye-krasivye-i-bezopasnye-sposoby_square,1,False,
https://eda.rambler.ru/media/recepty/recepty-kulichey-na-pashu-ot-klassiki-do-bystryh-variantov,https://eda.rambler.ru/images/Article/320x320/dragocennye-skorlupki-kak-prigotovit-shokoladnye-pashalnye-yayca-doma_square.jpg,src,,55,320,320,eda.rambler.ru,dragocennye-skorlupki-kak-prigotovit-shokoladnye-pashalnye-yayca-doma_square.jpg,eda.rambler.ru_media_recepty_recepty-kulichey-na-pashu-ot-klassik_cand_000053,eda.rambler.ru_media_recepty_recepty-kulichey-na-pashu-ot-klassik,data\raw\eda.rambler.ru_media_recepty_recepty-kulichey-na-pashu-ot-klassik,eda.rambler.ru_media_recepty_recepty-kulichey-na-pashu-ot-klassik_cand_000053_863d473f50.jpg,data\raw\eda.rambler.ru_media_recepty_recepty-kulichey-na-pashu-ot-klassik\eda.rambler.ru_media_recepty_recepty-kulichey-na-pashu-ot-klassik_cand_000053_863d473f50.jpg,True,,True,320.0,320.0,JPEG,RGB,24535,102400.0,1.0,,True,,[],0.5602716162456992,1,True,True,semantic:https://eda.rambler.ru/images/article/dragocennye-skorlupki-kak-prigotovit-shokoladnye-pashalnye-yayca-doma_square,1,False,
https://eda.rambler.ru/media/recepty/recepty-kulichey-na-pashu-ot-klassiki-do-bystryh-variantov,https://eda.rambler.ru/images/Article/320x320/petuhi-i-matreshki-gde-pokupat-i-skolko-stoyat-samye-krasivye-kulichi-na-pashu-2026_square.jpg,src,,56,320,320,eda.rambler.ru,petuhi-i-matreshki-gde-pokupat-i-skolko-stoyat-samye-krasivye-kulichi-na-pashu-2026_square.jpg,eda.rambler.ru_media_recepty_recepty-kulichey-na-pashu-ot-klassik_cand_000054,eda.rambler.ru_media_recepty_recepty-kulichey-na-pashu-ot-klassik,data\raw\eda.rambler.ru_media_recepty_recepty-kulichey-na-pashu-ot-klassik,eda.rambler.ru_media_recepty_recepty-kulichey-na-pashu-ot-klassik_cand_000054_ee8de91c24.jpg,data\raw\eda.rambler.ru_media_recepty_recepty-kulichey-na-pashu-ot-klassik\eda.rambler.ru_media_recepty_recepty-kulichey-na-pashu-ot-klassik_cand_000054_ee8de91c24.jpg,True,,True,320.0,320.0,JPEG,RGB,35965,102400.0,1.0,,True,,[],0.5882294059841033,1,True,True,semantic:https://eda.rambler.ru/images/article/petuhi-i-matreshki-gde-pokupat-i-skolko-stoyat-samye-krasivye-kulichi-na-pashu-2026_square,1,False,
https://eda.rambler.ru/media/recepty/recepty-kulichey-na-pashu-ot-klassiki-do-bystryh-variantov,https://eda.rambler.ru/images/Article/320x320/kto-ty-na-pashu-psihotest_square.jpg,src,,57,320,320,eda.rambler.ru,kto-ty-na-pashu-psihotest_square.jpg,eda.rambler.ru_media_recepty_recepty-kulichey-na-pashu-ot-klassik_cand_000055,eda.rambler.ru_media_recepty_recepty-kulichey-na-pashu-ot-klassik,data\raw\eda.rambler.ru_media_recepty_recepty-kulichey-na-pashu-ot-klassik,eda.rambler.ru_media_recepty_recepty-kulichey-na-pashu-ot-klassik_cand_000055_9f4bd40127.jpg,data\raw\eda.rambler.ru_media_recepty_recepty-kulichey-na-pashu-ot-klassik\eda.rambler.ru_media_recepty_recepty-kulichey-na-pashu-ot-klassik_cand_000055_9f4bd40127.jpg,True,,True,320.0,320.0,JPEG,RGB,35593,102400.0,1.0,,True,,[],0.48934774129558906,0,False,False,,,False,
https://eda.rambler.ru/media/recepty/recepty-kulichey-na-pashu-ot-klassiki-do-bystryh-variantov,https://eda.rambler.ru/images/Article/320x320/baranya-noga-v-duhovke_square.jpg,src,,58,320,320,eda.rambler.ru,baranya-noga-v-duhovke_square.jpg,eda.rambler.ru_media_recepty_recepty-kulichey-na-pashu-ot-klassik_cand_000056,eda.rambler.ru_media_recepty_recepty-kulichey-na-pashu-ot-klassik,data\raw\eda.rambler.ru_media_recepty_recepty-kulichey-na-pashu-ot-klassik,eda.rambler.ru_media_recepty_recepty-kulichey-na-pashu-ot-klassik_cand_000056_5fdb830602.jpg,data\raw\eda.rambler.ru_media_recepty_recepty-kulichey-na-pashu-ot-klassik\eda.rambler.ru_media_recepty_recepty-kulichey-na-pashu-ot-klassik_cand_000056_5fdb830602.jpg,True,,True,320.0,320.0,JPEG,RGB,47682,102400.0,1.0,,True,,[],0.48899284659956466,0,False,False,,,False,
https://eda.rambler.ru/media/recepty/recepty-kulichey-na-pashu-ot-klassiki-do-bystryh-variantov,https://eda.rambler.ru/images/Article/320x320/chto-gotovit-na-pashu_square.jpg,src,,59,320,320,eda.rambler.ru,chto-gotovit-na-pashu_square.jpg,eda.rambler.ru_media_recepty_recepty-kulichey-na-pashu-ot-klassik_cand_000057,eda.rambler.ru_media_recepty_recepty-kulichey-na-pashu-ot-klassik,data\raw\eda.rambler.ru_media_recepty_recepty-kulichey-na-pashu-ot-klassik,eda.rambler.ru_media_recepty_recepty-kulichey-na-pashu-ot-klassik_cand_000057_6eadea07f2.jpg,data\raw\eda.rambler.ru_media_recepty_recepty-kulichey-na-pashu-ot-klassik\eda.rambler.ru_media_recepty_recepty-kulichey-na-pashu-ot-klassik_cand_000057_6eadea07f2.jpg,True,,True,320.0,320.0,JPEG,RGB,51624,102400.0,1.0,,True,,[],0.4888397579877264,0,False,False,,,False,
https://eda.rambler.ru/media/recepty/recepty-kulichey-na-pashu-ot-klassiki-do-bystryh-variantov,https://eda.rambler.ru/images/Article/320x320/kak-vybirat-yayca-na-pashu_square.jpg,src,,60,320,320,eda.rambler.ru,kak-vybirat-yayca-na-pashu_square.jpg,eda.rambler.ru_media_recepty_recepty-kulichey-na-pashu-ot-klassik_cand_000058,eda.rambler.ru_media_recepty_recepty-kulichey-na-pashu-ot-klassik,data\raw\eda.rambler.ru_media_recepty_recepty-kulichey-na-pashu-ot-klassik,eda.rambler.ru_media_recepty_recepty-kulichey-na-pashu-ot-klassik_cand_000058_2ae01f27f3.jpg,data\raw\eda.rambler.ru_media_recepty_recepty-kulichey-na-pashu-ot-klassik\eda.rambler.ru_media_recepty_recepty-kulichey-na-pashu-ot-klassik_cand_000058_2ae01f27f3.jpg,True,,True,320.0,320.0,JPEG,RGB,27152,102400.0,1.0,,True,,[],0.487715331894547,0,False,False,,,False,
https://eda.rambler.ru/media/recepty/recepty-kulichey-na-pashu-ot-klassiki-do-bystryh-variantov,https://eda.rambler.ru/images/Article/320x320/chto-prigotovit-na-pashu-vmesto-kulicha_square.jpg,src,,61,320,320,eda.rambler.ru,chto-prigotovit-na-pashu-vmesto-kulicha_square.jpg,eda.rambler.ru_media_recepty_recepty-kulichey-na-pashu-ot-klassik_cand_000059,eda.rambler.ru_media_recepty_recepty-kulichey-na-pashu-ot-klassik,data\raw\eda.rambler.ru_media_recepty_recepty-kulichey-na-pashu-ot-klassik,eda.rambler.ru_media_recepty_recepty-kulichey-na-pashu-ot-klassik_cand_000059_e2783ca768.jpg,data\raw\eda.rambler.ru_media_recepty_recepty-kulichey-na-pashu-ot-klassik\eda.rambler.ru_media_recepty_recepty-kulichey-na-pashu-ot-klassik_cand_000059_e2783ca768.jpg,True,,True,320.0,320.0,JPEG,RGB,48443,102400.0,1.0,,True,,[],0.5184980687206534,1,True,True,semantic:https://eda.rambler.ru/images/article/chto-prigotovit-na-pashu-vmesto-kulicha_square,1,False,
https://eda.rambler.ru/media/recepty/recepty-kulichey-na-pashu-ot-klassiki-do-bystryh-variantov,https://eda.rambler.ru/images/Article/320x320/kak-sdelat-kulich-za-20-minut_square.jpg,src,,62,320,320,eda.rambler.ru,kak-sdelat-kulich-za-20-minut_square.jpg,eda.rambler.ru_media_recepty_recepty-kulichey-na-pashu-ot-klassik_cand_000060,eda.rambler.ru_media_recepty_recepty-kulichey-na-pashu-ot-klassik,data\raw\eda.rambler.ru_media_recepty_recepty-kulichey-na-pashu-ot-klassik,eda.rambler.ru_media_recepty_recepty-kulichey-na-pashu-ot-klassik_cand_000060_7e637636e5.jpg,data\raw\eda.rambler.ru_media_recepty_recepty-kulichey-na-pashu-ot-klassik\eda.rambler.ru_media_recepty_recepty-kulichey-na-pashu-ot-klassik_cand_000060_7e637636e5.jpg,True,,True,320.0,320.0,JPEG,RGB,43954,102400.0,1.0,,True,,[],0.4995397730817791,1,True,True,semantic:https://eda.rambler.ru/images/article/kak-sdelat-kulich-za-20-minut_square,1,False,
https://eda.rambler.ru/media/recepty/recepty-kulichey-na-pashu-ot-klassiki-do-bystryh-variantov,https://eda.rambler.ru/images/Article/320x320/sem-receptov-tvorozhnoy-pashi_square.jpg,src,,63,320,320,eda.rambler.ru,sem-receptov-tvorozhnoy-pashi_square.jpg,eda.rambler.ru_media_recepty_recepty-kulichey-na-pashu-ot-klassik_cand_000061,eda.rambler.ru_media_recepty_recepty-kulichey-na-pashu-ot-klassik,data\raw\eda.rambler.ru_media_recepty_recepty-kulichey-na-pashu-ot-klassik,eda.rambler.ru_media_recepty_recepty-kulichey-na-pashu-ot-klassik_cand_000061_2795683ea8.jpg,data\raw\eda.rambler.ru_media_recepty_recepty-kulichey-na-pashu-ot-klassik\eda.rambler.ru_media_recepty_recepty-kulichey-na-pashu-ot-klassik_cand_000061_2795683ea8.jpg,True,,True,320.0,320.0,JPEG,RGB,38590,102400.0,1.0,,True,,[],0.4974098934814903,1,True,True,semantic:https://eda.rambler.ru/images/article/sem-receptov-tvorozhnoy-pashi_square,1,False,
https://eda.rambler.ru/media/recepty/recepty-kulichey-na-pashu-ot-klassiki-do-bystryh-variantov,https://eda.rambler.ru/images/Article/320x320/shashlyk-iz-indeyki-legkaya-alternativa-svinine_square.jpg,src,,64,320,320,eda.rambler.ru,shashlyk-iz-indeyki-legkaya-alternativa-svinine_square.jpg,eda.rambler.ru_media_recepty_recepty-kulichey-na-pashu-ot-klassik_cand_000062,eda.rambler.ru_media_recepty_recepty-kulichey-na-pashu-ot-klassik,data\raw\eda.rambler.ru_media_recepty_recepty-kulichey-na-pashu-ot-klassik,eda.rambler.ru_media_recepty_recepty-kulichey-na-pashu-ot-klassik_cand_000062_3f4c2af5c5.jpg,data\raw\eda.rambler.ru_media_recepty_recepty-kulichey-na-pashu-ot-klassik\eda.rambler.ru_media_recepty_recepty-kulichey-na-pashu-ot-klassik_cand_000062_3f4c2af5c5.jpg,True,,True,320.0,320.0,JPEG,RGB,41189,102400.0,1.0,,True,,[],0.5293398216458962,1,True,True,semantic:https://eda.rambler.ru/images/article/shashlyk-iz-indeyki-legkaya-alternativa-svinine_square,1,False,
https://eda.rambler.ru/media/recepty/recepty-kulichey-na-pashu-ot-klassiki-do-bystryh-variantov,https://eda.rambler.ru/images/Article/320x320/panini-s-mocarelloy-i-pesto-italyanskiy-perekus_square.jpg,src,,65,320,320,eda.rambler.ru,panini-s-mocarelloy-i-pesto-italyanskiy-perekus_square.jpg,eda.rambler.ru_media_recepty_recepty-kulichey-na-pashu-ot-klassik_cand_000063,eda.rambler.ru_media_recepty_recepty-kulichey-na-pashu-ot-klassik,data\raw\eda.rambler.ru_media_recepty_recepty-kulichey-na-pashu-ot-klassik,eda.rambler.ru_media_recepty_recepty-kulichey-na-pashu-ot-klassik_cand_000063_05b4cb0e42.jpg,data\raw\eda.rambler.ru_media_recepty_recepty-kulichey-na-pashu-ot-klassik\eda.rambler.ru_media_recepty_recepty-kulichey-na-pashu-ot-klassik_cand_000063_05b4cb0e42.jpg,True,,True,320.0,320.0,JPEG,RGB,32962,102400.0,1.0,,True,,[],0.5260831434759048,1,True,True,semantic:https://eda.rambler.ru/images/article/panini-s-mocarelloy-i-pesto-italyanskiy-perekus_square,1,False,
https://eda.rambler.ru/media/recepty/recepty-kulichey-na-pashu-ot-klassiki-do-bystryh-variantov,https://eda.rambler.ru/images/Article/320x320/varene-iz-klubniki-klassika-i-pyatiminutka_square.jpg,src,,66,320,320,eda.rambler.ru,varene-iz-klubniki-klassika-i-pyatiminutka_square.jpg,eda.rambler.ru_media_recepty_recepty-kulichey-na-pashu-ot-klassik_cand_000064,eda.rambler.ru_media_recepty_recepty-kulichey-na-pashu-ot-klassik,data\raw\eda.rambler.ru_media_recepty_recepty-kulichey-na-pashu-ot-klassik,eda.rambler.ru_media_recepty_recepty-kulichey-na-pashu-ot-klassik_cand_000064_25892bb231.jpg,data\raw\eda.rambler.ru_media_recepty_recepty-kulichey-na-pashu-ot-klassik\eda.rambler.ru_media_recepty_recepty-kulichey-na-pashu-ot-klassik_cand_000064_25892bb231.jpg,True,,True,320.0,320.0,JPEG,RGB,43446,102400.0,1.0,,True,,[],0.5216640501264334,1,True,True,semantic:https://eda.rambler.ru/images/article/varene-iz-klubniki-klassika-i-pyatiminutka_square,1,False,
https://eda.rambler.ru/media/recepty/recepty-kulichey-na-pashu-ot-klassiki-do-bystryh-variantov,https://eda.rambler.ru/images/Article/320x320/fokachcha-s-rozmarinom-italyanskiy-hleb-za-chas_square.jpg,src,,67,320,320,eda.rambler.ru,fokachcha-s-rozmarinom-italyanskiy-hleb-za-chas_square.jpg,eda.rambler.ru_media_recepty_recepty-kulichey-na-pashu-ot-klassik_cand_000065,eda.rambler.ru_media_recepty_recepty-kulichey-na-pashu-ot-klassik,data\raw\eda.rambler.ru_media_recepty_recepty-kulichey-na-pashu-ot-klassik,eda.rambler.ru_media_recepty_recepty-kulichey-na-pashu-ot-klassik_cand_000065_8989ec222a.jpg,data\raw\eda.rambler.ru_media_recepty_recepty-kulichey-na-pashu-ot-klassik\eda.rambler.ru_media_recepty_recepty-kulichey-na-pashu-ot-klassik_cand_000065_8989ec222a.jpg,True,,True,320.0,320.0,JPEG,RGB,38010,102400.0,1.0,,True,,[],0.5280816875189528,1,True,True,semantic:https://eda.rambler.ru/images/article/fokachcha-s-rozmarinom-italyanskiy-hleb-za-chas_square,1,False,
https://eda.rambler.ru/media/recepty/recepty-kulichey-na-pashu-ot-klassiki-do-bystryh-variantov,https://eda.rambler.ru/images/Article/320x320/holodnye-supy-mira-gaspacho-tarator-svekolnik_square.jpg,src,,68,320,320,eda.rambler.ru,holodnye-supy-mira-gaspacho-tarator-svekolnik_square.jpg,eda.rambler.ru_media_recepty_recepty-kulichey-na-pashu-ot-klassik_cand_000066,eda.rambler.ru_media_recepty_recepty-kulichey-na-pashu-ot-klassik,data\raw\eda.rambler.ru_media_recepty_recepty-kulichey-na-pashu-ot-klassik,eda.rambler.ru_media_recepty_recepty-kulichey-na-pashu-ot-klassik_cand_000066_43e707f2d6.jpg,data\raw\eda.rambler.ru_media_recepty_recepty-kulichey-na-pashu-ot-klassik\eda.rambler.ru_media_recepty_recepty-kulichey-na-pashu-ot-klassik_cand_000066_43e707f2d6.jpg,True,,True,320.0,320.0,JPEG,RGB,41017,102400.0,1.0,,True,,[],0.5258453582457883,1,True,True,semantic:https://eda.rambler.ru/images/article/holodnye-supy-mira-gaspacho-tarator-svekolnik_square,1,False,
https://eda.rambler.ru/media/recepty/recepty-kulichey-na-pashu-ot-klassiki-do-bystryh-variantov,https://eda.rambler.ru/images/Article/320x320/domashnie-limonady-5-receptov-bez-gotovyh-siropov-i-himii_square.jpg,src,,69,320,320,eda.rambler.ru,domashnie-limonady-5-receptov-bez-gotovyh-siropov-i-himii_square.jpg,eda.rambler.ru_media_recepty_recepty-kulichey-na-pashu-ot-klassik_cand_000067,eda.rambler.ru_media_recepty_recepty-kulichey-na-pashu-ot-klassik,data\raw\eda.rambler.ru_media_recepty_recepty-kulichey-na-pashu-ot-klassik,eda.rambler.ru_media_recepty_recepty-kulichey-na-pashu-ot-klassik_cand_000067_dc797f216f.jpg,data\raw\eda.rambler.ru_media_recepty_recepty-kulichey-na-pashu-ot-klassik\eda.rambler.ru_media_recepty_recepty-kulichey-na-pashu-ot-klassik_cand_000067_dc797f216f.jpg,True,,True,320.0,320.0,JPEG,RGB,21650,102400.0,1.0,,True,,[],0.5387217342677437,1,True,True,semantic:https://eda.rambler.ru/images/article/domashnie-limonady-5-receptov-bez-gotovyh-siropov-i-himii_square,1,False,
https://eda.rambler.ru/media/recepty/recepty-kulichey-na-pashu-ot-klassiki-do-bystryh-variantov,https://eda.rambler.ru/images/Article/652x350/recepty-kulichey-na-pashu-ot-klassiki-do-bystryh-variantov.webp,source:srcset,,0,,,eda.rambler.ru,recepty-kulichey-na-pashu-ot-klassiki-do-bystryh-variantov.webp,eda.rambler.ru_media_recepty_recepty-kulichey-na-pashu-ot-klassik_cand_000068,eda.rambler.ru_media_recepty_recepty-kulichey-na-pashu-ot-klassik,data\raw\eda.rambler.ru_media_recepty_recepty-kulichey-na-pashu-ot-klassik,eda.rambler.ru_media_recepty_recepty-kulichey-na-pashu-ot-klassik_cand_000068_776fc5b9e4.webp,data\raw\eda.rambler.ru_media_recepty_recepty-kulichey-na-pashu-ot-klassik\eda.rambler.ru_media_recepty_recepty-kulichey-na-pashu-ot-klassik_cand_000068_776fc5b9e4.webp,True,,True,652.0,350.0,WEBP,RGB,43424,228200.0,1.8628571428571428,,True,,[],0.9925823756064904,1,False,True,semantic:https://eda.rambler.ru/images/article/recepty-kulichey-na-pashu-ot-klassiki-do-bystryh-variantov,6,True,semantic_duplicate_removed
https://eda.rambler.ru/media/recepty/recepty-kulichey-na-pashu-ot-klassiki-do-bystryh-variantov,https://eda.rambler.ru/images/Article/1000x536/recepty-kulichey-na-pashu-ot-klassiki-do-bystryh-variantov.webp,source:srcset,,0,,,eda.rambler.ru,recepty-kulichey-na-pashu-ot-klassiki-do-bystryh-variantov.webp,eda.rambler.ru_media_recepty_recepty-kulichey-na-pashu-ot-klassik_cand_000069,eda.rambler.ru_media_recepty_recepty-kulichey-na-pashu-ot-klassik,data\raw\eda.rambler.ru_media_recepty_recepty-kulichey-na-pashu-ot-klassik,eda.rambler.ru_media_recepty_recepty-kulichey-na-pashu-ot-klassik_cand_000069_853b49ee27.webp,data\raw\eda.rambler.ru_media_recepty_recepty-kulichey-na-pashu-ot-klassik\eda.rambler.ru_media_recepty_recepty-kulichey-na-pashu-ot-klassik_cand_000069_853b49ee27.webp,True,,True,1000.0,536.0,WEBP,RGB,82576,536000.0,1.8656716417910448,,True,,[],0.9934214645309244,1,False,True,semantic:https://eda.rambler.ru/images/article/recepty-kulichey-na-pashu-ot-klassiki-do-bystryh-variantov,4,True,semantic_duplicate_removed
https://eda.rambler.ru/media/recepty/recepty-kulichey-na-pashu-ot-klassiki-do-bystryh-variantov,https://eda.rambler.ru/images/Article/1500x804/recepty-kulichey-na-pashu-ot-klassiki-do-bystryh-variantov.webp,source:srcset,,0,,,eda.rambler.ru,recepty-kulichey-na-pashu-ot-klassiki-do-bystryh-variantov.webp,eda.rambler.ru_media_recepty_recepty-kulichey-na-pashu-ot-klassik_cand_000070,eda.rambler.ru_media_recepty_recepty-kulichey-na-pashu-ot-klassik,data\raw\eda.rambler.ru_media_recepty_recepty-kulichey-na-pashu-ot-klassik,eda.rambler.ru_media_recepty_recepty-kulichey-na-pashu-ot-klassik_cand_000070_46331ec9aa.webp,data\raw\eda.rambler.ru_media_recepty_recepty-kulichey-na-pashu-ot-klassik\eda.rambler.ru_media_recepty_recepty-kulichey-na-pashu-ot-klassik_cand_000070_46331ec9aa.webp,True,,True,1500.0,804.0,WEBP,RGB,145932,1206000.0,1.8656716417910448,,True,,[],0.99428980176546,1,False,True,semantic:https://eda.rambler.ru/images/article/recepty-kulichey-na-pashu-ot-klassiki-do-bystryh-variantov,2,True,semantic_duplicate_removed
https://eda.rambler.ru/media/recepty/recepty-kulichey-na-pashu-ot-klassiki-do-bystryh-variantov,https://eda.rambler.ru/images/Article/1000x536/recepty-kulichey-na-pashu-ot-klassiki-do-bystryh-variantov.jpg,source:srcset,,1,,,eda.rambler.ru,recepty-kulichey-na-pashu-ot-klassiki-do-bystryh-variantov.jpg,eda.rambler.ru_media_recepty_recepty-kulichey-na-pashu-ot-klassik_cand_000071,eda.rambler.ru_media_recepty_recepty-kulichey-na-pashu-ot-klassik,data\raw\eda.rambler.ru_media_recepty_recepty-kulichey-na-pashu-ot-klassik,eda.rambler.ru_media_recepty_recepty-kulichey-na-pashu-ot-klassik_cand_000071_6e240d135f.jpg,data\raw\eda.rambler.ru_media_recepty_recepty-kulichey-na-pashu-ot-klassik\eda.rambler.ru_media_recepty_recepty-kulichey-na-pashu-ot-klassik_cand_000071_6e240d135f.jpg,True,,True,1000.0,536.0,JPEG,RGB,133354,536000.0,1.8656716417910448,,True,,[],0.99419949659488,1,False,True,semantic:https://eda.rambler.ru/images/article/recepty-kulichey-na-pashu-ot-klassiki-do-bystryh-variantov,3,True,semantic_duplicate_removed
https://eda.rambler.ru/media/recepty/recepty-kulichey-na-pashu-ot-klassiki-do-bystryh-variantov,https://eda.rambler.ru/images/Article/1500x804/recepty-kulichey-na-pashu-ot-klassiki-do-bystryh-variantov.jpg,source:srcset,,1,,,eda.rambler.ru,recepty-kulichey-na-pashu-ot-klassiki-do-bystryh-variantov.jpg,eda.rambler.ru_media_recepty_recepty-kulichey-na-pashu-ot-klassik_cand_000072,eda.rambler.ru_media_recepty_recepty-kulichey-na-pashu-ot-klassik,data\raw\eda.rambler.ru_media_recepty_recepty-kulichey-na-pashu-ot-klassik,eda.rambler.ru_media_recepty_recepty-kulichey-na-pashu-ot-klassik_cand_000072_8f8c339957.jpg,data\raw\eda.rambler.ru_media_recepty_recepty-kulichey-na-pashu-ot-klassik\eda.rambler.ru_media_recepty_recepty-kulichey-na-pashu-ot-klassik_cand_000072_8f8c339957.jpg,True,,True,1500.0,804.0,JPEG,RGB,255327,1206000.0,1.8656716417910448,,True,,[],0.9954111496294706,1,True,True,semantic:https://eda.rambler.ru/images/article/recepty-kulichey-na-pashu-ot-klassiki-do-bystryh-variantov,1,False,
https://eda.rambler.ru/media/recepty/recepty-kulichey-na-pashu-ot-klassiki-do-bystryh-variantov,https://eda.rambler.ru/images/RecipePhoto/285x285/pashalnyy-kulich_49571_photo_52992.webp,source:srcset,,2,,,eda.rambler.ru,pashalnyy-kulich_49571_photo_52992.webp,eda.rambler.ru_media_recepty_recepty-kulichey-na-pashu-ot-klassik_cand_000073,eda.rambler.ru_media_recepty_recepty-kulichey-na-pashu-ot-klassik,data\raw\eda.rambler.ru_media_recepty_recepty-kulichey-na-pashu-ot-klassik,eda.rambler.ru_media_recepty_recepty-kulichey-na-pashu-ot-klassik_cand_000073_a5bbf09160.webp,data\raw\eda.rambler.ru_media_recepty_recepty-kulichey-na-pashu-ot-klassik\eda.rambler.ru_media_recepty_recepty-kulichey-na-pashu-ot-klassik_cand_000073_a5bbf09160.webp,True,,True,285.0,285.0,WEBP,RGB,14128,81225.0,1.0,,True,,[],0.4835645269643119,0,False,False,,,False,
https://eda.rambler.ru/media/recepty/recepty-kulichey-na-pashu-ot-klassiki-do-bystryh-variantov,https://eda.rambler.ru/images/RecipePhoto/390x390/pashalnyy-kulich_49571_photo_52992.webp,source:srcset,,2,,,eda.rambler.ru,pashalnyy-kulich_49571_photo_52992.webp,eda.rambler.ru_media_recepty_recepty-kulichey-na-pashu-ot-klassik_cand_000074,eda.rambler.ru_media_recepty_recepty-kulichey-na-pashu-ot-klassik,data\raw\eda.rambler.ru_media_recepty_recepty-kulichey-na-pashu-ot-klassik,eda.rambler.ru_media_recepty_recepty-kulichey-na-pashu-ot-klassik_cand_000074_3958387a60.webp,data\raw\eda.rambler.ru_media_recepty_recepty-kulichey-na-pashu-ot-klassik\eda.rambler.ru_media_recepty_recepty-kulichey-na-pashu-ot-klassik_cand_000074_3958387a60.webp,True,,True,390.0,390.0,WEBP,RGB,20774,152100.0,1.0,,True,,[],0.45377109078736655,0,False,False,,,False,
https://eda.rambler.ru/media/recepty/recepty-kulichey-na-pashu-ot-klassiki-do-bystryh-variantov,https://eda.rambler.ru/images/RecipePhoto/390x390/pashalnyy-kulich_49571_photo_52992.jpg,source:srcset,,3,,,eda.rambler.ru,pashalnyy-kulich_49571_photo_52992.jpg,eda.rambler.ru_media_recepty_recepty-kulichey-na-pashu-ot-klassik_cand_000075,eda.rambler.ru_media_recepty_recepty-kulichey-na-pashu-ot-klassik,data\raw\eda.rambler.ru_media_recepty_recepty-kulichey-na-pashu-ot-klassik,eda.rambler.ru_media_recepty_recepty-kulichey-na-pashu-ot-klassik_cand_000075_440350750e.jpg,data\raw\eda.rambler.ru_media_recepty_recepty-kulichey-na-pashu-ot-klassik\eda.rambler.ru_media_recepty_recepty-kulichey-na-pashu-ot-klassik_cand_000075_440350750e.jpg,True,,True,390.0,390.0,JPEG,RGB,36312,152100.0,1.0,,True,,[],0.47133984001803503,0,False,False,,,False,
https://eda.rambler.ru/media/recepty/recepty-kulichey-na-pashu-ot-klassiki-do-bystryh-variantov,https://eda.rambler.ru/images/RecipePhoto/285x285/klassicheskiy-kulich_188867_photo_196930.webp,source:srcset,,4,,,eda.rambler.ru,klassicheskiy-kulich_188867_photo_196930.webp,eda.rambler.ru_media_recepty_recepty-kulichey-na-pashu-ot-klassik_cand_000076,eda.rambler.ru_media_recepty_recepty-kulichey-na-pashu-ot-klassik,data\raw\eda.rambler.ru_media_recepty_recepty-kulichey-na-pashu-ot-klassik,eda.rambler.ru_media_recepty_recepty-kulichey-na-pashu-ot-klassik_cand_000076_3cadff8f92.webp,data\raw\eda.rambler.ru_media_recepty_recepty-kulichey-na-pashu-ot-klassik\eda.rambler.ru_media_recepty_recepty-kulichey-na-pashu-ot-klassik_cand_000076_3cadff8f92.webp,True,,True,285.0,285.0,WEBP,RGB,6584,81225.0,1.0,,True,,[],0.49087466135383795,1,False,True,semantic:https://eda.rambler.ru/images/recipephoto/klassicheskiy-kulich_188867_photo_196930,2,True,semantic_duplicate_removed
https://eda.rambler.ru/media/recepty/recepty-kulichey-na-pashu-ot-klassiki-do-bystryh-variantov,https://eda.rambler.ru/images/RecipePhoto/390x390/klassicheskiy-kulich_188867_photo_196930.webp,source:srcset,,4,,,eda.rambler.ru,klassicheskiy-kulich_188867_photo_196930.webp,eda.rambler.ru_media_recepty_recepty-kulichey-na-pashu-ot-klassik_cand_000077,eda.rambler.ru_media_recepty_recepty-kulichey-na-pashu-ot-klassik,data\raw\eda.rambler.ru_media_recepty_recepty-kulichey-na-pashu-ot-klassik,eda.rambler.ru_media_recepty_recepty-kulichey-na-pashu-ot-klassik_cand_000077_3daaa335cb.webp,data\raw\eda.rambler.ru_media_recepty_recepty-kulichey-na-pashu-ot-klassik\eda.rambler.ru_media_recepty_recepty-kulichey-na-pashu-ot-klassik_cand_000077_3daaa335cb.webp,True,,True,390.0,390.0,WEBP,RGB,10576,152100.0,1.0,,True,,[],0.45998564859899616,0,False,False,,,False,
https://eda.rambler.ru/media/recepty/recepty-kulichey-na-pashu-ot-klassiki-do-bystryh-variantov,https://eda.rambler.ru/images/RecipePhoto/390x390/klassicheskiy-kulich_188867_photo_196930.jpg,source:srcset,,5,,,eda.rambler.ru,klassicheskiy-kulich_188867_photo_196930.jpg,eda.rambler.ru_media_recepty_recepty-kulichey-na-pashu-ot-klassik_cand_000078,eda.rambler.ru_media_recepty_recepty-kulichey-na-pashu-ot-klassik,data\raw\eda.rambler.ru_media_recepty_recepty-kulichey-na-pashu-ot-klassik,eda.rambler.ru_media_recepty_recepty-kulichey-na-pashu-ot-klassik_cand_000078_682566ecc7.jpg,data\raw\eda.rambler.ru_media_recepty_recepty-kulichey-na-pashu-ot-klassik\eda.rambler.ru_media_recepty_recepty-kulichey-na-pashu-ot-klassik_cand_000078_682566ecc7.jpg,True,,True,390.0,390.0,JPEG,RGB,19222,152100.0,1.0,,True,,[],0.47485420143210955,0,False,False,,,False,
https://eda.rambler.ru/media/recepty/recepty-kulichey-na-pashu-ot-klassiki-do-bystryh-variantov,https://eda.rambler.ru/images/RecipePhoto/285x285/tvorozhnyy-kulich-bez-drozhzhey_176178_photo_183857.webp,source:srcset,,6,,,eda.rambler.ru,tvorozhnyy-kulich-bez-drozhzhey_176178_photo_183857.webp,eda.rambler.ru_media_recepty_recepty-kulichey-na-pashu-ot-klassik_cand_000079,eda.rambler.ru_media_recepty_recepty-kulichey-na-pashu-ot-klassik,data\raw\eda.rambler.ru_media_recepty_recepty-kulichey-na-pashu-ot-klassik,eda.rambler.ru_media_recepty_recepty-kulichey-na-pashu-ot-klassik_cand_000079_8bc715a49e.webp,data\raw\eda.rambler.ru_media_recepty_recepty-kulichey-na-pashu-ot-klassik\eda.rambler.ru_media_recepty_recepty-kulichey-na-pashu-ot-klassik_cand_000079_8bc715a49e.webp,True,,True,285.0,285.0,WEBP,RGB,17284,81225.0,1.0,,True,,[],0.5140213648760537,1,False,True,semantic:https://eda.rambler.ru/images/recipephoto/tvorozhnyy-kulich-bez-drozhzhey_176178_photo_183857,2,True,semantic_duplicate_removed
https://eda.rambler.ru/media/recepty/recepty-kulichey-na-pashu-ot-klassiki-do-bystryh-variantov,https://eda.rambler.ru/images/RecipePhoto/390x390/tvorozhnyy-kulich-bez-drozhzhey_176178_photo_183857.webp,source:srcset,,6,,,eda.rambler.ru,tvorozhnyy-kulich-bez-drozhzhey_176178_photo_183857.webp,eda.rambler.ru_media_recepty_recepty-kulichey-na-pashu-ot-klassik_cand_000080,eda.rambler.ru_media_recepty_recepty-kulichey-na-pashu-ot-klassik,data\raw\eda.rambler.ru_media_recepty_recepty-kulichey-na-pashu-ot-klassik,eda.rambler.ru_media_recepty_recepty-kulichey-na-pashu-ot-klassik_cand_000080_71d935aaa7.webp,data\raw\eda.rambler.ru_media_recepty_recepty-kulichey-na-pashu-ot-klassik\eda.rambler.ru_media_recepty_recepty-kulichey-na-pashu-ot-klassik_cand_000080_71d935aaa7.webp,True,,True,390.0,390.0,WEBP,RGB,27602,152100.0,1.0,,True,,[],0.485567185698032,0,False,False,,,False,
https://eda.rambler.ru/media/recepty/recepty-kulichey-na-pashu-ot-klassiki-do-bystryh-variantov,https://eda.rambler.ru/images/RecipePhoto/390x390/tvorozhnyy-kulich-bez-drozhzhey_176178_photo_183857.jpg,source:srcset,,7,,,eda.rambler.ru,tvorozhnyy-kulich-bez-drozhzhey_176178_photo_183857.jpg,eda.rambler.ru_media_recepty_recepty-kulichey-na-pashu-ot-klassik_cand_000081,eda.rambler.ru_media_recepty_recepty-kulichey-na-pashu-ot-klassik,data\raw\eda.rambler.ru_media_recepty_recepty-kulichey-na-pashu-ot-klassik,eda.rambler.ru_media_recepty_recepty-kulichey-na-pashu-ot-klassik_cand_000081_c4c439ddf1.jpg,data\raw\eda.rambler.ru_media_recepty_recepty-kulichey-na-pashu-ot-klassik\eda.rambler.ru_media_recepty_recepty-kulichey-na-pashu-ot-klassik_cand_000081_c4c439ddf1.jpg,True,,True,390.0,390.0,JPEG,RGB,43729,152100.0,1.0,,True,,[],0.5034667025754154,1,False,True,semantic:https://eda.rambler.ru/images/recipephoto/tvorozhnyy-kulich-bez-drozhzhey_176178_photo_183857,3,True,semantic_duplicate_removed
https://eda.rambler.ru/media/recepty/recepty-kulichey-na-pashu-ot-klassiki-do-bystryh-variantov,https://eda.rambler.ru/images/RecipePhoto/285x285/carskiy-kulich_176223_photo_183855.webp,source:srcset,,8,,,eda.rambler.ru,carskiy-kulich_176223_photo_183855.webp,eda.rambler.ru_media_recepty_recepty-kulichey-na-pashu-ot-klassik_cand_000082,eda.rambler.ru_media_recepty_recepty-kulichey-na-pashu-ot-klassik,data\raw\eda.rambler.ru_media_recepty_recepty-kulichey-na-pashu-ot-klassik,eda.rambler.ru_media_recepty_recepty-kulichey-na-pashu-ot-klassik_cand_000082_2b4288eeb7.webp,data\raw\eda.rambler.ru_media_recepty_recepty-kulichey-na-pashu-ot-klassik\eda.rambler.ru_media_recepty_recepty-kulichey-na-pashu-ot-klassik_cand_000082_2b4288eeb7.webp,True,,True,285.0,285.0,WEBP,RGB,10950,81225.0,1.0,,True,,[],0.48230409787582634,0,False,False,,,False,
https://eda.rambler.ru/media/recepty/recepty-kulichey-na-pashu-ot-klassiki-do-bystryh-variantov,https://eda.rambler.ru/images/RecipePhoto/390x390/carskiy-kulich_176223_photo_183855.webp,source:srcset,,8,,,eda.rambler.ru,carskiy-kulich_176223_photo_183855.webp,eda.rambler.ru_media_recepty_recepty-kulichey-na-pashu-ot-klassik_cand_000083,eda.rambler.ru_media_recepty_recepty-kulichey-na-pashu-ot-klassik,data\raw\eda.rambler.ru_media_recepty_recepty-kulichey-na-pashu-ot-klassik,eda.rambler.ru_media_recepty_recepty-kulichey-na-pashu-ot-klassik_cand_000083_4f04651cff.webp,data\raw\eda.rambler.ru_media_recepty_recepty-kulichey-na-pashu-ot-klassik\eda.rambler.ru_media_recepty_recepty-kulichey-na-pashu-ot-klassik_cand_000083_4f04651cff.webp,True,,True,390.0,390.0,WEBP,RGB,17170,152100.0,1.0,,True,,[],0.4523526501452265,0,False,False,,,False,
https://eda.rambler.ru/media/recepty/recepty-kulichey-na-pashu-ot-klassiki-do-bystryh-variantov,https://eda.rambler.ru/images/RecipePhoto/390x390/carskiy-kulich_176223_photo_183855.jpg,source:srcset,,9,,,eda.rambler.ru,carskiy-kulich_176223_photo_183855.jpg,eda.rambler.ru_media_recepty_recepty-kulichey-na-pashu-ot-klassik_cand_000084,eda.rambler.ru_media_recepty_recepty-kulichey-na-pashu-ot-klassik,data\raw\eda.rambler.ru_media_recepty_recepty-kulichey-na-pashu-ot-klassik,eda.rambler.ru_media_recepty_recepty-kulichey-na-pashu-ot-klassik_cand_000084_391ff6d0d2.jpg,data\raw\eda.rambler.ru_media_recepty_recepty-kulichey-na-pashu-ot-klassik\eda.rambler.ru_media_recepty_recepty-kulichey-na-pashu-ot-klassik_cand_000084_391ff6d0d2.jpg,True,,True,390.0,390.0,JPEG,RGB,30626,152100.0,1.0,,True,,[],0.4690900954240286,0,False,False,,,False,
https://eda.rambler.ru/media/recepty/recepty-kulichey-na-pashu-ot-klassiki-do-bystryh-variantov,https://eda.rambler.ru/images/RecipePhoto/285x285/aleksandriyskiy-kulich_188863_photo_197004.webp,source:srcset,,10,,,eda.rambler.ru,aleksandriyskiy-kulich_188863_photo_197004.webp,eda.rambler.ru_media_recepty_recepty-kulichey-na-pashu-ot-klassik_cand_000085,eda.rambler.ru_media_recepty_recepty-kulichey-na-pashu-ot-klassik,data\raw\eda.rambler.ru_media_recepty_recepty-kulichey-na-pashu-ot-klassik,eda.rambler.ru_media_recepty_recepty-kulichey-na-pashu-ot-klassik_cand_000085_0c825ec65b.webp,data\raw\eda.rambler.ru_media_recepty_recepty-kulichey-na-pashu-ot-klassik\eda.rambler.ru_media_recepty_recepty-kulichey-na-pashu-ot-klassik_cand_000085_0c825ec65b.webp,True,,True,285.0,285.0,WEBP,RGB,4038,81225.0,1.0,,True,,[],0.49329995552143885,1,False,True,semantic:https://eda.rambler.ru/images/recipephoto/aleksandriyskiy-kulich_188863_photo_197004,2,True,semantic_duplicate_removed
https://eda.rambler.ru/media/recepty/recepty-kulichey-na-pashu-ot-klassiki-do-bystryh-variantov,https://eda.rambler.ru/images/RecipePhoto/390x390/aleksandriyskiy-kulich_188863_photo_197004.webp,source:srcset,,10,,,eda.rambler.ru,aleksandriyskiy-kulich_188863_photo_197004.webp,eda.rambler.ru_media_recepty_recepty-kulichey-na-pashu-ot-klassik_cand_000086,eda.rambler.ru_media_recepty_recepty-kulichey-na-pashu-ot-klassik,data\raw\eda.rambler.ru_media_recepty_recepty-kulichey-na-pashu-ot-klassik,eda.rambler.ru_media_recepty_recepty-kulichey-na-pashu-ot-klassik_cand_000086_61ae61e4e2.webp,data\raw\eda.rambler.ru_media_recepty_recepty-kulichey-na-pashu-ot-klassik\eda.rambler.ru_media_recepty_recepty-kulichey-na-pashu-ot-klassik_cand_000086_61ae61e4e2.webp,True,,True,390.0,390.0,WEBP,RGB,6836,152100.0,1.0,,True,,[],0.4619255449150739,0,False,False,,,False,
https://eda.rambler.ru/media/recepty/recepty-kulichey-na-pashu-ot-klassiki-do-bystryh-variantov,https://eda.rambler.ru/images/RecipePhoto/390x390/aleksandriyskiy-kulich_188863_photo_197004.jpg,source:srcset,,11,,,eda.rambler.ru,aleksandriyskiy-kulich_188863_photo_197004.jpg,eda.rambler.ru_media_recepty_recepty-kulichey-na-pashu-ot-klassik_cand_000087,eda.rambler.ru_media_recepty_recepty-kulichey-na-pashu-ot-klassik,data\raw\eda.rambler.ru_media_recepty_recepty-kulichey-na-pashu-ot-klassik,eda.rambler.ru_media_recepty_recepty-kulichey-na-pashu-ot-klassik_cand_000087_dcf3358d01.jpg,data\raw\eda.rambler.ru_media_recepty_recepty-kulichey-na-pashu-ot-klassik\eda.rambler.ru_media_recepty_recepty-kulichey-na-pashu-ot-klassik_cand_000087_dcf3358d01.jpg,True,,True,390.0,390.0,JPEG,RGB,13250,152100.0,1.0,,True,,[],0.47591715117469396,0,False,False,,,False,
https://eda.rambler.ru/media/recepty/recepty-kulichey-na-pashu-ot-klassiki-do-bystryh-variantov,https://eda.rambler.ru/images/RecipePhoto/285x285/vlazhnyy-kulich_188864_photo_196928.webp,source:srcset,,12,,,eda.rambler.ru,vlazhnyy-kulich_188864_photo_196928.webp,eda.rambler.ru_media_recepty_recepty-kulichey-na-pashu-ot-klassik_cand_000088,eda.rambler.ru_media_recepty_recepty-kulichey-na-pashu-ot-klassik,data\raw\eda.rambler.ru_media_recepty_recepty-kulichey-na-pashu-ot-klassik,eda.rambler.ru_media_recepty_recepty-kulichey-na-pashu-ot-klassik_cand_000088_fd073a7970.webp,data\raw\eda.rambler.ru_media_recepty_recepty-kulichey-na-pashu-ot-klassik\eda.rambler.ru_media_recepty_recepty-kulichey-na-pashu-ot-klassik_cand_000088_fd073a7970.webp,True,,True,285.0,285.0,WEBP,RGB,5154,81225.0,1.0,,True,,[],0.48172184190995626,0,False,False,,,False,
https://eda.rambler.ru/media/recepty/recepty-kulichey-na-pashu-ot-klassiki-do-bystryh-variantov,https://eda.rambler.ru/images/RecipePhoto/390x390/vlazhnyy-kulich_188864_photo_196928.webp,source:srcset,,12,,,eda.rambler.ru,vlazhnyy-kulich_188864_photo_196928.webp,eda.rambler.ru_media_recepty_recepty-kulichey-na-pashu-ot-klassik_cand_000089,eda.rambler.ru_media_recepty_recepty-kulichey-na-pashu-ot-klassik,data\raw\eda.rambler.ru_media_recepty_recepty-kulichey-na-pashu-ot-klassik,eda.rambler.ru_media_recepty_recepty-kulichey-na-pashu-ot-klassik_cand_000089_cff8ed336c.webp,data\raw\eda.rambler.ru_media_recepty_recepty-kulichey-na-pashu-ot-klassik\eda.rambler.ru_media_recepty_recepty-kulichey-na-pashu-ot-klassik_cand_000089_cff8ed336c.webp,True,,True,390.0,390.0,WEBP,RGB,8020,152100.0,1.0,,True,,[],0.4504559447243722,0,False,False,,,False,
https://eda.rambler.ru/media/recepty/recepty-kulichey-na-pashu-ot-klassiki-do-bystryh-variantov,https://eda.rambler.ru/images/RecipePhoto/390x390/vlazhnyy-kulich_188864_photo_196928.jpg,source:srcset,,13,,,eda.rambler.ru,vlazhnyy-kulich_188864_photo_196928.jpg,eda.rambler.ru_media_recepty_recepty-kulichey-na-pashu-ot-klassik_cand_000090,eda.rambler.ru_media_recepty_recepty-kulichey-na-pashu-ot-klassik,data\raw\eda.rambler.ru_media_recepty_recepty-kulichey-na-pashu-ot-klassik,eda.rambler.ru_media_recepty_recepty-kulichey-na-pashu-ot-klassik_cand_000090_1435925dec.jpg,data\raw\eda.rambler.ru_media_recepty_recepty-kulichey-na-pashu-ot-klassik\eda.rambler.ru_media_recepty_recepty-kulichey-na-pashu-ot-klassik_cand_000090_1435925dec.jpg,True,,True,390.0,390.0,JPEG,RGB,16815,152100.0,1.0,,True,,[],0.4653407474765086,0,False,False,,,False,
https://eda.rambler.ru/media/recepty/recepty-kulichey-na-pashu-ot-klassiki-do-bystryh-variantov,https://eda.rambler.ru/images/RecipePhoto/285x285/kulich-zavarnoy_188869_photo_196932.webp,source:srcset,,14,,,eda.rambler.ru,kulich-zavarnoy_188869_photo_196932.webp,eda.rambler.ru_media_recepty_recepty-kulichey-na-pashu-ot-klassik_cand_000091,eda.rambler.ru_media_recepty_recepty-kulichey-na-pashu-ot-klassik,data\raw\eda.rambler.ru_media_recepty_recepty-kulichey-na-pashu-ot-klassik,eda.rambler.ru_media_recepty_recepty-kulichey-na-pashu-ot-klassik_cand_000091_60da675558.webp,data\raw\eda.rambler.ru_media_recepty_recepty-kulichey-na-pashu-ot-klassik\eda.rambler.ru_media_recepty_recepty-kulichey-na-pashu-ot-klassik_cand_000091_60da675558.webp,True,,True,285.0,285.0,WEBP,RGB,8998,81225.0,1.0,,True,,[],0.48324631834832,0,False,False,,,False,
https://eda.rambler.ru/media/recepty/recepty-kulichey-na-pashu-ot-klassiki-do-bystryh-variantov,https://eda.rambler.ru/images/RecipePhoto/390x390/kulich-zavarnoy_188869_photo_196932.webp,source:srcset,,14,,,eda.rambler.ru,kulich-zavarnoy_188869_photo_196932.webp,eda.rambler.ru_media_recepty_recepty-kulichey-na-pashu-ot-klassik_cand_000092,eda.rambler.ru_media_recepty_recepty-kulichey-na-pashu-ot-klassik,data\raw\eda.rambler.ru_media_recepty_recepty-kulichey-na-pashu-ot-klassik,eda.rambler.ru_media_recepty_recepty-kulichey-na-pashu-ot-klassik_cand_000092_84f6a3a29d.webp,data\raw\eda.rambler.ru_media_recepty_recepty-kulichey-na-pashu-ot-klassik\eda.rambler.ru_media_recepty_recepty-kulichey-na-pashu-ot-klassik_cand_000092_84f6a3a29d.webp,True,,True,390.0,390.0,WEBP,RGB,16038,152100.0,1.0,,True,,[],0.453610368882415,0,False,False,,,False,
https://eda.rambler.ru/media/recepty/recepty-kulichey-na-pashu-ot-klassiki-do-bystryh-variantov,https://eda.rambler.ru/images/RecipePhoto/390x390/kulich-zavarnoy_188869_photo_196932.jpg,source:srcset,,15,,,eda.rambler.ru,kulich-zavarnoy_188869_photo_196932.jpg,eda.rambler.ru_media_recepty_recepty-kulichey-na-pashu-ot-klassik_cand_000093,eda.rambler.ru_media_recepty_recepty-kulichey-na-pashu-ot-klassik,data\raw\eda.rambler.ru_media_recepty_recepty-kulichey-na-pashu-ot-klassik,eda.rambler.ru_media_recepty_recepty-kulichey-na-pashu-ot-klassik_cand_000093_4037762787.jpg,data\raw\eda.rambler.ru_media_recepty_recepty-kulichey-na-pashu-ot-klassik\eda.rambler.ru_media_recepty_recepty-kulichey-na-pashu-ot-klassik_cand_000093_4037762787.jpg,True,,True,390.0,390.0,JPEG,RGB,24989,152100.0,1.0,,True,,[],0.46857223987324914,0,False,False,,,False,
https://eda.rambler.ru/media/recepty/recepty-kulichey-na-pashu-ot-klassiki-do-bystryh-variantov,https://eda.rambler.ru/images/RecipePhoto/285x285/slivochnyy-kulich_191575_photo_199581.webp,source:srcset,,16,,,eda.rambler.ru,slivochnyy-kulich_191575_photo_199581.webp,eda.rambler.ru_media_recepty_recepty-kulichey-na-pashu-ot-klassik_cand_000094,eda.rambler.ru_media_recepty_recepty-kulichey-na-pashu-ot-klassik,data\raw\eda.rambler.ru_media_recepty_recepty-kulichey-na-pashu-ot-klassik,eda.rambler.ru_media_recepty_recepty-kulichey-na-pashu-ot-klassik_cand_000094_c21bd2c1f0.webp,data\raw\eda.rambler.ru_media_recepty_recepty-kulichey-na-pashu-ot-klassik\eda.rambler.ru_media_recepty_recepty-kulichey-na-pashu-ot-klassik_cand_000094_c21bd2c1f0.webp,True,,True,285.0,285.0,WEBP,RGB,72096,81225.0,1.0,,True,,[],0.5117292958398302,1,False,True,semantic:https://eda.rambler.ru/images/recipephoto/slivochnyy-kulich_191575_photo_199581,2,True,semantic_duplicate_removed
https://eda.rambler.ru/media/recepty/recepty-kulichey-na-pashu-ot-klassiki-do-bystryh-variantov,https://eda.rambler.ru/images/RecipePhoto/390x390/slivochnyy-kulich_191575_photo_199581.webp,source:srcset,,16,,,eda.rambler.ru,slivochnyy-kulich_191575_photo_199581.webp,eda.rambler.ru_media_recepty_recepty-kulichey-na-pashu-ot-klassik_cand_000095,eda.rambler.ru_media_recepty_recepty-kulichey-na-pashu-ot-klassik,data\raw\eda.rambler.ru_media_recepty_recepty-kulichey-na-pashu-ot-klassik,eda.rambler.ru_media_recepty_recepty-kulichey-na-pashu-ot-klassik_cand_000095_0532fa009a.webp,data\raw\eda.rambler.ru_media_recepty_recepty-kulichey-na-pashu-ot-klassik\eda.rambler.ru_media_recepty_recepty-kulichey-na-pashu-ot-klassik_cand_000095_0532fa009a.webp,True,,True,390.0,390.0,WEBP,RGB,81196,152100.0,1.0,,True,,[],0.48279274357261354,0,False,False,,,False,
https://eda.rambler.ru/media/recepty/recepty-kulichey-na-pashu-ot-klassiki-do-bystryh-variantov,https://eda.rambler.ru/images/RecipePhoto/390x390/slivochnyy-kulich_191575_photo_199581.jpg,source:srcset,,17,,,eda.rambler.ru,slivochnyy-kulich_191575_photo_199581.jpg,eda.rambler.ru_media_recepty_recepty-kulichey-na-pashu-ot-klassik_cand_000096,eda.rambler.ru_media_recepty_recepty-kulichey-na-pashu-ot-klassik,data\raw\eda.rambler.ru_media_recepty_recepty-kulichey-na-pashu-ot-klassik,eda.rambler.ru_media_recepty_recepty-kulichey-na-pashu-ot-klassik_cand_000096_dea477d4e4.jpg,data\raw\eda.rambler.ru_media_recepty_recepty-kulichey-na-pashu-ot-klassik\eda.rambler.ru_media_recepty_recepty-kulichey-na-pashu-ot-klassik_cand_000096_dea477d4e4.jpg,True,,True,390.0,390.0,JPEG,RGB,107922,152100.0,1.0,,True,,[],0.5048979546885477,1,False,True,semantic:https://eda.rambler.ru/images/recipephoto/slivochnyy-kulich_191575_photo_199581,3,True,semantic_duplicate_removed
https://eda.rambler.ru/media/recepty/recepty-kulichey-na-pashu-ot-klassiki-do-bystryh-variantov,https://eda.rambler.ru/images/RecipePhoto/285x285/limonnyy-kulich_191574_photo_199577.webp,source:srcset,,18,,,eda.rambler.ru,limonnyy-kulich_191574_photo_199577.webp,eda.rambler.ru_media_recepty_recepty-kulichey-na-pashu-ot-klassik_cand_000097,eda.rambler.ru_media_recepty_recepty-kulichey-na-pashu-ot-klassik,data\raw\eda.rambler.ru_media_recepty_recepty-kulichey-na-pashu-ot-klassik,eda.rambler.ru_media_recepty_recepty-kulichey-na-pashu-ot-klassik_cand_000097_bf9ad391c3.webp,data\raw\eda.rambler.ru_media_recepty_recepty-kulichey-na-pashu-ot-klassik\eda.rambler.ru_media_recepty_recepty-kulichey-na-pashu-ot-klassik_cand_000097_bf9ad391c3.webp,True,,True,285.0,285.0,WEBP,RGB,22450,81225.0,1.0,,True,,[],0.48858346240204603,0,False,False,,,False,
https://eda.rambler.ru/media/recepty/recepty-kulichey-na-pashu-ot-klassiki-do-bystryh-variantov,https://eda.rambler.ru/images/RecipePhoto/390x390/limonnyy-kulich_191574_photo_199577.webp,source:srcset,,18,,,eda.rambler.ru,limonnyy-kulich_191574_photo_199577.webp,eda.rambler.ru_media_recepty_recepty-kulichey-na-pashu-ot-klassik_cand_000098,eda.rambler.ru_media_recepty_recepty-kulichey-na-pashu-ot-klassik,data\raw\eda.rambler.ru_media_recepty_recepty-kulichey-na-pashu-ot-klassik,eda.rambler.ru_media_recepty_recepty-kulichey-na-pashu-ot-klassik_cand_000098_4085ce6a37.webp,data\raw\eda.rambler.ru_media_recepty_recepty-kulichey-na-pashu-ot-klassik\eda.rambler.ru_media_recepty_recepty-kulichey-na-pashu-ot-klassik_cand_000098_4085ce6a37.webp,True,,True,390.0,390.0,WEBP,RGB,31542,152100.0,1.0,,True,,[],0.45972027562609397,0,False,False,,,False,
https://eda.rambler.ru/media/recepty/recepty-kulichey-na-pashu-ot-klassiki-do-bystryh-variantov,https://eda.rambler.ru/images/RecipePhoto/390x390/limonnyy-kulich_191574_photo_199577.jpg,source:srcset,,19,,,eda.rambler.ru,limonnyy-kulich_191574_photo_199577.jpg,eda.rambler.ru_media_recepty_recepty-kulichey-na-pashu-ot-klassik_cand_000099,eda.rambler.ru_media_recepty_recepty-kulichey-na-pashu-ot-klassik,data\raw\eda.rambler.ru_media_recepty_recepty-kulichey-na-pashu-ot-klassik,eda.rambler.ru_media_recepty_recepty-kulichey-na-pashu-ot-klassik_cand_000099_19fefc48e9.jpg,data\raw\eda.rambler.ru_media_recepty_recepty-kulichey-na-pashu-ot-klassik\eda.rambler.ru_media_recepty_recepty-kulichey-na-pashu-ot-klassik_cand_000099_19fefc48e9.jpg,True,,True,390.0,390.0,JPEG,RGB,63682,152100.0,1.0,,True,,[],0.48390028829891285,0,False,False,,,False,
https://eda.rambler.ru/media/recepty/recepty-kulichey-na-pashu-ot-klassiki-do-bystryh-variantov,https://eda.rambler.ru/images/RecipePhoto/285x285/apelsinovyy-kulich_191572_photo_199575.webp,source:srcset,,20,,,eda.rambler.ru,apelsinovyy-kulich_191572_photo_199575.webp,eda.rambler.ru_media_recepty_recepty-kulichey-na-pashu-ot-klassik_cand_000100,eda.rambler.ru_media_recepty_recepty-kulichey-na-pashu-ot-klassik,data\raw\eda.rambler.ru_media_recepty_recepty-kulichey-na-pashu-ot-klassik,eda.rambler.ru_media_recepty_recepty-kulichey-na-pashu-ot-klassik_cand_000100_0b2905ad1d.webp,data\raw\eda.rambler.ru_media_recepty_recepty-kulichey-na-pashu-ot-klassik\eda.rambler.ru_media_recepty_recepty-kulichey-na-pashu-ot-klassik_cand_000100_0b2905ad1d.webp,True,,True,285.0,285.0,WEBP,RGB,16414,81225.0,1.0,,True,,[],0.491340891228193,1,False,True,semantic:https://eda.rambler.ru/images/recipephoto/apelsinovyy-kulich_191572_photo_199575,2,True,semantic_duplicate_removed
https://eda.rambler.ru/media/recepty/recepty-kulichey-na-pashu-ot-klassiki-do-bystryh-variantov,https://eda.rambler.ru/images/RecipePhoto/390x390/apelsinovyy-kulich_191572_photo_199575.webp,source:srcset,,20,,,eda.rambler.ru,apelsinovyy-kulich_191572_photo_199575.webp,eda.rambler.ru_media_recepty_recepty-kulichey-na-pashu-ot-klassik_cand_000101,eda.rambler.ru_media_recepty_recepty-kulichey-na-pashu-ot-klassik,data\raw\eda.rambler.ru_media_recepty_recepty-kulichey-na-pashu-ot-klassik,eda.rambler.ru_media_recepty_recepty-kulichey-na-pashu-ot-klassik_cand_000101_b20068dade.webp,data\raw\eda.rambler.ru_media_recepty_recepty-kulichey-na-pashu-ot-klassik\eda.rambler.ru_media_recepty_recepty-kulichey-na-pashu-ot-klassik_cand_000101_b20068dade.webp,True,,True,390.0,390.0,WEBP,RGB,21972,152100.0,1.0,,True,,[],0.46106706043141904,0,False,False,,,False,
https://eda.rambler.ru/media/recepty/recepty-kulichey-na-pashu-ot-klassiki-do-bystryh-variantov,https://eda.rambler.ru/images/RecipePhoto/390x390/apelsinovyy-kulich_191572_photo_199575.jpg,source:srcset,,21,,,eda.rambler.ru,apelsinovyy-kulich_191572_photo_199575.jpg,eda.rambler.ru_media_recepty_recepty-kulichey-na-pashu-ot-klassik_cand_000102,eda.rambler.ru_media_recepty_recepty-kulichey-na-pashu-ot-klassik,data\raw\eda.rambler.ru_media_recepty_recepty-kulichey-na-pashu-ot-klassik,eda.rambler.ru_media_recepty_recepty-kulichey-na-pashu-ot-klassik_cand_000102_96a68e08e0.jpg,data\raw\eda.rambler.ru_media_recepty_recepty-kulichey-na-pashu-ot-klassik\eda.rambler.ru_media_recepty_recepty-kulichey-na-pashu-ot-klassik_cand_000102_96a68e08e0.jpg,True,,True,390.0,390.0,JPEG,RGB,42042,152100.0,1.0,,True,,[],0.4804672778187403,0,False,False,,,False,
https://eda.rambler.ru/media/recepty/recepty-kulichey-na-pashu-ot-klassiki-do-bystryh-variantov,https://eda.rambler.ru/images/RecipePhoto/285x285/kulich-v-aerogrile_191571_photo_199574.webp,source:srcset,,22,,,eda.rambler.ru,kulich-v-aerogrile_191571_photo_199574.webp,eda.rambler.ru_media_recepty_recepty-kulichey-na-pashu-ot-klassik_cand_000103,eda.rambler.ru_media_recepty_recepty-kulichey-na-pashu-ot-klassik,data\raw\eda.rambler.ru_media_recepty_recepty-kulichey-na-pashu-ot-klassik,eda.rambler.ru_media_recepty_recepty-kulichey-na-pashu-ot-klassik_cand_000103_6c6fe26cc2.webp,data\raw\eda.rambler.ru_media_recepty_recepty-kulichey-na-pashu-ot-klassik\eda.rambler.ru_media_recepty_recepty-kulichey-na-pashu-ot-klassik_cand_000103_6c6fe26cc2.webp,True,,True,285.0,285.0,WEBP,RGB,21756,81225.0,1.0,,True,,[],0.49346156514966716,1,False,True,semantic:https://eda.rambler.ru/images/recipephoto/kulich-v-aerogrile_191571_photo_199574,2,True,semantic_duplicate_removed
https://eda.rambler.ru/media/recepty/recepty-kulichey-na-pashu-ot-klassiki-do-bystryh-variantov,https://eda.rambler.ru/images/RecipePhoto/390x390/kulich-v-aerogrile_191571_photo_199574.webp,source:srcset,,22,,,eda.rambler.ru,kulich-v-aerogrile_191571_photo_199574.webp,eda.rambler.ru_media_recepty_recepty-kulichey-na-pashu-ot-klassik_cand_000104,eda.rambler.ru_media_recepty_recepty-kulichey-na-pashu-ot-klassik,data\raw\eda.rambler.ru_media_recepty_recepty-kulichey-na-pashu-ot-klassik,eda.rambler.ru_media_recepty_recepty-kulichey-na-pashu-ot-klassik_cand_000104_30ef772e21.webp,data\raw\eda.rambler.ru_media_recepty_recepty-kulichey-na-pashu-ot-klassik\eda.rambler.ru_media_recepty_recepty-kulichey-na-pashu-ot-klassik_cand_000104_30ef772e21.webp,True,,True,390.0,390.0,WEBP,RGB,30828,152100.0,1.0,,True,,[],0.4645640806181789,0,False,False,,,False,
https://eda.rambler.ru/media/recepty/recepty-kulichey-na-pashu-ot-klassiki-do-bystryh-variantov,https://eda.rambler.ru/images/RecipePhoto/390x390/kulich-v-aerogrile_191571_photo_199574.jpg,source:srcset,,23,,,eda.rambler.ru,kulich-v-aerogrile_191571_photo_199574.jpg,eda.rambler.ru_media_recepty_recepty-kulichey-na-pashu-ot-klassik_cand_000105,eda.rambler.ru_media_recepty_recepty-kulichey-na-pashu-ot-klassik,data\raw\eda.rambler.ru_media_recepty_recepty-kulichey-na-pashu-ot-klassik,eda.rambler.ru_media_recepty_recepty-kulichey-na-pashu-ot-klassik_cand_000105_d01f89ef3d.jpg,data\raw\eda.rambler.ru_media_recepty_recepty-kulichey-na-pashu-ot-klassik\eda.rambler.ru_media_recepty_recepty-kulichey-na-pashu-ot-klassik_cand_000105_d01f89ef3d.jpg,True,,True,390.0,390.0,JPEG,RGB,58074,152100.0,1.0,,True,,[],0.4868262654834047,0,False,False,,,False,
https://eda.rambler.ru/media/recepty/recepty-kulichey-na-pashu-ot-klassiki-do-bystryh-variantov,https://eda.rambler.ru/images/RecipePhoto/285x285/kulich-v-multivarke_176175_photo_183860.webp,source:srcset,,24,,,eda.rambler.ru,kulich-v-multivarke_176175_photo_183860.webp,eda.rambler.ru_media_recepty_recepty-kulichey-na-pashu-ot-klassik_cand_000106,eda.rambler.ru_media_recepty_recepty-kulichey-na-pashu-ot-klassik,data\raw\eda.rambler.ru_media_recepty_recepty-kulichey-na-pashu-ot-klassik,eda.rambler.ru_media_recepty_recepty-kulichey-na-pashu-ot-klassik_cand_000106_699a4aa616.webp,data\raw\eda.rambler.ru_media_recepty_recepty-kulichey-na-pashu-ot-klassik\eda.rambler.ru_media_recepty_recepty-kulichey-na-pashu-ot-klassik_cand_000106_699a4aa616.webp,True,,True,285.0,285.0,WEBP,RGB,24114,81225.0,1.0,,True,,[],0.4961159979150501,1,False,True,semantic:https://eda.rambler.ru/images/recipephoto/kulich-v-multivarke_176175_photo_183860,2,True,semantic_duplicate_removed
https://eda.rambler.ru/media/recepty/recepty-kulichey-na-pashu-ot-klassiki-do-bystryh-variantov,https://eda.rambler.ru/images/RecipePhoto/390x390/kulich-v-multivarke_176175_photo_183860.webp,source:srcset,,24,,,eda.rambler.ru,kulich-v-multivarke_176175_photo_183860.webp,eda.rambler.ru_media_recepty_recepty-kulichey-na-pashu-ot-klassik_cand_000107,eda.rambler.ru_media_recepty_recepty-kulichey-na-pashu-ot-klassik,data\raw\eda.rambler.ru_media_recepty_recepty-kulichey-na-pashu-ot-klassik,eda.rambler.ru_media_recepty_recepty-kulichey-na-pashu-ot-klassik_cand_000107_ab857400aa.webp,data\raw\eda.rambler.ru_media_recepty_recepty-kulichey-na-pashu-ot-klassik\eda.rambler.ru_media_recepty_recepty-kulichey-na-pashu-ot-klassik_cand_000107_ab857400aa.webp,True,,True,390.0,390.0,WEBP,RGB,41650,152100.0,1.0,,True,,[],0.47055424225466164,0,False,False,,,False,
https://eda.rambler.ru/media/recepty/recepty-kulichey-na-pashu-ot-klassiki-do-bystryh-variantov,https://eda.rambler.ru/images/RecipePhoto/390x390/kulich-v-multivarke_176175_photo_183860.jpg,source:srcset,,25,,,eda.rambler.ru,kulich-v-multivarke_176175_photo_183860.jpg,eda.rambler.ru_media_recepty_recepty-kulichey-na-pashu-ot-klassik_cand_000108,eda.rambler.ru_media_recepty_recepty-kulichey-na-pashu-ot-klassik,data\raw\eda.rambler.ru_media_recepty_recepty-kulichey-na-pashu-ot-klassik,eda.rambler.ru_media_recepty_recepty-kulichey-na-pashu-ot-klassik_cand_000108_53e8932e4d.jpg,data\raw\eda.rambler.ru_media_recepty_recepty-kulichey-na-pashu-ot-klassik\eda.rambler.ru_media_recepty_recepty-kulichey-na-pashu-ot-klassik_cand_000108_53e8932e4d.jpg,True,,True,390.0,390.0,JPEG,RGB,58611,152100.0,1.0,,True,,[],0.48875676785175937,0,False,False,,,False,
https://eda.rambler.ru/media/recepty/recepty-kulichey-na-pashu-ot-klassiki-do-bystryh-variantov,https://eda.rambler.ru/images/RecipePhoto/285x285/fistashkovyy-kulich-bez-drozhzhey_176181_photo_183856.webp,source:srcset,,26,,,eda.rambler.ru,fistashkovyy-kulich-bez-drozhzhey_176181_photo_183856.webp,eda.rambler.ru_media_recepty_recepty-kulichey-na-pashu-ot-klassik_cand_000109,eda.rambler.ru_media_recepty_recepty-kulichey-na-pashu-ot-klassik,data\raw\eda.rambler.ru_media_recepty_recepty-kulichey-na-pashu-ot-klassik,eda.rambler.ru_media_recepty_recepty-kulichey-na-pashu-ot-klassik_cand_000109_7e9b876849.webp,data\raw\eda.rambler.ru_media_recepty_recepty-kulichey-na-pashu-ot-klassik\eda.rambler.ru_media_recepty_recepty-kulichey-na-pashu-ot-klassik_cand_000109_7e9b876849.webp,True,,True,285.0,285.0,WEBP,RGB,10270,81225.0,1.0,,True,,[],0.5146726099038167,1,False,True,semantic:https://eda.rambler.ru/images/recipephoto/fistashkovyy-kulich-bez-drozhzhey_176181_photo_183856,2,True,semantic_duplicate_removed
https://eda.rambler.ru/media/recepty/recepty-kulichey-na-pashu-ot-klassiki-do-bystryh-variantov,https://eda.rambler.ru/images/RecipePhoto/390x390/fistashkovyy-kulich-bez-drozhzhey_176181_photo_183856.webp,source:srcset,,26,,,eda.rambler.ru,fistashkovyy-kulich-bez-drozhzhey_176181_photo_183856.webp,eda.rambler.ru_media_recepty_recepty-kulichey-na-pashu-ot-klassik_cand_000110,eda.rambler.ru_media_recepty_recepty-kulichey-na-pashu-ot-klassik,data\raw\eda.rambler.ru_media_recepty_recepty-kulichey-na-pashu-ot-klassik,eda.rambler.ru_media_recepty_recepty-kulichey-na-pashu-ot-klassik_cand_000110_93dd239ed0.webp,data\raw\eda.rambler.ru_media_recepty_recepty-kulichey-na-pashu-ot-klassik\eda.rambler.ru_media_recepty_recepty-kulichey-na-pashu-ot-klassik_cand_000110_93dd239ed0.webp,True,,True,390.0,390.0,WEBP,RGB,16472,152100.0,1.0,,True,,[],0.48458548829228437,0,False,False,,,False,
https://eda.rambler.ru/media/recepty/recepty-kulichey-na-pashu-ot-klassiki-do-bystryh-variantov,https://eda.rambler.ru/images/RecipePhoto/390x390/fistashkovyy-kulich-bez-drozhzhey_176181_photo_183856.jpg,source:srcset,,27,,,eda.rambler.ru,fistashkovyy-kulich-bez-drozhzhey_176181_photo_183856.jpg,eda.rambler.ru_media_recepty_recepty-kulichey-na-pashu-ot-klassik_cand_000111,eda.rambler.ru_media_recepty_recepty-kulichey-na-pashu-ot-klassik,data\raw\eda.rambler.ru_media_recepty_recepty-kulichey-na-pashu-ot-klassik,eda.rambler.ru_media_recepty_recepty-kulichey-na-pashu-ot-klassik_cand_000111_8c73b03135.jpg,data\raw\eda.rambler.ru_media_recepty_recepty-kulichey-na-pashu-ot-klassik\eda.rambler.ru_media_recepty_recepty-kulichey-na-pashu-ot-klassik_cand_000111_8c73b03135.jpg,True,,True,390.0,390.0,JPEG,RGB,29560,152100.0,1.0,,True,,[],0.5012774757029658,1,False,True,semantic:https://eda.rambler.ru/images/recipephoto/fistashkovyy-kulich-bez-drozhzhey_176181_photo_183856,3,True,semantic_duplicate_removed
https://eda.rambler.ru/media/recepty/recepty-kulichey-na-pashu-ot-klassiki-do-bystryh-variantov,https://eda.rambler.ru/images/RecipePhoto/285x285/shokoladnyy-kulich_176174_photo_183859.webp,source:srcset,,28,,,eda.rambler.ru,shokoladnyy-kulich_176174_photo_183859.webp,eda.rambler.ru_media_recepty_recepty-kulichey-na-pashu-ot-klassik_cand_000112,eda.rambler.ru_media_recepty_recepty-kulichey-na-pashu-ot-klassik,data\raw\eda.rambler.ru_media_recepty_recepty-kulichey-na-pashu-ot-klassik,eda.rambler.ru_media_recepty_recepty-kulichey-na-pashu-ot-klassik_cand_000112_0ceea142e7.webp,data\raw\eda.rambler.ru_media_recepty_recepty-kulichey-na-pashu-ot-klassik\eda.rambler.ru_media_recepty_recepty-kulichey-na-pashu-ot-klassik_cand_000112_0ceea142e7.webp,True,,True,285.0,285.0,WEBP,RGB,14496,81225.0,1.0,,True,,[],0.49057955320515184,1,False,True,semantic:https://eda.rambler.ru/images/recipephoto/shokoladnyy-kulich_176174_photo_183859,2,True,semantic_duplicate_removed
https://eda.rambler.ru/media/recepty/recepty-kulichey-na-pashu-ot-klassiki-do-bystryh-variantov,https://eda.rambler.ru/images/RecipePhoto/390x390/shokoladnyy-kulich_176174_photo_183859.webp,source:srcset,,28,,,eda.rambler.ru,shokoladnyy-kulich_176174_photo_183859.webp,eda.rambler.ru_media_recepty_recepty-kulichey-na-pashu-ot-klassik_cand_000113,eda.rambler.ru_media_recepty_recepty-kulichey-na-pashu-ot-klassik,data\raw\eda.rambler.ru_media_recepty_recepty-kulichey-na-pashu-ot-klassik,eda.rambler.ru_media_recepty_recepty-kulichey-na-pashu-ot-klassik_cand_000113_8420c4244d.webp,data\raw\eda.rambler.ru_media_recepty_recepty-kulichey-na-pashu-ot-klassik\eda.rambler.ru_media_recepty_recepty-kulichey-na-pashu-ot-klassik_cand_000113_8420c4244d.webp,True,,True,390.0,390.0,WEBP,RGB,25610,152100.0,1.0,,True,,[],0.46250317469588853,0,False,False,,,False,
https://eda.rambler.ru/media/recepty/recepty-kulichey-na-pashu-ot-klassiki-do-bystryh-variantov,https://eda.rambler.ru/images/RecipePhoto/390x390/shokoladnyy-kulich_176174_photo_183859.jpg,source:srcset,,29,,,eda.rambler.ru,shokoladnyy-kulich_176174_photo_183859.jpg,eda.rambler.ru_media_recepty_recepty-kulichey-na-pashu-ot-klassik_cand_000114,eda.rambler.ru_media_recepty_recepty-kulichey-na-pashu-ot-klassik,data\raw\eda.rambler.ru_media_recepty_recepty-kulichey-na-pashu-ot-klassik,eda.rambler.ru_media_recepty_recepty-kulichey-na-pashu-ot-klassik_cand_000114_1e8a0912fc.jpg,data\raw\eda.rambler.ru_media_recepty_recepty-kulichey-na-pashu-ot-klassik\eda.rambler.ru_media_recepty_recepty-kulichey-na-pashu-ot-klassik_cand_000114_1e8a0912fc.jpg,True,,True,390.0,390.0,JPEG,RGB,38611,152100.0,1.0,,True,,[],0.47910714564456025,0,False,False,,,False,
https://eda.rambler.ru/media/recepty/recepty-kulichey-na-pashu-ot-klassiki-do-bystryh-variantov,https://eda.rambler.ru/images/RecipePhoto/285x285/pp-kulich_188868_photo_196931.webp,source:srcset,,30,,,eda.rambler.ru,pp-kulich_188868_photo_196931.webp,eda.rambler.ru_media_recepty_recepty-kulichey-na-pashu-ot-klassik_cand_000115,eda.rambler.ru_media_recepty_recepty-kulichey-na-pashu-ot-klassik,data\raw\eda.rambler.ru_media_recepty_recepty-kulichey-na-pashu-ot-klassik,eda.rambler.ru_media_recepty_recepty-kulichey-na-pashu-ot-klassik_cand_000115_4fcca7a4ee.webp,data\raw\eda.rambler.ru_media_recepty_recepty-kulichey-na-pashu-ot-klassik\eda.rambler.ru_media_recepty_recepty-kulichey-na-pashu-ot-klassik_cand_000115_4fcca7a4ee.webp,True,,True,285.0,285.0,WEBP,RGB,6746,81225.0,1.0,,True,,[],0.47206438946608326,0,False,False,,,False,
https://eda.rambler.ru/media/recepty/recepty-kulichey-na-pashu-ot-klassiki-do-bystryh-variantov,https://eda.rambler.ru/images/RecipePhoto/390x390/pp-kulich_188868_photo_196931.webp,source:srcset,,30,,,eda.rambler.ru,pp-kulich_188868_photo_196931.webp,eda.rambler.ru_media_recepty_recepty-kulichey-na-pashu-ot-klassik_cand_000116,eda.rambler.ru_media_recepty_recepty-kulichey-na-pashu-ot-klassik,data\raw\eda.rambler.ru_media_recepty_recepty-kulichey-na-pashu-ot-klassik,eda.rambler.ru_media_recepty_recepty-kulichey-na-pashu-ot-klassik_cand_000116_ad0d532e72.webp,data\raw\eda.rambler.ru_media_recepty_recepty-kulichey-na-pashu-ot-klassik\eda.rambler.ru_media_recepty_recepty-kulichey-na-pashu-ot-klassik_cand_000116_ad0d532e72.webp,True,,True,390.0,390.0,WEBP,RGB,11712,152100.0,1.0,,True,,[],0.4417144466819203,0,False,False,,,False,
https://eda.rambler.ru/media/recepty/recepty-kulichey-na-pashu-ot-klassiki-do-bystryh-variantov,https://eda.rambler.ru/images/RecipePhoto/390x390/pp-kulich_188868_photo_196931.jpg,source:srcset,,31,,,eda.rambler.ru,pp-kulich_188868_photo_196931.jpg,eda.rambler.ru_media_recepty_recepty-kulichey-na-pashu-ot-klassik_cand_000117,eda.rambler.ru_media_recepty_recepty-kulichey-na-pashu-ot-klassik,data\raw\eda.rambler.ru_media_recepty_recepty-kulichey-na-pashu-ot-klassik,eda.rambler.ru_media_recepty_recepty-kulichey-na-pashu-ot-klassik_cand_000117_98d91e25ea.jpg,data\raw\eda.rambler.ru_media_recepty_recepty-kulichey-na-pashu-ot-klassik\eda.rambler.ru_media_recepty_recepty-kulichey-na-pashu-ot-klassik_cand_000117_98d91e25ea.jpg,True,,True,390.0,390.0,JPEG,RGB,19303,152100.0,1.0,,True,,[],0.45607594301243964,0,False,False,,,False,
https://eda.rambler.ru/media/recepty/recepty-kulichey-na-pashu-ot-klassiki-do-bystryh-variantov,https://eda.rambler.ru/images/RecipePhoto/285x285/kulich-s-nachinkoy_188909_photo_196985.webp,source:srcset,,32,,,eda.rambler.ru,kulich-s-nachinkoy_188909_photo_196985.webp,eda.rambler.ru_media_recepty_recepty-kulichey-na-pashu-ot-klassik_cand_000118,eda.rambler.ru_media_recepty_recepty-kulichey-na-pashu-ot-klassik,data\raw\eda.rambler.ru_media_recepty_recepty-kulichey-na-pashu-ot-klassik,eda.rambler.ru_media_recepty_recepty-kulichey-na-pashu-ot-klassik_cand_000118_cbaf912c98.webp,data\raw\eda.rambler.ru_media_recepty_recepty-kulichey-na-pashu-ot-klassik\eda.rambler.ru_media_recepty_recepty-kulichey-na-pashu-ot-klassik_cand_000118_cbaf912c98.webp,True,,True,285.0,285.0,WEBP,RGB,4148,81225.0,1.0,,True,,[],0.486472822761726,0,False,False,,,False,
https://eda.rambler.ru/media/recepty/recepty-kulichey-na-pashu-ot-klassiki-do-bystryh-variantov,https://eda.rambler.ru/images/RecipePhoto/390x390/kulich-s-nachinkoy_188909_photo_196985.webp,source:srcset,,32,,,eda.rambler.ru,kulich-s-nachinkoy_188909_photo_196985.webp,eda.rambler.ru_media_recepty_recepty-kulichey-na-pashu-ot-klassik_cand_000119,eda.rambler.ru_media_recepty_recepty-kulichey-na-pashu-ot-klassik,data\raw\eda.rambler.ru_media_recepty_recepty-kulichey-na-pashu-ot-klassik,eda.rambler.ru_media_recepty_recepty-kulichey-na-pashu-ot-klassik_cand_000119_9ca5fab533.webp,data\raw\eda.rambler.ru_media_recepty_recepty-kulichey-na-pashu-ot-klassik\eda.rambler.ru_media_recepty_recepty-kulichey-na-pashu-ot-klassik_cand_000119_9ca5fab533.webp,True,,True,390.0,390.0,WEBP,RGB,6410,152100.0,1.0,,True,,[],0.4549314836153366,0,False,False,,,False,
https://eda.rambler.ru/media/recepty/recepty-kulichey-na-pashu-ot-klassiki-do-bystryh-variantov,https://eda.rambler.ru/images/RecipePhoto/390x390/kulich-s-nachinkoy_188909_photo_196985.jpg,source:srcset,,33,,,eda.rambler.ru,kulich-s-nachinkoy_188909_photo_196985.jpg,eda.rambler.ru_media_recepty_recepty-kulichey-na-pashu-ot-klassik_cand_000120,eda.rambler.ru_media_recepty_recepty-kulichey-na-pashu-ot-klassik,data\raw\eda.rambler.ru_media_recepty_recepty-kulichey-na-pashu-ot-klassik,eda.rambler.ru_media_recepty_recepty-kulichey-na-pashu-ot-klassik_cand_000120_6f666b19ae.jpg,data\raw\eda.rambler.ru_media_recepty_recepty-kulichey-na-pashu-ot-klassik\eda.rambler.ru_media_recepty_recepty-kulichey-na-pashu-ot-klassik_cand_000120_6f666b19ae.jpg,True,,True,390.0,390.0,JPEG,RGB,14050,152100.0,1.0,,True,,[],0.46938081069577864,0,False,False,,,False,
https://eda.rambler.ru/media/recepty/recepty-kulichey-na-pashu-ot-klassiki-do-bystryh-variantov,https://eda.rambler.ru/images/RecipePhoto/285x285/rozovaya-glazur-dlya-kulicha_173471_photo_170817.webp,source:srcset,,34,,,eda.rambler.ru,rozovaya-glazur-dlya-kulicha_173471_photo_170817.webp,eda.rambler.ru_media_recepty_recepty-kulichey-na-pashu-ot-klassik_cand_000121,eda.rambler.ru_media_recepty_recepty-kulichey-na-pashu-ot-klassik,data\raw\eda.rambler.ru_media_recepty_recepty-kulichey-na-pashu-ot-klassik,eda.rambler.ru_media_recepty_recepty-kulichey-na-pashu-ot-klassik_cand_000121_f0c8e7c18a.webp,data\raw\eda.rambler.ru_media_recepty_recepty-kulichey-na-pashu-ot-klassik\eda.rambler.ru_media_recepty_recepty-kulichey-na-pashu-ot-klassik_cand_000121_f0c8e7c18a.webp,True,,True,285.0,285.0,WEBP,RGB,8724,81225.0,1.0,,True,,[],0.5054705902801965,1,False,True,semantic:https://eda.rambler.ru/images/recipephoto/rozovaya-glazur-dlya-kulicha_173471_photo_170817,2,True,semantic_duplicate_removed
https://eda.rambler.ru/media/recepty/recepty-kulichey-na-pashu-ot-klassiki-do-bystryh-variantov,https://eda.rambler.ru/images/RecipePhoto/390x390/rozovaya-glazur-dlya-kulicha_173471_photo_170817.webp,source:srcset,,34,,,eda.rambler.ru,rozovaya-glazur-dlya-kulicha_173471_photo_170817.webp,eda.rambler.ru_media_recepty_recepty-kulichey-na-pashu-ot-klassik_cand_000122,eda.rambler.ru_media_recepty_recepty-kulichey-na-pashu-ot-klassik,data\raw\eda.rambler.ru_media_recepty_recepty-kulichey-na-pashu-ot-klassik,eda.rambler.ru_media_recepty_recepty-kulichey-na-pashu-ot-klassik_cand_000122_0c62573bc1.webp,data\raw\eda.rambler.ru_media_recepty_recepty-kulichey-na-pashu-ot-klassik\eda.rambler.ru_media_recepty_recepty-kulichey-na-pashu-ot-klassik_cand_000122_0c62573bc1.webp,True,,True,390.0,390.0,WEBP,RGB,13386,152100.0,1.0,,True,,[],0.4747845029284335,0,False,False,,,False,
https://eda.rambler.ru/media/recepty/recepty-kulichey-na-pashu-ot-klassiki-do-bystryh-variantov,https://eda.rambler.ru/images/RecipePhoto/390x390/rozovaya-glazur-dlya-kulicha_173471_photo_170817.jpg,source:srcset,,35,,,eda.rambler.ru,rozovaya-glazur-dlya-kulicha_173471_photo_170817.jpg,eda.rambler.ru_media_recepty_recepty-kulichey-na-pashu-ot-klassik_cand_000123,eda.rambler.ru_media_recepty_recepty-kulichey-na-pashu-ot-klassik,data\raw\eda.rambler.ru_media_recepty_recepty-kulichey-na-pashu-ot-klassik,eda.rambler.ru_media_recepty_recepty-kulichey-na-pashu-ot-klassik_cand_000123_33effe13cc.jpg,data\raw\eda.rambler.ru_media_recepty_recepty-kulichey-na-pashu-ot-klassik\eda.rambler.ru_media_recepty_recepty-kulichey-na-pashu-ot-klassik_cand_000123_33effe13cc.jpg,True,,True,390.0,390.0,JPEG,RGB,25806,152100.0,1.0,,True,,[],0.4911956349628508,1,False,True,semantic:https://eda.rambler.ru/images/recipephoto/rozovaya-glazur-dlya-kulicha_173471_photo_170817,3,True,semantic_duplicate_removed
https://eda.rambler.ru/media/recepty/recepty-kulichey-na-pashu-ot-klassiki-do-bystryh-variantov,https://eda.rambler.ru/images/RecipePhoto/285x285/fistashkovaya-glazur-dlya-kulicha_173472_photo_170818.webp,source:srcset,,36,,,eda.rambler.ru,fistashkovaya-glazur-dlya-kulicha_173472_photo_170818.webp,eda.rambler.ru_media_recepty_recepty-kulichey-na-pashu-ot-klassik_cand_000124,eda.rambler.ru_media_recepty_recepty-kulichey-na-pashu-ot-klassik,data\raw\eda.rambler.ru_media_recepty_recepty-kulichey-na-pashu-ot-klassik,eda.rambler.ru_media_recepty_recepty-kulichey-na-pashu-ot-klassik_cand_000124_d48a43e1d1.webp,data\raw\eda.rambler.ru_media_recepty_recepty-kulichey-na-pashu-ot-klassik\eda.rambler.ru_media_recepty_recepty-kulichey-na-pashu-ot-klassik_cand_000124_d48a43e1d1.webp,True,,True,285.0,285.0,WEBP,RGB,8120,81225.0,1.0,,True,,[],0.513819594977495,1,False,True,semantic:https://eda.rambler.ru/images/recipephoto/fistashkovaya-glazur-dlya-kulicha_173472_photo_170818,2,True,semantic_duplicate_removed
https://eda.rambler.ru/media/recepty/recepty-kulichey-na-pashu-ot-klassiki-do-bystryh-variantov,https://eda.rambler.ru/images/RecipePhoto/390x390/fistashkovaya-glazur-dlya-kulicha_173472_photo_170818.webp,source:srcset,,36,,,eda.rambler.ru,fistashkovaya-glazur-dlya-kulicha_173472_photo_170818.webp,eda.rambler.ru_media_recepty_recepty-kulichey-na-pashu-ot-klassik_cand_000125,eda.rambler.ru_media_recepty_recepty-kulichey-na-pashu-ot-klassik,data\raw\eda.rambler.ru_media_recepty_recepty-kulichey-na-pashu-ot-klassik,eda.rambler.ru_media_recepty_recepty-kulichey-na-pashu-ot-klassik_cand_000125_125caec32d.webp,data\raw\eda.rambler.ru_media_recepty_recepty-kulichey-na-pashu-ot-klassik\eda.rambler.ru_media_recepty_recepty-kulichey-na-pashu-ot-klassik_cand_000125_125caec32d.webp,True,,True,390.0,390.0,WEBP,RGB,12844,152100.0,1.0,,True,,[],0.4831464063516439,0,False,False,,,False,
https://eda.rambler.ru/media/recepty/recepty-kulichey-na-pashu-ot-klassiki-do-bystryh-variantov,https://eda.rambler.ru/images/RecipePhoto/390x390/fistashkovaya-glazur-dlya-kulicha_173472_photo_170818.jpg,source:srcset,,37,,,eda.rambler.ru,fistashkovaya-glazur-dlya-kulicha_173472_photo_170818.jpg,eda.rambler.ru_media_recepty_recepty-kulichey-na-pashu-ot-klassik_cand_000126,eda.rambler.ru_media_recepty_recepty-kulichey-na-pashu-ot-klassik,data\raw\eda.rambler.ru_media_recepty_recepty-kulichey-na-pashu-ot-klassik,eda.rambler.ru_media_recepty_recepty-kulichey-na-pashu-ot-klassik_cand_000126_f37934fa3a.jpg,data\raw\eda.rambler.ru_media_recepty_recepty-kulichey-na-pashu-ot-klassik\eda.rambler.ru_media_recepty_recepty-kulichey-na-pashu-ot-klassik_cand_000126_f37934fa3a.jpg,True,,True,390.0,390.0,JPEG,RGB,25320,152100.0,1.0,,True,,[],0.49959388662776666,1,False,True,semantic:https://eda.rambler.ru/images/recipephoto/fistashkovaya-glazur-dlya-kulicha_173472_photo_170818,3,True,semantic_duplicate_removed
https://eda.rambler.ru/media/recepty/recepty-kulichey-na-pashu-ot-klassiki-do-bystryh-variantov,https://eda.rambler.ru/images/RecipePhoto/285x285/merenga-dlya-ukrasheniya-kulicha_173473_photo_170819.webp,source:srcset,,38,,,eda.rambler.ru,merenga-dlya-ukrasheniya-kulicha_173473_photo_170819.webp,eda.rambler.ru_media_recepty_recepty-kulichey-na-pashu-ot-klassik_cand_000127,eda.rambler.ru_media_recepty_recepty-kulichey-na-pashu-ot-klassik,data\raw\eda.rambler.ru_media_recepty_recepty-kulichey-na-pashu-ot-klassik,eda.rambler.ru_media_recepty_recepty-kulichey-na-pashu-ot-klassik_cand_000127_cb39c30361.webp,data\raw\eda.rambler.ru_media_recepty_recepty-kulichey-na-pashu-ot-klassik\eda.rambler.ru_media_recepty_recepty-kulichey-na-pashu-ot-klassik_cand_000127_cb39c30361.webp,True,,True,285.0,285.0,WEBP,RGB,9498,81225.0,1.0,,True,,[],0.5126491555780993,1,False,True,semantic:https://eda.rambler.ru/images/recipephoto/merenga-dlya-ukrasheniya-kulicha_173473_photo_170819,2,True,semantic_duplicate_removed
https://eda.rambler.ru/media/recepty/recepty-kulichey-na-pashu-ot-klassiki-do-bystryh-variantov,https://eda.rambler.ru/images/RecipePhoto/390x390/merenga-dlya-ukrasheniya-kulicha_173473_photo_170819.webp,source:srcset,,38,,,eda.rambler.ru,merenga-dlya-ukrasheniya-kulicha_173473_photo_170819.webp,eda.rambler.ru_media_recepty_recepty-kulichey-na-pashu-ot-klassik_cand_000128,eda.rambler.ru_media_recepty_recepty-kulichey-na-pashu-ot-klassik,data\raw\eda.rambler.ru_media_recepty_recepty-kulichey-na-pashu-ot-klassik,eda.rambler.ru_media_recepty_recepty-kulichey-na-pashu-ot-klassik_cand_000128_1d6de6eacb.webp,data\raw\eda.rambler.ru_media_recepty_recepty-kulichey-na-pashu-ot-klassik\eda.rambler.ru_media_recepty_recepty-kulichey-na-pashu-ot-klassik_cand_000128_1d6de6eacb.webp,True,,True,390.0,390.0,WEBP,RGB,15118,152100.0,1.0,,True,,[],0.48233189578785357,0,False,False,,,False,
https://eda.rambler.ru/media/recepty/recepty-kulichey-na-pashu-ot-klassiki-do-bystryh-variantov,https://eda.rambler.ru/images/RecipePhoto/390x390/merenga-dlya-ukrasheniya-kulicha_173473_photo_170819.jpg,source:srcset,,39,,,eda.rambler.ru,merenga-dlya-ukrasheniya-kulicha_173473_photo_170819.jpg,eda.rambler.ru_media_recepty_recepty-kulichey-na-pashu-ot-klassik_cand_000129,eda.rambler.ru_media_recepty_recepty-kulichey-na-pashu-ot-klassik,data\raw\eda.rambler.ru_media_recepty_recepty-kulichey-na-pashu-ot-klassik,eda.rambler.ru_media_recepty_recepty-kulichey-na-pashu-ot-klassik_cand_000129_f8eb2f9ebe.jpg,data\raw\eda.rambler.ru_media_recepty_recepty-kulichey-na-pashu-ot-klassik\eda.rambler.ru_media_recepty_recepty-kulichey-na-pashu-ot-klassik_cand_000129_f8eb2f9ebe.jpg,True,,True,390.0,390.0,JPEG,RGB,28031,152100.0,1.0,,True,,[],0.4989519266299048,1,False,True,semantic:https://eda.rambler.ru/images/recipephoto/merenga-dlya-ukrasheniya-kulicha_173473_photo_170819,3,True,semantic_duplicate_removed
https://eda.rambler.ru/media/recepty/recepty-kulichey-na-pashu-ot-klassiki-do-bystryh-variantov,https://eda.rambler.ru/images/RecipePhoto/285x285/ukrashenie-dlya-kulicha-s-cukatami_173474_photo_170820.webp,source:srcset,,40,,,eda.rambler.ru,ukrashenie-dlya-kulicha-s-cukatami_173474_photo_170820.webp,eda.rambler.ru_media_recepty_recepty-kulichey-na-pashu-ot-klassik_cand_000130,eda.rambler.ru_media_recepty_recepty-kulichey-na-pashu-ot-klassik,data\raw\eda.rambler.ru_media_recepty_recepty-kulichey-na-pashu-ot-klassik,eda.rambler.ru_media_recepty_recepty-kulichey-na-pashu-ot-klassik_cand_000130_87ca4f2e83.webp,data\raw\eda.rambler.ru_media_recepty_recepty-kulichey-na-pashu-ot-klassik\eda.rambler.ru_media_recepty_recepty-kulichey-na-pashu-ot-klassik_cand_000130_87ca4f2e83.webp,True,,True,285.0,285.0,WEBP,RGB,10148,81225.0,1.0,,True,,[],0.516340987005594,1,False,True,semantic:https://eda.rambler.ru/images/recipephoto/ukrashenie-dlya-kulicha-s-cukatami_173474_photo_170820,2,True,semantic_duplicate_removed
https://eda.rambler.ru/media/recepty/recepty-kulichey-na-pashu-ot-klassiki-do-bystryh-variantov,https://eda.rambler.ru/images/RecipePhoto/390x390/ukrashenie-dlya-kulicha-s-cukatami_173474_photo_170820.webp,source:srcset,,40,,,eda.rambler.ru,ukrashenie-dlya-kulicha-s-cukatami_173474_photo_170820.webp,eda.rambler.ru_media_recepty_recepty-kulichey-na-pashu-ot-klassik_cand_000131,eda.rambler.ru_media_recepty_recepty-kulichey-na-pashu-ot-klassik,data\raw\eda.rambler.ru_media_recepty_recepty-kulichey-na-pashu-ot-klassik,eda.rambler.ru_media_recepty_recepty-kulichey-na-pashu-ot-klassik_cand_000131_7fa8f8e942.webp,data\raw\eda.rambler.ru_media_recepty_recepty-kulichey-na-pashu-ot-klassik\eda.rambler.ru_media_recepty_recepty-kulichey-na-pashu-ot-klassik_cand_000131_7fa8f8e942.webp,True,,True,390.0,390.0,WEBP,RGB,16390,152100.0,1.0,,True,,[],0.4862699225680225,0,False,False,,,False,
https://eda.rambler.ru/media/recepty/recepty-kulichey-na-pashu-ot-klassiki-do-bystryh-variantov,https://eda.rambler.ru/images/RecipePhoto/390x390/ukrashenie-dlya-kulicha-s-cukatami_173474_photo_170820.jpg,source:srcset,,41,,,eda.rambler.ru,ukrashenie-dlya-kulicha-s-cukatami_173474_photo_170820.jpg,eda.rambler.ru_media_recepty_recepty-kulichey-na-pashu-ot-klassik_cand_000132,eda.rambler.ru_media_recepty_recepty-kulichey-na-pashu-ot-klassik,data\raw\eda.rambler.ru_media_recepty_recepty-kulichey-na-pashu-ot-klassik,eda.rambler.ru_media_recepty_recepty-kulichey-na-pashu-ot-klassik_cand_000132_1d8fdfbaa7.jpg,data\raw\eda.rambler.ru_media_recepty_recepty-kulichey-na-pashu-ot-klassik\eda.rambler.ru_media_recepty_recepty-kulichey-na-pashu-ot-klassik_cand_000132_1d8fdfbaa7.jpg,True,,True,390.0,390.0,JPEG,RGB,31118,152100.0,1.0,,True,,[],0.5036144840401845,1,False,True,semantic:https://eda.rambler.ru/images/recipephoto/ukrashenie-dlya-kulicha-s-cukatami_173474_photo_170820,3,True,semantic_duplicate_removed
https://eda.rambler.ru/media/recepty/recepty-kulichey-na-pashu-ot-klassiki-do-bystryh-variantov,https://eda.rambler.ru/images/Article/320x320/ckolko-yaic-mozhno-sest-za-den_square.webp,source:srcset,,42,,,eda.rambler.ru,ckolko-yaic-mozhno-sest-za-den_square.webp,eda.rambler.ru_media_recepty_recepty-kulichey-na-pashu-ot-klassik_cand_000133,eda.rambler.ru_media_recepty_recepty-kulichey-na-pashu-ot-klassik,data\raw\eda.rambler.ru_media_recepty_recepty-kulichey-na-pashu-ot-klassik,eda.rambler.ru_media_recepty_recepty-kulichey-na-pashu-ot-klassik_cand_000133_f9f8fe9eec.webp,data\raw\eda.rambler.ru_media_recepty_recepty-kulichey-na-pashu-ot-klassik\eda.rambler.ru_media_recepty_recepty-kulichey-na-pashu-ot-klassik_cand_000133_f9f8fe9eec.webp,True,,True,320.0,320.0,WEBP,RGB,10876,102400.0,1.0,,True,,[],0.4766408405749176,0,False,False,,,False,
https://eda.rambler.ru/media/recepty/recepty-kulichey-na-pashu-ot-klassiki-do-bystryh-variantov,https://eda.rambler.ru/images/Article/480x480/ckolko-yaic-mozhno-sest-za-den_square.webp,source:srcset,,42,,,eda.rambler.ru,ckolko-yaic-mozhno-sest-za-den_square.webp,eda.rambler.ru_media_recepty_recepty-kulichey-na-pashu-ot-klassik_cand_000134,eda.rambler.ru_media_recepty_recepty-kulichey-na-pashu-ot-klassik,data\raw\eda.rambler.ru_media_recepty_recepty-kulichey-na-pashu-ot-klassik,eda.rambler.ru_media_recepty_recepty-kulichey-na-pashu-ot-klassik_cand_000134_05d600a992.webp,data\raw\eda.rambler.ru_media_recepty_recepty-kulichey-na-pashu-ot-klassik\eda.rambler.ru_media_recepty_recepty-kulichey-na-pashu-ot-klassik_cand_000134_05d600a992.webp,True,,True,480.0,480.0,WEBP,RGB,17306,230400.0,1.0,,True,,[],0.4295922150866449,0,False,False,,,False,
https://eda.rambler.ru/media/recepty/recepty-kulichey-na-pashu-ot-klassiki-do-bystryh-variantov,https://eda.rambler.ru/images/Article/640x640/ckolko-yaic-mozhno-sest-za-den_square.webp,source:srcset,,42,,,eda.rambler.ru,ckolko-yaic-mozhno-sest-za-den_square.webp,eda.rambler.ru_media_recepty_recepty-kulichey-na-pashu-ot-klassik_cand_000135,eda.rambler.ru_media_recepty_recepty-kulichey-na-pashu-ot-klassik,data\raw\eda.rambler.ru_media_recepty_recepty-kulichey-na-pashu-ot-klassik,eda.rambler.ru_media_recepty_recepty-kulichey-na-pashu-ot-klassik_cand_000135_9bc65130d6.webp,data\raw\eda.rambler.ru_media_recepty_recepty-kulichey-na-pashu-ot-klassik\eda.rambler.ru_media_recepty_recepty-kulichey-na-pashu-ot-klassik_cand_000135_9bc65130d6.webp,True,,True,640.0,640.0,WEBP,RGB,25760,409600.0,1.0,,True,,[],0.3834714323688713,0,False,False,,,False,
https://eda.rambler.ru/media/recepty/recepty-kulichey-na-pashu-ot-klassiki-do-bystryh-variantov,https://eda.rambler.ru/images/Article/480x480/ckolko-yaic-mozhno-sest-za-den_square.jpg,source:srcset,,43,,,eda.rambler.ru,ckolko-yaic-mozhno-sest-za-den_square.jpg,eda.rambler.ru_media_recepty_recepty-kulichey-na-pashu-ot-klassik_cand_000136,eda.rambler.ru_media_recepty_recepty-kulichey-na-pashu-ot-klassik,data\raw\eda.rambler.ru_media_recepty_recepty-kulichey-na-pashu-ot-klassik,eda.rambler.ru_media_recepty_recepty-kulichey-na-pashu-ot-klassik_cand_000136_dd6a3cee7d.jpg,data\raw\eda.rambler.ru_media_recepty_recepty-kulichey-na-pashu-ot-klassik\eda.rambler.ru_media_recepty_recepty-kulichey-na-pashu-ot-klassik_cand_000136_dd6a3cee7d.jpg,True,,True,480.0,480.0,JPEG,RGB,38253,230400.0,1.0,,True,,[],0.44911547289762005,0,False,False,,,False,
https://eda.rambler.ru/media/recepty/recepty-kulichey-na-pashu-ot-klassiki-do-bystryh-variantov,https://eda.rambler.ru/images/Article/640x640/ckolko-yaic-mozhno-sest-za-den_square.jpg,source:srcset,,43,,,eda.rambler.ru,ckolko-yaic-mozhno-sest-za-den_square.jpg,eda.rambler.ru_media_recepty_recepty-kulichey-na-pashu-ot-klassik_cand_000137,eda.rambler.ru_media_recepty_recepty-kulichey-na-pashu-ot-klassik,data\raw\eda.rambler.ru_media_recepty_recepty-kulichey-na-pashu-ot-klassik,eda.rambler.ru_media_recepty_recepty-kulichey-na-pashu-ot-klassik_cand_000137_1f307c83da.jpg,data\raw\eda.rambler.ru_media_recepty_recepty-kulichey-na-pashu-ot-klassik\eda.rambler.ru_media_recepty_recepty-kulichey-na-pashu-ot-klassik_cand_000137_1f307c83da.jpg,True,,True,640.0,640.0,JPEG,RGB,59247,409600.0,1.0,,True,,[],0.4071759086939663,0,False,False,,,False,
https://eda.rambler.ru/media/recepty/recepty-kulichey-na-pashu-ot-klassiki-do-bystryh-variantov,https://eda.rambler.ru/images/Article/320x320/kak-pokrasit-yayca-na-pashu-prostye-krasivye-i-bezopasnye-sposoby_square.webp,source:srcset,,44,,,eda.rambler.ru,kak-pokrasit-yayca-na-pashu-prostye-krasivye-i-bezopasnye-sposoby_square.webp,eda.rambler.ru_media_recepty_recepty-kulichey-na-pashu-ot-klassik_cand_000138,eda.rambler.ru_media_recepty_recepty-kulichey-na-pashu-ot-klassik,data\raw\eda.rambler.ru_media_recepty_recepty-kulichey-na-pashu-ot-klassik,eda.rambler.ru_media_recepty_recepty-kulichey-na-pashu-ot-klassik_cand_000138_e0038d01f6.webp,data\raw\eda.rambler.ru_media_recepty_recepty-kulichey-na-pashu-ot-klassik\eda.rambler.ru_media_recepty_recepty-kulichey-na-pashu-ot-klassik_cand_000138_e0038d01f6.webp,True,,True,320.0,320.0,WEBP,RGB,26654,102400.0,1.0,,True,,[],0.5429278811012302,1,False,True,semantic:https://eda.rambler.ru/images/article/kak-pokrasit-yayca-na-pashu-prostye-krasivye-i-bezopasnye-sposoby_square,2,True,semantic_duplicate_removed
https://eda.rambler.ru/media/recepty/recepty-kulichey-na-pashu-ot-klassiki-do-bystryh-variantov,https://eda.rambler.ru/images/Article/480x480/kak-pokrasit-yayca-na-pashu-prostye-krasivye-i-bezopasnye-sposoby_square.webp,source:srcset,,44,,,eda.rambler.ru,kak-pokrasit-yayca-na-pashu-prostye-krasivye-i-bezopasnye-sposoby_square.webp,eda.rambler.ru_media_recepty_recepty-kulichey-na-pashu-ot-klassik_cand_000139,eda.rambler.ru_media_recepty_recepty-kulichey-na-pashu-ot-klassik,data\raw\eda.rambler.ru_media_recepty_recepty-kulichey-na-pashu-ot-klassik,eda.rambler.ru_media_recepty_recepty-kulichey-na-pashu-ot-klassik_cand_000139_f111b60185.webp,data\raw\eda.rambler.ru_media_recepty_recepty-kulichey-na-pashu-ot-klassik\eda.rambler.ru_media_recepty_recepty-kulichey-na-pashu-ot-klassik_cand_000139_f111b60185.webp,True,,True,480.0,480.0,WEBP,RGB,47484,230400.0,1.0,,True,,[],0.5012490861681509,1,False,True,semantic:https://eda.rambler.ru/images/article/kak-pokrasit-yayca-na-pashu-prostye-krasivye-i-bezopasnye-sposoby_square,5,True,semantic_duplicate_removed
https://eda.rambler.ru/media/recepty/recepty-kulichey-na-pashu-ot-klassiki-do-bystryh-variantov,https://eda.rambler.ru/images/Article/640x640/kak-pokrasit-yayca-na-pashu-prostye-krasivye-i-bezopasnye-sposoby_square.webp,source:srcset,,44,,,eda.rambler.ru,kak-pokrasit-yayca-na-pashu-prostye-krasivye-i-bezopasnye-sposoby_square.webp,eda.rambler.ru_media_recepty_recepty-kulichey-na-pashu-ot-klassik_cand_000140,eda.rambler.ru_media_recepty_recepty-kulichey-na-pashu-ot-klassik,data\raw\eda.rambler.ru_media_recepty_recepty-kulichey-na-pashu-ot-klassik,eda.rambler.ru_media_recepty_recepty-kulichey-na-pashu-ot-klassik_cand_000140_9b758f8e54.webp,data\raw\eda.rambler.ru_media_recepty_recepty-kulichey-na-pashu-ot-klassik\eda.rambler.ru_media_recepty_recepty-kulichey-na-pashu-ot-klassik_cand_000140_9b758f8e54.webp,True,,True,640.0,640.0,WEBP,RGB,67010,409600.0,1.0,,True,,[],0.45791419311330855,0,False,False,,,False,
https://eda.rambler.ru/media/recepty/recepty-kulichey-na-pashu-ot-klassiki-do-bystryh-variantov,https://eda.rambler.ru/images/Article/480x480/kak-pokrasit-yayca-na-pashu-prostye-krasivye-i-bezopasnye-sposoby_square.jpg,source:srcset,,45,,,eda.rambler.ru,kak-pokrasit-yayca-na-pashu-prostye-krasivye-i-bezopasnye-sposoby_square.jpg,eda.rambler.ru_media_recepty_recepty-kulichey-na-pashu-ot-klassik_cand_000141,eda.rambler.ru_media_recepty_recepty-kulichey-na-pashu-ot-klassik,data\raw\eda.rambler.ru_media_recepty_recepty-kulichey-na-pashu-ot-klassik,eda.rambler.ru_media_recepty_recepty-kulichey-na-pashu-ot-klassik_cand_000141_89d1ed5559.jpg,data\raw\eda.rambler.ru_media_recepty_recepty-kulichey-na-pashu-ot-klassik\eda.rambler.ru_media_recepty_recepty-kulichey-na-pashu-ot-klassik_cand_000141_89d1ed5559.jpg,True,,True,480.0,480.0,JPEG,RGB,101446,230400.0,1.0,,True,,[],0.5341228265098087,1,False,True,semantic:https://eda.rambler.ru/images/article/kak-pokrasit-yayca-na-pashu-prostye-krasivye-i-bezopasnye-sposoby_square,3,True,semantic_duplicate_removed
https://eda.rambler.ru/media/recepty/recepty-kulichey-na-pashu-ot-klassiki-do-bystryh-variantov,https://eda.rambler.ru/images/Article/640x640/kak-pokrasit-yayca-na-pashu-prostye-krasivye-i-bezopasnye-sposoby_square.jpg,source:srcset,,45,,,eda.rambler.ru,kak-pokrasit-yayca-na-pashu-prostye-krasivye-i-bezopasnye-sposoby_square.jpg,eda.rambler.ru_media_recepty_recepty-kulichey-na-pashu-ot-klassik_cand_000142,eda.rambler.ru_media_recepty_recepty-kulichey-na-pashu-ot-klassik,data\raw\eda.rambler.ru_media_recepty_recepty-kulichey-na-pashu-ot-klassik,eda.rambler.ru_media_recepty_recepty-kulichey-na-pashu-ot-klassik_cand_000142_f01e09e04c.jpg,data\raw\eda.rambler.ru_media_recepty_recepty-kulichey-na-pashu-ot-klassik\eda.rambler.ru_media_recepty_recepty-kulichey-na-pashu-ot-klassik_cand_000142_f01e09e04c.jpg,True,,True,640.0,640.0,JPEG,RGB,154810,409600.0,1.0,,True,,[],0.5041773177085817,1,False,True,semantic:https://eda.rambler.ru/images/article/kak-pokrasit-yayca-na-pashu-prostye-krasivye-i-bezopasnye-sposoby_square,4,True,semantic_duplicate_removed
https://eda.rambler.ru/media/recepty/recepty-kulichey-na-pashu-ot-klassiki-do-bystryh-variantov,https://eda.rambler.ru/images/Article/320x320/dragocennye-skorlupki-kak-prigotovit-shokoladnye-pashalnye-yayca-doma_square.webp,source:srcset,,46,,,eda.rambler.ru,dragocennye-skorlupki-kak-prigotovit-shokoladnye-pashalnye-yayca-doma_square.webp,eda.rambler.ru_media_recepty_recepty-kulichey-na-pashu-ot-klassik_cand_000143,eda.rambler.ru_media_recepty_recepty-kulichey-na-pashu-ot-klassik,data\raw\eda.rambler.ru_media_recepty_recepty-kulichey-na-pashu-ot-klassik,eda.rambler.ru_media_recepty_recepty-kulichey-na-pashu-ot-klassik_cand_000143_7afcf136fd.webp,data\raw\eda.rambler.ru_media_recepty_recepty-kulichey-na-pashu-ot-klassik\eda.rambler.ru_media_recepty_recepty-kulichey-na-pashu-ot-klassik_cand_000143_7afcf136fd.webp,True,,True,320.0,320.0,WEBP,RGB,11880,102400.0,1.0,,True,,[],0.5439276280911393,1,False,True,semantic:https://eda.rambler.ru/images/article/dragocennye-skorlupki-kak-prigotovit-shokoladnye-pashalnye-yayca-doma_square,2,True,semantic_duplicate_removed
https://eda.rambler.ru/media/recepty/recepty-kulichey-na-pashu-ot-klassiki-do-bystryh-variantov,https://eda.rambler.ru/images/Article/480x480/dragocennye-skorlupki-kak-prigotovit-shokoladnye-pashalnye-yayca-doma_square.webp,source:srcset,,46,,,eda.rambler.ru,dragocennye-skorlupki-kak-prigotovit-shokoladnye-pashalnye-yayca-doma_square.webp,eda.rambler.ru_media_recepty_recepty-kulichey-na-pashu-ot-klassik_cand_000144,eda.rambler.ru_media_recepty_recepty-kulichey-na-pashu-ot-klassik,data\raw\eda.rambler.ru_media_recepty_recepty-kulichey-na-pashu-ot-klassik,eda.rambler.ru_media_recepty_recepty-kulichey-na-pashu-ot-klassik_cand_000144_82a93b24cd.webp,data\raw\eda.rambler.ru_media_recepty_recepty-kulichey-na-pashu-ot-klassik\eda.rambler.ru_media_recepty_recepty-kulichey-na-pashu-ot-klassik_cand_000144_82a93b24cd.webp,True,,True,480.0,480.0,WEBP,RGB,24752,230400.0,1.0,,True,,[],0.49909652490331013,1,False,True,semantic:https://eda.rambler.ru/images/article/dragocennye-skorlupki-kak-prigotovit-shokoladnye-pashalnye-yayca-doma_square,4,True,semantic_duplicate_removed
https://eda.rambler.ru/media/recepty/recepty-kulichey-na-pashu-ot-klassiki-do-bystryh-variantov,https://eda.rambler.ru/images/Article/640x640/dragocennye-skorlupki-kak-prigotovit-shokoladnye-pashalnye-yayca-doma_square.webp,source:srcset,,46,,,eda.rambler.ru,dragocennye-skorlupki-kak-prigotovit-shokoladnye-pashalnye-yayca-doma_square.webp,eda.rambler.ru_media_recepty_recepty-kulichey-na-pashu-ot-klassik_cand_000145,eda.rambler.ru_media_recepty_recepty-kulichey-na-pashu-ot-klassik,data\raw\eda.rambler.ru_media_recepty_recepty-kulichey-na-pashu-ot-klassik,eda.rambler.ru_media_recepty_recepty-kulichey-na-pashu-ot-klassik_cand_000145_1d62c8681c.webp,data\raw\eda.rambler.ru_media_recepty_recepty-kulichey-na-pashu-ot-klassik\eda.rambler.ru_media_recepty_recepty-kulichey-na-pashu-ot-klassik_cand_000145_1d62c8681c.webp,True,,True,640.0,640.0,WEBP,RGB,40416,409600.0,1.0,,True,,[],0.4542565812711856,0,False,False,,,False,
https://eda.rambler.ru/media/recepty/recepty-kulichey-na-pashu-ot-klassiki-do-bystryh-variantov,https://eda.rambler.ru/images/Article/480x480/dragocennye-skorlupki-kak-prigotovit-shokoladnye-pashalnye-yayca-doma_square.jpg,source:srcset,,47,,,eda.rambler.ru,dragocennye-skorlupki-kak-prigotovit-shokoladnye-pashalnye-yayca-doma_square.jpg,eda.rambler.ru_media_recepty_recepty-kulichey-na-pashu-ot-klassik_cand_000146,eda.rambler.ru_media_recepty_recepty-kulichey-na-pashu-ot-klassik,data\raw\eda.rambler.ru_media_recepty_recepty-kulichey-na-pashu-ot-klassik,eda.rambler.ru_media_recepty_recepty-kulichey-na-pashu-ot-klassik_cand_000146_fdc27fa0d5.jpg,data\raw\eda.rambler.ru_media_recepty_recepty-kulichey-na-pashu-ot-klassik\eda.rambler.ru_media_recepty_recepty-kulichey-na-pashu-ot-klassik_cand_000146_fdc27fa0d5.jpg,True,,True,480.0,480.0,JPEG,RGB,51421,230400.0,1.0,,True,,[],0.5211733865185568,1,False,True,semantic:https://eda.rambler.ru/images/article/dragocennye-skorlupki-kak-prigotovit-shokoladnye-pashalnye-yayca-doma_square,3,True,semantic_duplicate_removed
https://eda.rambler.ru/media/recepty/recepty-kulichey-na-pashu-ot-klassiki-do-bystryh-variantov,https://eda.rambler.ru/images/Article/640x640/dragocennye-skorlupki-kak-prigotovit-shokoladnye-pashalnye-yayca-doma_square.jpg,source:srcset,,47,,,eda.rambler.ru,dragocennye-skorlupki-kak-prigotovit-shokoladnye-pashalnye-yayca-doma_square.jpg,eda.rambler.ru_media_recepty_recepty-kulichey-na-pashu-ot-klassik_cand_000147,eda.rambler.ru_media_recepty_recepty-kulichey-na-pashu-ot-klassik,data\raw\eda.rambler.ru_media_recepty_recepty-kulichey-na-pashu-ot-klassik,eda.rambler.ru_media_recepty_recepty-kulichey-na-pashu-ot-klassik_cand_000147_b65fc8d67f.jpg,data\raw\eda.rambler.ru_media_recepty_recepty-kulichey-na-pashu-ot-klassik\eda.rambler.ru_media_recepty_recepty-kulichey-na-pashu-ot-klassik_cand_000147_b65fc8d67f.jpg,True,,True,640.0,640.0,JPEG,RGB,85389,409600.0,1.0,,True,,[],0.4834918843354356,0,False,False,,,False,
https://eda.rambler.ru/media/recepty/recepty-kulichey-na-pashu-ot-klassiki-do-bystryh-variantov,https://eda.rambler.ru/images/Article/320x320/petuhi-i-matreshki-gde-pokupat-i-skolko-stoyat-samye-krasivye-kulichi-na-pashu-2026_square.webp,source:srcset,,48,,,eda.rambler.ru,petuhi-i-matreshki-gde-pokupat-i-skolko-stoyat-samye-krasivye-kulichi-na-pashu-2026_square.webp,eda.rambler.ru_media_recepty_recepty-kulichey-na-pashu-ot-klassik_cand_000148,eda.rambler.ru_media_recepty_recepty-kulichey-na-pashu-ot-klassik,data\raw\eda.rambler.ru_media_recepty_recepty-kulichey-na-pashu-ot-klassik,eda.rambler.ru_media_recepty_recepty-kulichey-na-pashu-ot-klassik_cand_000148_9c77047874.webp,data\raw\eda.rambler.ru_media_recepty_recepty-kulichey-na-pashu-ot-klassik\eda.rambler.ru_media_recepty_recepty-kulichey-na-pashu-ot-klassik_cand_000148_9c77047874.webp,True,,True,320.0,320.0,WEBP,RGB,23572,102400.0,1.0,,True,,[],0.5722328523718737,1,False,True,semantic:https://eda.rambler.ru/images/article/petuhi-i-matreshki-gde-pokupat-i-skolko-stoyat-samye-krasivye-kulichi-na-pashu-2026_square,2,True,semantic_duplicate_removed
https://eda.rambler.ru/media/recepty/recepty-kulichey-na-pashu-ot-klassiki-do-bystryh-variantov,https://eda.rambler.ru/images/Article/480x480/petuhi-i-matreshki-gde-pokupat-i-skolko-stoyat-samye-krasivye-kulichi-na-pashu-2026_square.webp,source:srcset,,48,,,eda.rambler.ru,petuhi-i-matreshki-gde-pokupat-i-skolko-stoyat-samye-krasivye-kulichi-na-pashu-2026_square.webp,eda.rambler.ru_media_recepty_recepty-kulichey-na-pashu-ot-klassik_cand_000149,eda.rambler.ru_media_recepty_recepty-kulichey-na-pashu-ot-klassik,data\raw\eda.rambler.ru_media_recepty_recepty-kulichey-na-pashu-ot-klassik,eda.rambler.ru_media_recepty_recepty-kulichey-na-pashu-ot-klassik_cand_000149_471aa46a64.webp,data\raw\eda.rambler.ru_media_recepty_recepty-kulichey-na-pashu-ot-klassik\eda.rambler.ru_media_recepty_recepty-kulichey-na-pashu-ot-klassik_cand_000149_471aa46a64.webp,True,,True,480.0,480.0,WEBP,RGB,45634,230400.0,1.0,,True,,[],0.5314048089407096,1,False,True,semantic:https://eda.rambler.ru/images/article/petuhi-i-matreshki-gde-pokupat-i-skolko-stoyat-samye-krasivye-kulichi-na-pashu-2026_square,4,True,semantic_duplicate_removed
https://eda.rambler.ru/media/recepty/recepty-kulichey-na-pashu-ot-klassiki-do-bystryh-variantov,https://eda.rambler.ru/images/Article/640x640/petuhi-i-matreshki-gde-pokupat-i-skolko-stoyat-samye-krasivye-kulichi-na-pashu-2026_square.webp,source:srcset,,48,,,eda.rambler.ru,petuhi-i-matreshki-gde-pokupat-i-skolko-stoyat-samye-krasivye-kulichi-na-pashu-2026_square.webp,eda.rambler.ru_media_recepty_recepty-kulichey-na-pashu-ot-klassik_cand_000150,eda.rambler.ru_media_recepty_recepty-kulichey-na-pashu-ot-klassik,data\raw\eda.rambler.ru_media_recepty_recepty-kulichey-na-pashu-ot-klassik,eda.rambler.ru_media_recepty_recepty-kulichey-na-pashu-ot-klassik_cand_000150_8c90190a78.webp,data\raw\eda.rambler.ru_media_recepty_recepty-kulichey-na-pashu-ot-klassik\eda.rambler.ru_media_recepty_recepty-kulichey-na-pashu-ot-klassik_cand_000150_8c90190a78.webp,True,,True,640.0,640.0,WEBP,RGB,70924,409600.0,1.0,,True,,[],0.4903014424981775,1,False,True,semantic:https://eda.rambler.ru/images/article/petuhi-i-matreshki-gde-pokupat-i-skolko-stoyat-samye-krasivye-kulichi-na-pashu-2026_square,6,True,semantic_duplicate_removed
https://eda.rambler.ru/media/recepty/recepty-kulichey-na-pashu-ot-klassiki-do-bystryh-variantov,https://eda.rambler.ru/images/Article/480x480/petuhi-i-matreshki-gde-pokupat-i-skolko-stoyat-samye-krasivye-kulichi-na-pashu-2026_square.jpg,source:srcset,,49,,,eda.rambler.ru,petuhi-i-matreshki-gde-pokupat-i-skolko-stoyat-samye-krasivye-kulichi-na-pashu-2026_square.jpg,eda.rambler.ru_media_recepty_recepty-kulichey-na-pashu-ot-klassik_cand_000151,eda.rambler.ru_media_recepty_recepty-kulichey-na-pashu-ot-klassik,data\raw\eda.rambler.ru_media_recepty_recepty-kulichey-na-pashu-ot-klassik,eda.rambler.ru_media_recepty_recepty-kulichey-na-pashu-ot-klassik_cand_000151_7eacff80cb.jpg,data\raw\eda.rambler.ru_media_recepty_recepty-kulichey-na-pashu-ot-klassik\eda.rambler.ru_media_recepty_recepty-kulichey-na-pashu-ot-klassik_cand_000151_7eacff80cb.jpg,True,,True,480.0,480.0,JPEG,RGB,70785,230400.0,1.0,,True,,[],0.5527361116768142,1,False,True,semantic:https://eda.rambler.ru/images/article/petuhi-i-matreshki-gde-pokupat-i-skolko-stoyat-samye-krasivye-kulichi-na-pashu-2026_square,3,True,semantic_duplicate_removed
https://eda.rambler.ru/media/recepty/recepty-kulichey-na-pashu-ot-klassiki-do-bystryh-variantov,https://eda.rambler.ru/images/Article/640x640/petuhi-i-matreshki-gde-pokupat-i-skolko-stoyat-samye-krasivye-kulichi-na-pashu-2026_square.jpg,source:srcset,,49,,,eda.rambler.ru,petuhi-i-matreshki-gde-pokupat-i-skolko-stoyat-samye-krasivye-kulichi-na-pashu-2026_square.jpg,eda.rambler.ru_media_recepty_recepty-kulichey-na-pashu-ot-klassik_cand_000152,eda.rambler.ru_media_recepty_recepty-kulichey-na-pashu-ot-klassik,data\raw\eda.rambler.ru_media_recepty_recepty-kulichey-na-pashu-ot-klassik,eda.rambler.ru_media_recepty_recepty-kulichey-na-pashu-ot-klassik_cand_000152_2374d68288.jpg,data\raw\eda.rambler.ru_media_recepty_recepty-kulichey-na-pashu-ot-klassik\eda.rambler.ru_media_recepty_recepty-kulichey-na-pashu-ot-klassik_cand_000152_2374d68288.jpg,True,,True,640.0,640.0,JPEG,RGB,112073,409600.0,1.0,,True,,[],0.5181314299511265,1,False,True,semantic:https://eda.rambler.ru/images/article/petuhi-i-matreshki-gde-pokupat-i-skolko-stoyat-samye-krasivye-kulichi-na-pashu-2026_square,5,True,semantic_duplicate_removed
https://eda.rambler.ru/media/recepty/recepty-kulichey-na-pashu-ot-klassiki-do-bystryh-variantov,https://eda.rambler.ru/images/Article/320x320/kto-ty-na-pashu-psihotest_square.webp,source:srcset,,50,,,eda.rambler.ru,kto-ty-na-pashu-psihotest_square.webp,eda.rambler.ru_media_recepty_recepty-kulichey-na-pashu-ot-klassik_cand_000153,eda.rambler.ru_media_recepty_recepty-kulichey-na-pashu-ot-klassik,data\raw\eda.rambler.ru_media_recepty_recepty-kulichey-na-pashu-ot-klassik,eda.rambler.ru_media_recepty_recepty-kulichey-na-pashu-ot-klassik_cand_000153_ad33640a49.webp,data\raw\eda.rambler.ru_media_recepty_recepty-kulichey-na-pashu-ot-klassik\eda.rambler.ru_media_recepty_recepty-kulichey-na-pashu-ot-klassik_cand_000153_ad33640a49.webp,True,,True,320.0,320.0,WEBP,RGB,17008,102400.0,1.0,,True,,[],0.4705008379434073,0,False,False,,,False,
https://eda.rambler.ru/media/recepty/recepty-kulichey-na-pashu-ot-klassiki-do-bystryh-variantov,https://eda.rambler.ru/images/Article/480x480/kto-ty-na-pashu-psihotest_square.webp,source:srcset,,50,,,eda.rambler.ru,kto-ty-na-pashu-psihotest_square.webp,eda.rambler.ru_media_recepty_recepty-kulichey-na-pashu-ot-klassik_cand_000154,eda.rambler.ru_media_recepty_recepty-kulichey-na-pashu-ot-klassik,data\raw\eda.rambler.ru_media_recepty_recepty-kulichey-na-pashu-ot-klassik,eda.rambler.ru_media_recepty_recepty-kulichey-na-pashu-ot-klassik_cand_000154_1bc33d474c.webp,data\raw\eda.rambler.ru_media_recepty_recepty-kulichey-na-pashu-ot-klassik\eda.rambler.ru_media_recepty_recepty-kulichey-na-pashu-ot-klassik_cand_000154_1bc33d474c.webp,True,,True,480.0,480.0,WEBP,RGB,27864,230400.0,1.0,,True,,[],0.42528507113372416,0,False,False,,,False,
https://eda.rambler.ru/media/recepty/recepty-kulichey-na-pashu-ot-klassiki-do-bystryh-variantov,https://eda.rambler.ru/images/Article/640x640/kto-ty-na-pashu-psihotest_square.webp,source:srcset,,50,,,eda.rambler.ru,kto-ty-na-pashu-psihotest_square.webp,eda.rambler.ru_media_recepty_recepty-kulichey-na-pashu-ot-klassik_cand_000155,eda.rambler.ru_media_recepty_recepty-kulichey-na-pashu-ot-klassik,data\raw\eda.rambler.ru_media_recepty_recepty-kulichey-na-pashu-ot-klassik,eda.rambler.ru_media_recepty_recepty-kulichey-na-pashu-ot-klassik_cand_000155_da06f30d07.webp,data\raw\eda.rambler.ru_media_recepty_recepty-kulichey-na-pashu-ot-klassik\eda.rambler.ru_media_recepty_recepty-kulichey-na-pashu-ot-klassik_cand_000155_da06f30d07.webp,True,,True,640.0,640.0,WEBP,RGB,42672,409600.0,1.0,,True,,[],0.3816981020688812,0,False,False,,,False,
https://eda.rambler.ru/media/recepty/recepty-kulichey-na-pashu-ot-klassiki-do-bystryh-variantov,https://eda.rambler.ru/images/Article/480x480/kto-ty-na-pashu-psihotest_square.jpg,source:srcset,,51,,,eda.rambler.ru,kto-ty-na-pashu-psihotest_square.jpg,eda.rambler.ru_media_recepty_recepty-kulichey-na-pashu-ot-klassik_cand_000156,eda.rambler.ru_media_recepty_recepty-kulichey-na-pashu-ot-klassik,data\raw\eda.rambler.ru_media_recepty_recepty-kulichey-na-pashu-ot-klassik,eda.rambler.ru_media_recepty_recepty-kulichey-na-pashu-ot-klassik_cand_000156_40c78a39fa.jpg,data\raw\eda.rambler.ru_media_recepty_recepty-kulichey-na-pashu-ot-klassik\eda.rambler.ru_media_recepty_recepty-kulichey-na-pashu-ot-klassik_cand_000156_40c78a39fa.jpg,True,,True,480.0,480.0,JPEG,RGB,65562,230400.0,1.0,,True,,[],0.4513447030240552,0,False,False,,,False,
https://eda.rambler.ru/media/recepty/recepty-kulichey-na-pashu-ot-klassiki-do-bystryh-variantov,https://eda.rambler.ru/images/Article/640x640/kto-ty-na-pashu-psihotest_square.jpg,source:srcset,,51,,,eda.rambler.ru,kto-ty-na-pashu-psihotest_square.jpg,eda.rambler.ru_media_recepty_recepty-kulichey-na-pashu-ot-klassik_cand_000157,eda.rambler.ru_media_recepty_recepty-kulichey-na-pashu-ot-klassik,data\raw\eda.rambler.ru_media_recepty_recepty-kulichey-na-pashu-ot-klassik,eda.rambler.ru_media_recepty_recepty-kulichey-na-pashu-ot-klassik_cand_000157_4d6ad4e59c.jpg,data\raw\eda.rambler.ru_media_recepty_recepty-kulichey-na-pashu-ot-klassik\eda.rambler.ru_media_recepty_recepty-kulichey-na-pashu-ot-klassik_cand_000157_4d6ad4e59c.jpg,True,,True,640.0,640.0,JPEG,RGB,108215,409600.0,1.0,,True,,[],0.41769438906312284,0,False,False,,,False,
https://eda.rambler.ru/media/recepty/recepty-kulichey-na-pashu-ot-klassiki-do-bystryh-variantov,https://eda.rambler.ru/images/Article/320x320/baranya-noga-v-duhovke_square.webp,source:srcset,,52,,,eda.rambler.ru,baranya-noga-v-duhovke_square.webp,eda.rambler.ru_media_recepty_recepty-kulichey-na-pashu-ot-klassik_cand_000158,eda.rambler.ru_media_recepty_recepty-kulichey-na-pashu-ot-klassik,data\raw\eda.rambler.ru_media_recepty_recepty-kulichey-na-pashu-ot-klassik,eda.rambler.ru_media_recepty_recepty-kulichey-na-pashu-ot-klassik_cand_000158_5e1f934b22.webp,data\raw\eda.rambler.ru_media_recepty_recepty-kulichey-na-pashu-ot-klassik\eda.rambler.ru_media_recepty_recepty-kulichey-na-pashu-ot-klassik_cand_000158_5e1f934b22.webp,True,,True,320.0,320.0,WEBP,RGB,25696,102400.0,1.0,,True,,[],0.46880161453197894,0,False,False,,,False,
https://eda.rambler.ru/media/recepty/recepty-kulichey-na-pashu-ot-klassiki-do-bystryh-variantov,https://eda.rambler.ru/images/Article/480x480/baranya-noga-v-duhovke_square.webp,source:srcset,,52,,,eda.rambler.ru,baranya-noga-v-duhovke_square.webp,eda.rambler.ru_media_recepty_recepty-kulichey-na-pashu-ot-klassik_cand_000159,eda.rambler.ru_media_recepty_recepty-kulichey-na-pashu-ot-klassik,data\raw\eda.rambler.ru_media_recepty_recepty-kulichey-na-pashu-ot-klassik,eda.rambler.ru_media_recepty_recepty-kulichey-na-pashu-ot-klassik_cand_000159_041ac1467d.webp,data\raw\eda.rambler.ru_media_recepty_recepty-kulichey-na-pashu-ot-klassik\eda.rambler.ru_media_recepty_recepty-kulichey-na-pashu-ot-klassik_cand_000159_041ac1467d.webp,True,,True,480.0,480.0,WEBP,RGB,47130,230400.0,1.0,,True,,[],0.42772590078776596,0,False,False,,,False,
https://eda.rambler.ru/media/recepty/recepty-kulichey-na-pashu-ot-klassiki-do-bystryh-variantov,https://eda.rambler.ru/images/Article/640x640/baranya-noga-v-duhovke_square.webp,source:srcset,,52,,,eda.rambler.ru,baranya-noga-v-duhovke_square.webp,eda.rambler.ru_media_recepty_recepty-kulichey-na-pashu-ot-klassik_cand_000160,eda.rambler.ru_media_recepty_recepty-kulichey-na-pashu-ot-klassik,data\raw\eda.rambler.ru_media_recepty_recepty-kulichey-na-pashu-ot-klassik,eda.rambler.ru_media_recepty_recepty-kulichey-na-pashu-ot-klassik_cand_000160_10dacf82cc.webp,data\raw\eda.rambler.ru_media_recepty_recepty-kulichey-na-pashu-ot-klassik\eda.rambler.ru_media_recepty_recepty-kulichey-na-pashu-ot-klassik_cand_000160_10dacf82cc.webp,True,,True,640.0,640.0,WEBP,RGB,72912,409600.0,1.0,,True,,[],0.3881873618839618,0,False,False,,,False,
https://eda.rambler.ru/media/recepty/recepty-kulichey-na-pashu-ot-klassiki-do-bystryh-variantov,https://eda.rambler.ru/images/Article/480x480/baranya-noga-v-duhovke_square.jpg,source:srcset,,53,,,eda.rambler.ru,baranya-noga-v-duhovke_square.jpg,eda.rambler.ru_media_recepty_recepty-kulichey-na-pashu-ot-klassik_cand_000161,eda.rambler.ru_media_recepty_recepty-kulichey-na-pashu-ot-klassik,data\raw\eda.rambler.ru_media_recepty_recepty-kulichey-na-pashu-ot-klassik,eda.rambler.ru_media_recepty_recepty-kulichey-na-pashu-ot-klassik_cand_000161_5ffc164ec5.jpg,data\raw\eda.rambler.ru_media_recepty_recepty-kulichey-na-pashu-ot-klassik\eda.rambler.ru_media_recepty_recepty-kulichey-na-pashu-ot-klassik_cand_000161_5ffc164ec5.jpg,True,,True,480.0,480.0,JPEG,RGB,92259,230400.0,1.0,,True,,[],0.45674403685316023,0,False,False,,,False,
https://eda.rambler.ru/media/recepty/recepty-kulichey-na-pashu-ot-klassiki-do-bystryh-variantov,https://eda.rambler.ru/images/Article/640x640/baranya-noga-v-duhovke_square.jpg,source:srcset,,53,,,eda.rambler.ru,baranya-noga-v-duhovke_square.jpg,eda.rambler.ru_media_recepty_recepty-kulichey-na-pashu-ot-klassik_cand_000162,eda.rambler.ru_media_recepty_recepty-kulichey-na-pashu-ot-klassik,data\raw\eda.rambler.ru_media_recepty_recepty-kulichey-na-pashu-ot-klassik,eda.rambler.ru_media_recepty_recepty-kulichey-na-pashu-ot-klassik_cand_000162_24147b3224.jpg,data\raw\eda.rambler.ru_media_recepty_recepty-kulichey-na-pashu-ot-klassik\eda.rambler.ru_media_recepty_recepty-kulichey-na-pashu-ot-klassik_cand_000162_24147b3224.jpg,True,,True,640.0,640.0,JPEG,RGB,145798,409600.0,1.0,,True,,[],0.4272270839482259,0,False,False,,,False,
https://eda.rambler.ru/media/recepty/recepty-kulichey-na-pashu-ot-klassiki-do-bystryh-variantov,https://eda.rambler.ru/images/Article/320x320/chto-gotovit-na-pashu_square.webp,source:srcset,,54,,,eda.rambler.ru,chto-gotovit-na-pashu_square.webp,eda.rambler.ru_media_recepty_recepty-kulichey-na-pashu-ot-klassik_cand_000163,eda.rambler.ru_media_recepty_recepty-kulichey-na-pashu-ot-klassik,data\raw\eda.rambler.ru_media_recepty_recepty-kulichey-na-pashu-ot-klassik,eda.rambler.ru_media_recepty_recepty-kulichey-na-pashu-ot-klassik_cand_000163_d81ae54123.webp,data\raw\eda.rambler.ru_media_recepty_recepty-kulichey-na-pashu-ot-klassik\eda.rambler.ru_media_recepty_recepty-kulichey-na-pashu-ot-klassik_cand_000163_d81ae54123.webp,True,,True,320.0,320.0,WEBP,RGB,28176,102400.0,1.0,,True,,[],0.4680708530251104,0,False,False,,,False,
https://eda.rambler.ru/media/recepty/recepty-kulichey-na-pashu-ot-klassiki-do-bystryh-variantov,https://eda.rambler.ru/images/Article/480x480/chto-gotovit-na-pashu_square.webp,source:srcset,,54,,,eda.rambler.ru,chto-gotovit-na-pashu_square.webp,eda.rambler.ru_media_recepty_recepty-kulichey-na-pashu-ot-klassik_cand_000164,eda.rambler.ru_media_recepty_recepty-kulichey-na-pashu-ot-klassik,data\raw\eda.rambler.ru_media_recepty_recepty-kulichey-na-pashu-ot-klassik,eda.rambler.ru_media_recepty_recepty-kulichey-na-pashu-ot-klassik_cand_000164_7f66e49bbc.webp,data\raw\eda.rambler.ru_media_recepty_recepty-kulichey-na-pashu-ot-klassik\eda.rambler.ru_media_recepty_recepty-kulichey-na-pashu-ot-klassik_cand_000164_7f66e49bbc.webp,True,,True,480.0,480.0,WEBP,RGB,52988,230400.0,1.0,,True,,[],0.42832093819530564,0,False,False,,,False,
https://eda.rambler.ru/media/recepty/recepty-kulichey-na-pashu-ot-klassiki-do-bystryh-variantov,https://eda.rambler.ru/images/Article/640x640/chto-gotovit-na-pashu_square.webp,source:srcset,,54,,,eda.rambler.ru,chto-gotovit-na-pashu_square.webp,eda.rambler.ru_media_recepty_recepty-kulichey-na-pashu-ot-klassik_cand_000165,eda.rambler.ru_media_recepty_recepty-kulichey-na-pashu-ot-klassik,data\raw\eda.rambler.ru_media_recepty_recepty-kulichey-na-pashu-ot-klassik,eda.rambler.ru_media_recepty_recepty-kulichey-na-pashu-ot-klassik_cand_000165_70805a8766.webp,data\raw\eda.rambler.ru_media_recepty_recepty-kulichey-na-pashu-ot-klassik\eda.rambler.ru_media_recepty_recepty-kulichey-na-pashu-ot-klassik_cand_000165_70805a8766.webp,True,,True,640.0,640.0,WEBP,RGB,84090,409600.0,1.0,,True,,[],0.3907745187486727,0,False,False,,,False,
https://eda.rambler.ru/media/recepty/recepty-kulichey-na-pashu-ot-klassiki-do-bystryh-variantov,https://eda.rambler.ru/images/Article/480x480/chto-gotovit-na-pashu_square.jpg,source:srcset,,55,,,eda.rambler.ru,chto-gotovit-na-pashu_square.jpg,eda.rambler.ru_media_recepty_recepty-kulichey-na-pashu-ot-klassik_cand_000166,eda.rambler.ru_media_recepty_recepty-kulichey-na-pashu-ot-klassik,data\raw\eda.rambler.ru_media_recepty_recepty-kulichey-na-pashu-ot-klassik,eda.rambler.ru_media_recepty_recepty-kulichey-na-pashu-ot-klassik_cand_000166_a6be8b5c00.jpg,data\raw\eda.rambler.ru_media_recepty_recepty-kulichey-na-pashu-ot-klassik\eda.rambler.ru_media_recepty_recepty-kulichey-na-pashu-ot-klassik_cand_000166_a6be8b5c00.jpg,True,,True,480.0,480.0,JPEG,RGB,101884,230400.0,1.0,,True,,[],0.4588324472755835,0,False,False,,,False,
https://eda.rambler.ru/media/recepty/recepty-kulichey-na-pashu-ot-klassiki-do-bystryh-variantov,https://eda.rambler.ru/images/Article/640x640/chto-gotovit-na-pashu_square.jpg,source:srcset,,55,,,eda.rambler.ru,chto-gotovit-na-pashu_square.jpg,eda.rambler.ru_media_recepty_recepty-kulichey-na-pashu-ot-klassik_cand_000167,eda.rambler.ru_media_recepty_recepty-kulichey-na-pashu-ot-klassik,data\raw\eda.rambler.ru_media_recepty_recepty-kulichey-na-pashu-ot-klassik,eda.rambler.ru_media_recepty_recepty-kulichey-na-pashu-ot-klassik_cand_000167_21b8da8baf.jpg,data\raw\eda.rambler.ru_media_recepty_recepty-kulichey-na-pashu-ot-klassik\eda.rambler.ru_media_recepty_recepty-kulichey-na-pashu-ot-klassik_cand_000167_21b8da8baf.jpg,True,,True,640.0,640.0,JPEG,RGB,164800,409600.0,1.0,,True,,[],0.43293984722610257,0,False,False,,,False,
https://eda.rambler.ru/media/recepty/recepty-kulichey-na-pashu-ot-klassiki-do-bystryh-variantov,https://eda.rambler.ru/images/Article/320x320/kak-vybirat-yayca-na-pashu_square.webp,source:srcset,,56,,,eda.rambler.ru,kak-vybirat-yayca-na-pashu_square.webp,eda.rambler.ru_media_recepty_recepty-kulichey-na-pashu-ot-klassik_cand_000168,eda.rambler.ru_media_recepty_recepty-kulichey-na-pashu-ot-klassik,data\raw\eda.rambler.ru_media_recepty_recepty-kulichey-na-pashu-ot-klassik,eda.rambler.ru_media_recepty_recepty-kulichey-na-pashu-ot-klassik_cand_000168_1e802c7b7e.webp,data\raw\eda.rambler.ru_media_recepty_recepty-kulichey-na-pashu-ot-klassik\eda.rambler.ru_media_recepty_recepty-kulichey-na-pashu-ot-klassik_cand_000168_1e802c7b7e.webp,True,,True,320.0,320.0,WEBP,RGB,10144,102400.0,1.0,,True,,[],0.46949737890828375,0,False,False,,,False,
https://eda.rambler.ru/media/recepty/recepty-kulichey-na-pashu-ot-klassiki-do-bystryh-variantov,https://eda.rambler.ru/images/Article/480x480/kak-vybirat-yayca-na-pashu_square.webp,source:srcset,,56,,,eda.rambler.ru,kak-vybirat-yayca-na-pashu_square.webp,eda.rambler.ru_media_recepty_recepty-kulichey-na-pashu-ot-klassik_cand_000169,eda.rambler.ru_media_recepty_recepty-kulichey-na-pashu-ot-klassik,data\raw\eda.rambler.ru_media_recepty_recepty-kulichey-na-pashu-ot-klassik,eda.rambler.ru_media_recepty_recepty-kulichey-na-pashu-ot-klassik_cand_000169_55ea7ab8d1.webp,data\raw\eda.rambler.ru_media_recepty_recepty-kulichey-na-pashu-ot-klassik\eda.rambler.ru_media_recepty_recepty-kulichey-na-pashu-ot-klassik_cand_000169_55ea7ab8d1.webp,True,,True,480.0,480.0,WEBP,RGB,17742,230400.0,1.0,,True,,[],0.4230372559178614,0,False,False,,,False,
https://eda.rambler.ru/media/recepty/recepty-kulichey-na-pashu-ot-klassiki-do-bystryh-variantov,https://eda.rambler.ru/images/Article/640x640/kak-vybirat-yayca-na-pashu_square.webp,source:srcset,,56,,,eda.rambler.ru,kak-vybirat-yayca-na-pashu_square.webp,eda.rambler.ru_media_recepty_recepty-kulichey-na-pashu-ot-klassik_cand_000170,eda.rambler.ru_media_recepty_recepty-kulichey-na-pashu-ot-klassik,data\raw\eda.rambler.ru_media_recepty_recepty-kulichey-na-pashu-ot-klassik,eda.rambler.ru_media_recepty_recepty-kulichey-na-pashu-ot-klassik_cand_000170_d2a316f573.webp,data\raw\eda.rambler.ru_media_recepty_recepty-kulichey-na-pashu-ot-klassik\eda.rambler.ru_media_recepty_recepty-kulichey-na-pashu-ot-klassik_cand_000170_d2a316f573.webp,True,,True,640.0,640.0,WEBP,RGB,26844,409600.0,1.0,,True,,[],0.3773967000875877,0,False,False,,,False,
https://eda.rambler.ru/media/recepty/recepty-kulichey-na-pashu-ot-klassiki-do-bystryh-variantov,https://eda.rambler.ru/images/Article/480x480/kak-vybirat-yayca-na-pashu_square.jpg,source:srcset,,57,,,eda.rambler.ru,kak-vybirat-yayca-na-pashu_square.jpg,eda.rambler.ru_media_recepty_recepty-kulichey-na-pashu-ot-klassik_cand_000171,eda.rambler.ru_media_recepty_recepty-kulichey-na-pashu-ot-klassik,data\raw\eda.rambler.ru_media_recepty_recepty-kulichey-na-pashu-ot-klassik,eda.rambler.ru_media_recepty_recepty-kulichey-na-pashu-ot-klassik_cand_000171_f407ad72c6.jpg,data\raw\eda.rambler.ru_media_recepty_recepty-kulichey-na-pashu-ot-klassik\eda.rambler.ru_media_recepty_recepty-kulichey-na-pashu-ot-klassik_cand_000171_f407ad72c6.jpg,True,,True,480.0,480.0,JPEG,RGB,51422,230400.0,1.0,,True,,[],0.44748840724316474,0,False,False,,,False,
https://eda.rambler.ru/media/recepty/recepty-kulichey-na-pashu-ot-klassiki-do-bystryh-variantov,https://eda.rambler.ru/images/Article/640x640/kak-vybirat-yayca-na-pashu_square.jpg,source:srcset,,57,,,eda.rambler.ru,kak-vybirat-yayca-na-pashu_square.jpg,eda.rambler.ru_media_recepty_recepty-kulichey-na-pashu-ot-klassik_cand_000172,eda.rambler.ru_media_recepty_recepty-kulichey-na-pashu-ot-klassik,data\raw\eda.rambler.ru_media_recepty_recepty-kulichey-na-pashu-ot-klassik,eda.rambler.ru_media_recepty_recepty-kulichey-na-pashu-ot-klassik_cand_000172_b8eff2aa47.jpg,data\raw\eda.rambler.ru_media_recepty_recepty-kulichey-na-pashu-ot-klassik\eda.rambler.ru_media_recepty_recepty-kulichey-na-pashu-ot-klassik_cand_000172_b8eff2aa47.jpg,True,,True,640.0,640.0,JPEG,RGB,80849,409600.0,1.0,,True,,[],0.4088220911148376,0,False,False,,,False,
https://eda.rambler.ru/media/recepty/recepty-kulichey-na-pashu-ot-klassiki-do-bystryh-variantov,https://eda.rambler.ru/images/Article/320x320/chto-prigotovit-na-pashu-vmesto-kulicha_square.webp,source:srcset,,58,,,eda.rambler.ru,chto-prigotovit-na-pashu-vmesto-kulicha_square.webp,eda.rambler.ru_media_recepty_recepty-kulichey-na-pashu-ot-klassik_cand_000173,eda.rambler.ru_media_recepty_recepty-kulichey-na-pashu-ot-klassik,data\raw\eda.rambler.ru_media_recepty_recepty-kulichey-na-pashu-ot-klassik,eda.rambler.ru_media_recepty_recepty-kulichey-na-pashu-ot-klassik_cand_000173_61db080dfd.webp,data\raw\eda.rambler.ru_media_recepty_recepty-kulichey-na-pashu-ot-klassik\eda.rambler.ru_media_recepty_recepty-kulichey-na-pashu-ot-klassik_cand_000173_61db080dfd.webp,True,,True,320.0,320.0,WEBP,RGB,25168,102400.0,1.0,,True,,[],0.4977646651566832,1,False,True,semantic:https://eda.rambler.ru/images/article/chto-prigotovit-na-pashu-vmesto-kulicha_square,2,True,semantic_duplicate_removed
https://eda.rambler.ru/media/recepty/recepty-kulichey-na-pashu-ot-klassiki-do-bystryh-variantov,https://eda.rambler.ru/images/Article/480x480/chto-prigotovit-na-pashu-vmesto-kulicha_square.webp,source:srcset,,58,,,eda.rambler.ru,chto-prigotovit-na-pashu-vmesto-kulicha_square.webp,eda.rambler.ru_media_recepty_recepty-kulichey-na-pashu-ot-klassik_cand_000174,eda.rambler.ru_media_recepty_recepty-kulichey-na-pashu-ot-klassik,data\raw\eda.rambler.ru_media_recepty_recepty-kulichey-na-pashu-ot-klassik,eda.rambler.ru_media_recepty_recepty-kulichey-na-pashu-ot-klassik_cand_000174_1810cba9a8.webp,data\raw\eda.rambler.ru_media_recepty_recepty-kulichey-na-pashu-ot-klassik\eda.rambler.ru_media_recepty_recepty-kulichey-na-pashu-ot-klassik_cand_000174_1810cba9a8.webp,True,,True,480.0,480.0,WEBP,RGB,50682,230400.0,1.0,,True,,[],0.45793944004204157,0,False,False,,,False,
https://eda.rambler.ru/media/recepty/recepty-kulichey-na-pashu-ot-klassiki-do-bystryh-variantov,https://eda.rambler.ru/images/Article/640x640/chto-prigotovit-na-pashu-vmesto-kulicha_square.webp,source:srcset,,58,,,eda.rambler.ru,chto-prigotovit-na-pashu-vmesto-kulicha_square.webp,eda.rambler.ru_media_recepty_recepty-kulichey-na-pashu-ot-klassik_cand_000175,eda.rambler.ru_media_recepty_recepty-kulichey-na-pashu-ot-klassik,data\raw\eda.rambler.ru_media_recepty_recepty-kulichey-na-pashu-ot-klassik,eda.rambler.ru_media_recepty_recepty-kulichey-na-pashu-ot-klassik_cand_000175_aad7609e5e.webp,data\raw\eda.rambler.ru_media_recepty_recepty-kulichey-na-pashu-ot-klassik\eda.rambler.ru_media_recepty_recepty-kulichey-na-pashu-ot-klassik_cand_000175_aad7609e5e.webp,True,,True,640.0,640.0,WEBP,RGB,80218,409600.0,1.0,,True,,[],0.41909714447969815,0,False,False,,,False,
https://eda.rambler.ru/media/recepty/recepty-kulichey-na-pashu-ot-klassiki-do-bystryh-variantov,https://eda.rambler.ru/images/Article/480x480/chto-prigotovit-na-pashu-vmesto-kulicha_square.jpg,source:srcset,,59,,,eda.rambler.ru,chto-prigotovit-na-pashu-vmesto-kulicha_square.jpg,eda.rambler.ru_media_recepty_recepty-kulichey-na-pashu-ot-klassik_cand_000176,eda.rambler.ru_media_recepty_recepty-kulichey-na-pashu-ot-klassik,data\raw\eda.rambler.ru_media_recepty_recepty-kulichey-na-pashu-ot-klassik,eda.rambler.ru_media_recepty_recepty-kulichey-na-pashu-ot-klassik_cand_000176_dc1b490000.jpg,data\raw\eda.rambler.ru_media_recepty_recepty-kulichey-na-pashu-ot-klassik\eda.rambler.ru_media_recepty_recepty-kulichey-na-pashu-ot-klassik_cand_000176_dc1b490000.jpg,True,,True,480.0,480.0,JPEG,RGB,96671,230400.0,1.0,,True,,[],0.48760333981273674,0,False,False,,,False,
https://eda.rambler.ru/media/recepty/recepty-kulichey-na-pashu-ot-klassiki-do-bystryh-variantov,https://eda.rambler.ru/images/Article/640x640/chto-prigotovit-na-pashu-vmesto-kulicha_square.jpg,source:srcset,,59,,,eda.rambler.ru,chto-prigotovit-na-pashu-vmesto-kulicha_square.jpg,eda.rambler.ru_media_recepty_recepty-kulichey-na-pashu-ot-klassik_cand_000177,eda.rambler.ru_media_recepty_recepty-kulichey-na-pashu-ot-klassik,data\raw\eda.rambler.ru_media_recepty_recepty-kulichey-na-pashu-ot-klassik,eda.rambler.ru_media_recepty_recepty-kulichey-na-pashu-ot-klassik_cand_000177_ea8cdcc411.jpg,data\raw\eda.rambler.ru_media_recepty_recepty-kulichey-na-pashu-ot-klassik\eda.rambler.ru_media_recepty_recepty-kulichey-na-pashu-ot-klassik_cand_000177_ea8cdcc411.jpg,True,,True,640.0,640.0,JPEG,RGB,161384,409600.0,1.0,,True,,[],0.46218102189814764,0,False,False,,,False,
https://eda.rambler.ru/media/recepty/recepty-kulichey-na-pashu-ot-klassiki-do-bystryh-variantov,https://eda.rambler.ru/images/Article/320x320/kak-sdelat-kulich-za-20-minut_square.webp,source:srcset,,60,,,eda.rambler.ru,kak-sdelat-kulich-za-20-minut_square.webp,eda.rambler.ru_media_recepty_recepty-kulichey-na-pashu-ot-klassik_cand_000178,eda.rambler.ru_media_recepty_recepty-kulichey-na-pashu-ot-klassik,data\raw\eda.rambler.ru_media_recepty_recepty-kulichey-na-pashu-ot-klassik,eda.rambler.ru_media_recepty_recepty-kulichey-na-pashu-ot-klassik_cand_000178_9f6213eea3.webp,data\raw\eda.rambler.ru_media_recepty_recepty-kulichey-na-pashu-ot-klassik\eda.rambler.ru_media_recepty_recepty-kulichey-na-pashu-ot-klassik_cand_000178_9f6213eea3.webp,True,,True,320.0,320.0,WEBP,RGB,23080,102400.0,1.0,,True,,[],0.4797623440087172,0,False,False,,,False,
https://eda.rambler.ru/media/recepty/recepty-kulichey-na-pashu-ot-klassiki-do-bystryh-variantov,https://eda.rambler.ru/images/Article/480x480/kak-sdelat-kulich-za-20-minut_square.webp,source:srcset,,60,,,eda.rambler.ru,kak-sdelat-kulich-za-20-minut_square.webp,eda.rambler.ru_media_recepty_recepty-kulichey-na-pashu-ot-klassik_cand_000179,eda.rambler.ru_media_recepty_recepty-kulichey-na-pashu-ot-klassik,data\raw\eda.rambler.ru_media_recepty_recepty-kulichey-na-pashu-ot-klassik,eda.rambler.ru_media_recepty_recepty-kulichey-na-pashu-ot-klassik_cand_000179_07e0010a3c.webp,data\raw\eda.rambler.ru_media_recepty_recepty-kulichey-na-pashu-ot-klassik\eda.rambler.ru_media_recepty_recepty-kulichey-na-pashu-ot-klassik_cand_000179_07e0010a3c.webp,True,,True,480.0,480.0,WEBP,RGB,40894,230400.0,1.0,,True,,[],0.4371039045207083,0,False,False,,,False,
https://eda.rambler.ru/media/recepty/recepty-kulichey-na-pashu-ot-klassiki-do-bystryh-variantov,https://eda.rambler.ru/images/Article/640x640/kak-sdelat-kulich-za-20-minut_square.webp,source:srcset,,60,,,eda.rambler.ru,kak-sdelat-kulich-za-20-minut_square.webp,eda.rambler.ru_media_recepty_recepty-kulichey-na-pashu-ot-klassik_cand_000180,eda.rambler.ru_media_recepty_recepty-kulichey-na-pashu-ot-klassik,data\raw\eda.rambler.ru_media_recepty_recepty-kulichey-na-pashu-ot-klassik,eda.rambler.ru_media_recepty_recepty-kulichey-na-pashu-ot-klassik_cand_000180_8082f25534.webp,data\raw\eda.rambler.ru_media_recepty_recepty-kulichey-na-pashu-ot-klassik\eda.rambler.ru_media_recepty_recepty-kulichey-na-pashu-ot-klassik_cand_000180_8082f25534.webp,True,,True,640.0,640.0,WEBP,RGB,65372,409600.0,1.0,,True,,[],0.3968044780548065,0,False,False,,,False,
https://eda.rambler.ru/media/recepty/recepty-kulichey-na-pashu-ot-klassiki-do-bystryh-variantov,https://eda.rambler.ru/images/Article/480x480/kak-sdelat-kulich-za-20-minut_square.jpg,source:srcset,,61,,,eda.rambler.ru,kak-sdelat-kulich-za-20-minut_square.jpg,eda.rambler.ru_media_recepty_recepty-kulichey-na-pashu-ot-klassik_cand_000181,eda.rambler.ru_media_recepty_recepty-kulichey-na-pashu-ot-klassik,data\raw\eda.rambler.ru_media_recepty_recepty-kulichey-na-pashu-ot-klassik,eda.rambler.ru_media_recepty_recepty-kulichey-na-pashu-ot-klassik_cand_000181_966f4b5eba.jpg,data\raw\eda.rambler.ru_media_recepty_recepty-kulichey-na-pashu-ot-klassik\eda.rambler.ru_media_recepty_recepty-kulichey-na-pashu-ot-klassik_cand_000181_966f4b5eba.jpg,True,,True,480.0,480.0,JPEG,RGB,85374,230400.0,1.0,,True,,[],0.46598340798214677,0,False,False,,,False,
https://eda.rambler.ru/media/recepty/recepty-kulichey-na-pashu-ot-klassiki-do-bystryh-variantov,https://eda.rambler.ru/images/Article/640x640/kak-sdelat-kulich-za-20-minut_square.jpg,source:srcset,,61,,,eda.rambler.ru,kak-sdelat-kulich-za-20-minut_square.jpg,eda.rambler.ru_media_recepty_recepty-kulichey-na-pashu-ot-klassik_cand_000182,eda.rambler.ru_media_recepty_recepty-kulichey-na-pashu-ot-klassik,data\raw\eda.rambler.ru_media_recepty_recepty-kulichey-na-pashu-ot-klassik,eda.rambler.ru_media_recepty_recepty-kulichey-na-pashu-ot-klassik_cand_000182_5552ae8301.jpg,data\raw\eda.rambler.ru_media_recepty_recepty-kulichey-na-pashu-ot-klassik\eda.rambler.ru_media_recepty_recepty-kulichey-na-pashu-ot-klassik_cand_000182_5552ae8301.jpg,True,,True,640.0,640.0,JPEG,RGB,138462,409600.0,1.0,,True,,[],0.43617278376286994,0,False,False,,,False,
https://eda.rambler.ru/media/recepty/recepty-kulichey-na-pashu-ot-klassiki-do-bystryh-variantov,https://eda.rambler.ru/images/Article/320x320/sem-receptov-tvorozhnoy-pashi_square.webp,source:srcset,,62,,,eda.rambler.ru,sem-receptov-tvorozhnoy-pashi_square.webp,eda.rambler.ru_media_recepty_recepty-kulichey-na-pashu-ot-klassik_cand_000183,eda.rambler.ru_media_recepty_recepty-kulichey-na-pashu-ot-klassik,data\raw\eda.rambler.ru_media_recepty_recepty-kulichey-na-pashu-ot-klassik,eda.rambler.ru_media_recepty_recepty-kulichey-na-pashu-ot-klassik_cand_000183_bd11c7800f.webp,data\raw\eda.rambler.ru_media_recepty_recepty-kulichey-na-pashu-ot-klassik\eda.rambler.ru_media_recepty_recepty-kulichey-na-pashu-ot-klassik_cand_000183_bd11c7800f.webp,True,,True,320.0,320.0,WEBP,RGB,19288,102400.0,1.0,,True,,[],0.47825929549035673,0,False,False,,,False,
https://eda.rambler.ru/media/recepty/recepty-kulichey-na-pashu-ot-klassiki-do-bystryh-variantov,https://eda.rambler.ru/images/Article/480x480/sem-receptov-tvorozhnoy-pashi_square.webp,source:srcset,,62,,,eda.rambler.ru,sem-receptov-tvorozhnoy-pashi_square.webp,eda.rambler.ru_media_recepty_recepty-kulichey-na-pashu-ot-klassik_cand_000184,eda.rambler.ru_media_recepty_recepty-kulichey-na-pashu-ot-klassik,data\raw\eda.rambler.ru_media_recepty_recepty-kulichey-na-pashu-ot-klassik,eda.rambler.ru_media_recepty_recepty-kulichey-na-pashu-ot-klassik_cand_000184_baaa34a0ed.webp,data\raw\eda.rambler.ru_media_recepty_recepty-kulichey-na-pashu-ot-klassik\eda.rambler.ru_media_recepty_recepty-kulichey-na-pashu-ot-klassik_cand_000184_baaa34a0ed.webp,True,,True,480.0,480.0,WEBP,RGB,35198,230400.0,1.0,,True,,[],0.43487924339571576,0,False,False,,,False,
https://eda.rambler.ru/media/recepty/recepty-kulichey-na-pashu-ot-klassiki-do-bystryh-variantov,https://eda.rambler.ru/images/Article/640x640/sem-receptov-tvorozhnoy-pashi_square.webp,source:srcset,,62,,,eda.rambler.ru,sem-receptov-tvorozhnoy-pashi_square.webp,eda.rambler.ru_media_recepty_recepty-kulichey-na-pashu-ot-klassik_cand_000185,eda.rambler.ru_media_recepty_recepty-kulichey-na-pashu-ot-klassik,data\raw\eda.rambler.ru_media_recepty_recepty-kulichey-na-pashu-ot-klassik,eda.rambler.ru_media_recepty_recepty-kulichey-na-pashu-ot-klassik_cand_000185_e73ea9acdd.webp,data\raw\eda.rambler.ru_media_recepty_recepty-kulichey-na-pashu-ot-klassik\eda.rambler.ru_media_recepty_recepty-kulichey-na-pashu-ot-klassik_cand_000185_e73ea9acdd.webp,True,,True,640.0,640.0,WEBP,RGB,52284,409600.0,1.0,,True,,[],0.3918397817972135,0,False,False,,,False,
https://eda.rambler.ru/media/recepty/recepty-kulichey-na-pashu-ot-klassiki-do-bystryh-variantov,https://eda.rambler.ru/images/Article/480x480/sem-receptov-tvorozhnoy-pashi_square.jpg,source:srcset,,63,,,eda.rambler.ru,sem-receptov-tvorozhnoy-pashi_square.jpg,eda.rambler.ru_media_recepty_recepty-kulichey-na-pashu-ot-klassik_cand_000186,eda.rambler.ru_media_recepty_recepty-kulichey-na-pashu-ot-klassik,data\raw\eda.rambler.ru_media_recepty_recepty-kulichey-na-pashu-ot-klassik,eda.rambler.ru_media_recepty_recepty-kulichey-na-pashu-ot-klassik_cand_000186_e6c5af8e4c.jpg,data\raw\eda.rambler.ru_media_recepty_recepty-kulichey-na-pashu-ot-klassik\eda.rambler.ru_media_recepty_recepty-kulichey-na-pashu-ot-klassik_cand_000186_e6c5af8e4c.jpg,True,,True,480.0,480.0,JPEG,RGB,70661,230400.0,1.0,,True,,[],0.46017318802653195,0,False,False,,,False,
https://eda.rambler.ru/media/recepty/recepty-kulichey-na-pashu-ot-klassiki-do-bystryh-variantov,https://eda.rambler.ru/images/Article/640x640/sem-receptov-tvorozhnoy-pashi_square.jpg,source:srcset,,63,,,eda.rambler.ru,sem-receptov-tvorozhnoy-pashi_square.jpg,eda.rambler.ru_media_recepty_recepty-kulichey-na-pashu-ot-klassik_cand_000187,eda.rambler.ru_media_recepty_recepty-kulichey-na-pashu-ot-klassik,data\raw\eda.rambler.ru_media_recepty_recepty-kulichey-na-pashu-ot-klassik,eda.rambler.ru_media_recepty_recepty-kulichey-na-pashu-ot-klassik_cand_000187_e2aa18db90.jpg,data\raw\eda.rambler.ru_media_recepty_recepty-kulichey-na-pashu-ot-klassik\eda.rambler.ru_media_recepty_recepty-kulichey-na-pashu-ot-klassik_cand_000187_e2aa18db90.jpg,True,,True,640.0,640.0,JPEG,RGB,117160,409600.0,1.0,,True,,[],0.4278708787646644,0,False,False,,,False,
https://eda.rambler.ru/media/recepty/recepty-kulichey-na-pashu-ot-klassiki-do-bystryh-variantov,https://eda.rambler.ru/images/Article/320x320/shashlyk-iz-indeyki-legkaya-alternativa-svinine_square.webp,source:srcset,,64,,,eda.rambler.ru,shashlyk-iz-indeyki-legkaya-alternativa-svinine_square.webp,eda.rambler.ru_media_recepty_recepty-kulichey-na-pashu-ot-klassik_cand_000188,eda.rambler.ru_media_recepty_recepty-kulichey-na-pashu-ot-klassik,data\raw\eda.rambler.ru_media_recepty_recepty-kulichey-na-pashu-ot-klassik,eda.rambler.ru_media_recepty_recepty-kulichey-na-pashu-ot-klassik_cand_000188_02a7cb275d.webp,data\raw\eda.rambler.ru_media_recepty_recepty-kulichey-na-pashu-ot-klassik\eda.rambler.ru_media_recepty_recepty-kulichey-na-pashu-ot-klassik_cand_000188_02a7cb275d.webp,True,,True,320.0,320.0,WEBP,RGB,28876,102400.0,1.0,,True,,[],0.5129815042125266,1,False,True,semantic:https://eda.rambler.ru/images/article/shashlyk-iz-indeyki-legkaya-alternativa-svinine_square,2,True,semantic_duplicate_removed
https://eda.rambler.ru/media/recepty/recepty-kulichey-na-pashu-ot-klassiki-do-bystryh-variantov,https://eda.rambler.ru/images/Article/480x480/shashlyk-iz-indeyki-legkaya-alternativa-svinine_square.webp,source:srcset,,64,,,eda.rambler.ru,shashlyk-iz-indeyki-legkaya-alternativa-svinine_square.webp,eda.rambler.ru_media_recepty_recepty-kulichey-na-pashu-ot-klassik_cand_000189,eda.rambler.ru_media_recepty_recepty-kulichey-na-pashu-ot-klassik,data\raw\eda.rambler.ru_media_recepty_recepty-kulichey-na-pashu-ot-klassik,eda.rambler.ru_media_recepty_recepty-kulichey-na-pashu-ot-klassik_cand_000189_942188c723.webp,data\raw\eda.rambler.ru_media_recepty_recepty-kulichey-na-pashu-ot-klassik\eda.rambler.ru_media_recepty_recepty-kulichey-na-pashu-ot-klassik_cand_000189_942188c723.webp,True,,True,480.0,480.0,WEBP,RGB,58448,230400.0,1.0,,True,,[],0.474692546008919,0,False,False,,,False,
https://eda.rambler.ru/media/recepty/recepty-kulichey-na-pashu-ot-klassiki-do-bystryh-variantov,https://eda.rambler.ru/images/Article/640x640/shashlyk-iz-indeyki-legkaya-alternativa-svinine_square.webp,source:srcset,,64,,,eda.rambler.ru,shashlyk-iz-indeyki-legkaya-alternativa-svinine_square.webp,eda.rambler.ru_media_recepty_recepty-kulichey-na-pashu-ot-klassik_cand_000190,eda.rambler.ru_media_recepty_recepty-kulichey-na-pashu-ot-klassik,data\raw\eda.rambler.ru_media_recepty_recepty-kulichey-na-pashu-ot-klassik,eda.rambler.ru_media_recepty_recepty-kulichey-na-pashu-ot-klassik_cand_000190_e485095b4b.webp,data\raw\eda.rambler.ru_media_recepty_recepty-kulichey-na-pashu-ot-klassik\eda.rambler.ru_media_recepty_recepty-kulichey-na-pashu-ot-klassik_cand_000190_e485095b4b.webp,True,,True,640.0,640.0,WEBP,RGB,94098,409600.0,1.0,,True,,[],0.43795996502372414,0,False,False,,,False,
https://eda.rambler.ru/media/recepty/recepty-kulichey-na-pashu-ot-klassiki-do-bystryh-variantov,https://eda.rambler.ru/images/Article/480x480/shashlyk-iz-indeyki-legkaya-alternativa-svinine_square.jpg,source:srcset,,65,,,eda.rambler.ru,shashlyk-iz-indeyki-legkaya-alternativa-svinine_square.jpg,eda.rambler.ru_media_recepty_recepty-kulichey-na-pashu-ot-klassik_cand_000191,eda.rambler.ru_media_recepty_recepty-kulichey-na-pashu-ot-klassik,data\raw\eda.rambler.ru_media_recepty_recepty-kulichey-na-pashu-ot-klassik,eda.rambler.ru_media_recepty_recepty-kulichey-na-pashu-ot-klassik_cand_000191_74f26fc227.jpg,data\raw\eda.rambler.ru_media_recepty_recepty-kulichey-na-pashu-ot-klassik\eda.rambler.ru_media_recepty_recepty-kulichey-na-pashu-ot-klassik_cand_000191_74f26fc227.jpg,True,,True,480.0,480.0,JPEG,RGB,84306,230400.0,1.0,,True,,[],0.49643846745864373,1,False,True,semantic:https://eda.rambler.ru/images/article/shashlyk-iz-indeyki-legkaya-alternativa-svinine_square,3,True,semantic_duplicate_removed
https://eda.rambler.ru/media/recepty/recepty-kulichey-na-pashu-ot-klassiki-do-bystryh-variantov,https://eda.rambler.ru/images/Article/640x640/shashlyk-iz-indeyki-legkaya-alternativa-svinine_square.jpg,source:srcset,,65,,,eda.rambler.ru,shashlyk-iz-indeyki-legkaya-alternativa-svinine_square.jpg,eda.rambler.ru_media_recepty_recepty-kulichey-na-pashu-ot-klassik_cand_000192,eda.rambler.ru_media_recepty_recepty-kulichey-na-pashu-ot-klassik,data\raw\eda.rambler.ru_media_recepty_recepty-kulichey-na-pashu-ot-klassik,eda.rambler.ru_media_recepty_recepty-kulichey-na-pashu-ot-klassik_cand_000192_5ddf3efa3a.jpg,data\raw\eda.rambler.ru_media_recepty_recepty-kulichey-na-pashu-ot-klassik\eda.rambler.ru_media_recepty_recepty-kulichey-na-pashu-ot-klassik_cand_000192_5ddf3efa3a.jpg,True,,True,640.0,640.0,JPEG,RGB,138919,409600.0,1.0,,True,,[],0.4669839286095394,0,False,False,,,False,
https://eda.rambler.ru/media/recepty/recepty-kulichey-na-pashu-ot-klassiki-do-bystryh-variantov,https://eda.rambler.ru/images/Article/320x320/panini-s-mocarelloy-i-pesto-italyanskiy-perekus_square.webp,source:srcset,,66,,,eda.rambler.ru,panini-s-mocarelloy-i-pesto-italyanskiy-perekus_square.webp,eda.rambler.ru_media_recepty_recepty-kulichey-na-pashu-ot-klassik_cand_000193,eda.rambler.ru_media_recepty_recepty-kulichey-na-pashu-ot-klassik,data\raw\eda.rambler.ru_media_recepty_recepty-kulichey-na-pashu-ot-klassik,eda.rambler.ru_media_recepty_recepty-kulichey-na-pashu-ot-klassik_cand_000193_f44e8ae3f7.webp,data\raw\eda.rambler.ru_media_recepty_recepty-kulichey-na-pashu-ot-klassik\eda.rambler.ru_media_recepty_recepty-kulichey-na-pashu-ot-klassik_cand_000193_f44e8ae3f7.webp,True,,True,320.0,320.0,WEBP,RGB,22536,102400.0,1.0,,True,,[],0.5104654470817767,1,False,True,semantic:https://eda.rambler.ru/images/article/panini-s-mocarelloy-i-pesto-italyanskiy-perekus_square,2,True,semantic_duplicate_removed
https://eda.rambler.ru/media/recepty/recepty-kulichey-na-pashu-ot-klassiki-do-bystryh-variantov,https://eda.rambler.ru/images/Article/480x480/panini-s-mocarelloy-i-pesto-italyanskiy-perekus_square.webp,source:srcset,,66,,,eda.rambler.ru,panini-s-mocarelloy-i-pesto-italyanskiy-perekus_square.webp,eda.rambler.ru_media_recepty_recepty-kulichey-na-pashu-ot-klassik_cand_000194,eda.rambler.ru_media_recepty_recepty-kulichey-na-pashu-ot-klassik,data\raw\eda.rambler.ru_media_recepty_recepty-kulichey-na-pashu-ot-klassik,eda.rambler.ru_media_recepty_recepty-kulichey-na-pashu-ot-klassik_cand_000194_f90bf81d5f.webp,data\raw\eda.rambler.ru_media_recepty_recepty-kulichey-na-pashu-ot-klassik\eda.rambler.ru_media_recepty_recepty-kulichey-na-pashu-ot-klassik_cand_000194_f90bf81d5f.webp,True,,True,480.0,480.0,WEBP,RGB,39818,230400.0,1.0,,True,,[],0.4673200754994034,0,False,False,,,False,
https://eda.rambler.ru/media/recepty/recepty-kulichey-na-pashu-ot-klassiki-do-bystryh-variantov,https://eda.rambler.ru/images/Article/640x640/panini-s-mocarelloy-i-pesto-italyanskiy-perekus_square.webp,source:srcset,,66,,,eda.rambler.ru,panini-s-mocarelloy-i-pesto-italyanskiy-perekus_square.webp,eda.rambler.ru_media_recepty_recepty-kulichey-na-pashu-ot-klassik_cand_000195,eda.rambler.ru_media_recepty_recepty-kulichey-na-pashu-ot-klassik,data\raw\eda.rambler.ru_media_recepty_recepty-kulichey-na-pashu-ot-klassik,eda.rambler.ru_media_recepty_recepty-kulichey-na-pashu-ot-klassik_cand_000195_d075cc4b4e.webp,data\raw\eda.rambler.ru_media_recepty_recepty-kulichey-na-pashu-ot-klassik\eda.rambler.ru_media_recepty_recepty-kulichey-na-pashu-ot-klassik_cand_000195_d075cc4b4e.webp,True,,True,640.0,640.0,WEBP,RGB,61438,409600.0,1.0,,True,,[],0.42523500759685323,0,False,False,,,False,
https://eda.rambler.ru/media/recepty/recepty-kulichey-na-pashu-ot-klassiki-do-bystryh-variantov,https://eda.rambler.ru/images/Article/480x480/panini-s-mocarelloy-i-pesto-italyanskiy-perekus_square.jpg,source:srcset,,67,,,eda.rambler.ru,panini-s-mocarelloy-i-pesto-italyanskiy-perekus_square.jpg,eda.rambler.ru_media_recepty_recepty-kulichey-na-pashu-ot-klassik_cand_000196,eda.rambler.ru_media_recepty_recepty-kulichey-na-pashu-ot-klassik,data\raw\eda.rambler.ru_media_recepty_recepty-kulichey-na-pashu-ot-klassik,eda.rambler.ru_media_recepty_recepty-kulichey-na-pashu-ot-klassik_cand_000196_d0f17f107d.jpg,data\raw\eda.rambler.ru_media_recepty_recepty-kulichey-na-pashu-ot-klassik\eda.rambler.ru_media_recepty_recepty-kulichey-na-pashu-ot-klassik_cand_000196_d0f17f107d.jpg,True,,True,480.0,480.0,JPEG,RGB,63573,230400.0,1.0,,True,,[],0.48820806780752807,0,False,False,,,False,
https://eda.rambler.ru/media/recepty/recepty-kulichey-na-pashu-ot-klassiki-do-bystryh-variantov,https://eda.rambler.ru/images/Article/640x640/panini-s-mocarelloy-i-pesto-italyanskiy-perekus_square.jpg,source:srcset,,67,,,eda.rambler.ru,panini-s-mocarelloy-i-pesto-italyanskiy-perekus_square.jpg,eda.rambler.ru_media_recepty_recepty-kulichey-na-pashu-ot-klassik_cand_000197,eda.rambler.ru_media_recepty_recepty-kulichey-na-pashu-ot-klassik,data\raw\eda.rambler.ru_media_recepty_recepty-kulichey-na-pashu-ot-klassik,eda.rambler.ru_media_recepty_recepty-kulichey-na-pashu-ot-klassik_cand_000197_340cc54e43.jpg,data\raw\eda.rambler.ru_media_recepty_recepty-kulichey-na-pashu-ot-klassik\eda.rambler.ru_media_recepty_recepty-kulichey-na-pashu-ot-klassik_cand_000197_340cc54e43.jpg,True,,True,640.0,640.0,JPEG,RGB,100807,409600.0,1.0,,True,,[],0.4519512791029671,0,False,False,,,False,
https://eda.rambler.ru/media/recepty/recepty-kulichey-na-pashu-ot-klassiki-do-bystryh-variantov,https://eda.rambler.ru/images/Article/320x320/varene-iz-klubniki-klassika-i-pyatiminutka_square.webp,source:srcset,,68,,,eda.rambler.ru,varene-iz-klubniki-klassika-i-pyatiminutka_square.webp,eda.rambler.ru_media_recepty_recepty-kulichey-na-pashu-ot-klassik_cand_000198,eda.rambler.ru_media_recepty_recepty-kulichey-na-pashu-ot-klassik,data\raw\eda.rambler.ru_media_recepty_recepty-kulichey-na-pashu-ot-klassik,eda.rambler.ru_media_recepty_recepty-kulichey-na-pashu-ot-klassik_cand_000198_0ca8fcf5ec.webp,data\raw\eda.rambler.ru_media_recepty_recepty-kulichey-na-pashu-ot-klassik\eda.rambler.ru_media_recepty_recepty-kulichey-na-pashu-ot-klassik_cand_000198_0ca8fcf5ec.webp,True,,True,320.0,320.0,WEBP,RGB,30474,102400.0,1.0,,True,,[],0.5050266369706404,1,False,True,semantic:https://eda.rambler.ru/images/article/varene-iz-klubniki-klassika-i-pyatiminutka_square,2,True,semantic_duplicate_removed
https://eda.rambler.ru/media/recepty/recepty-kulichey-na-pashu-ot-klassiki-do-bystryh-variantov,https://eda.rambler.ru/images/Article/480x480/varene-iz-klubniki-klassika-i-pyatiminutka_square.webp,source:srcset,,68,,,eda.rambler.ru,varene-iz-klubniki-klassika-i-pyatiminutka_square.webp,eda.rambler.ru_media_recepty_recepty-kulichey-na-pashu-ot-klassik_cand_000199,eda.rambler.ru_media_recepty_recepty-kulichey-na-pashu-ot-klassik,data\raw\eda.rambler.ru_media_recepty_recepty-kulichey-na-pashu-ot-klassik,eda.rambler.ru_media_recepty_recepty-kulichey-na-pashu-ot-klassik_cand_000199_dcf64964d2.webp,data\raw\eda.rambler.ru_media_recepty_recepty-kulichey-na-pashu-ot-klassik\eda.rambler.ru_media_recepty_recepty-kulichey-na-pashu-ot-klassik_cand_000199_dcf64964d2.webp,True,,True,480.0,480.0,WEBP,RGB,55666,230400.0,1.0,,True,,[],0.4650312845256652,0,False,False,,,False,
https://eda.rambler.ru/media/recepty/recepty-kulichey-na-pashu-ot-klassiki-do-bystryh-variantov,https://eda.rambler.ru/images/Article/640x640/varene-iz-klubniki-klassika-i-pyatiminutka_square.webp,source:srcset,,68,,,eda.rambler.ru,varene-iz-klubniki-klassika-i-pyatiminutka_square.webp,eda.rambler.ru_media_recepty_recepty-kulichey-na-pashu-ot-klassik_cand_000200,eda.rambler.ru_media_recepty_recepty-kulichey-na-pashu-ot-klassik,data\raw\eda.rambler.ru_media_recepty_recepty-kulichey-na-pashu-ot-klassik,eda.rambler.ru_media_recepty_recepty-kulichey-na-pashu-ot-klassik_cand_000200_aee1a4d2c3.webp,data\raw\eda.rambler.ru_media_recepty_recepty-kulichey-na-pashu-ot-klassik\eda.rambler.ru_media_recepty_recepty-kulichey-na-pashu-ot-klassik_cand_000200_aee1a4d2c3.webp,True,,True,640.0,640.0,WEBP,RGB,83234,409600.0,1.0,,True,,[],0.425296087908296,0,False,False,,,False,
https://eda.rambler.ru/media/recepty/recepty-kulichey-na-pashu-ot-klassiki-do-bystryh-variantov,https://eda.rambler.ru/images/Article/480x480/varene-iz-klubniki-klassika-i-pyatiminutka_square.jpg,source:srcset,,69,,,eda.rambler.ru,varene-iz-klubniki-klassika-i-pyatiminutka_square.jpg,eda.rambler.ru_media_recepty_recepty-kulichey-na-pashu-ot-klassik_cand_000201,eda.rambler.ru_media_recepty_recepty-kulichey-na-pashu-ot-klassik,data\raw\eda.rambler.ru_media_recepty_recepty-kulichey-na-pashu-ot-klassik,eda.rambler.ru_media_recepty_recepty-kulichey-na-pashu-ot-klassik_cand_000201_121a825806.jpg,data\raw\eda.rambler.ru_media_recepty_recepty-kulichey-na-pashu-ot-klassik\eda.rambler.ru_media_recepty_recepty-kulichey-na-pashu-ot-klassik_cand_000201_121a825806.jpg,True,,True,480.0,480.0,JPEG,RGB,82617,230400.0,1.0,,True,,[],0.48717842195336125,0,False,False,,,False,
https://eda.rambler.ru/media/recepty/recepty-kulichey-na-pashu-ot-klassiki-do-bystryh-variantov,https://eda.rambler.ru/images/Article/640x640/varene-iz-klubniki-klassika-i-pyatiminutka_square.jpg,source:srcset,,69,,,eda.rambler.ru,varene-iz-klubniki-klassika-i-pyatiminutka_square.jpg,eda.rambler.ru_media_recepty_recepty-kulichey-na-pashu-ot-klassik_cand_000202,eda.rambler.ru_media_recepty_recepty-kulichey-na-pashu-ot-klassik,data\raw\eda.rambler.ru_media_recepty_recepty-kulichey-na-pashu-ot-klassik,eda.rambler.ru_media_recepty_recepty-kulichey-na-pashu-ot-klassik_cand_000202_a52d1767ab.jpg,data\raw\eda.rambler.ru_media_recepty_recepty-kulichey-na-pashu-ot-klassik\eda.rambler.ru_media_recepty_recepty-kulichey-na-pashu-ot-klassik_cand_000202_a52d1767ab.jpg,True,,True,640.0,640.0,JPEG,RGB,128852,409600.0,1.0,,True,,[],0.4544727877849054,0,False,False,,,False,
https://eda.rambler.ru/media/recepty/recepty-kulichey-na-pashu-ot-klassiki-do-bystryh-variantov,https://eda.rambler.ru/images/Article/320x320/fokachcha-s-rozmarinom-italyanskiy-hleb-za-chas_square.webp,source:srcset,,70,,,eda.rambler.ru,fokachcha-s-rozmarinom-italyanskiy-hleb-za-chas_square.webp,eda.rambler.ru_media_recepty_recepty-kulichey-na-pashu-ot-klassik_cand_000203,eda.rambler.ru_media_recepty_recepty-kulichey-na-pashu-ot-klassik,data\raw\eda.rambler.ru_media_recepty_recepty-kulichey-na-pashu-ot-klassik,eda.rambler.ru_media_recepty_recepty-kulichey-na-pashu-ot-klassik_cand_000203_99c5ad70b8.webp,data\raw\eda.rambler.ru_media_recepty_recepty-kulichey-na-pashu-ot-klassik\eda.rambler.ru_media_recepty_recepty-kulichey-na-pashu-ot-klassik_cand_000203_99c5ad70b8.webp,True,,True,320.0,320.0,WEBP,RGB,27184,102400.0,1.0,,True,,[],0.5123100855879801,1,False,True,semantic:https://eda.rambler.ru/images/article/fokachcha-s-rozmarinom-italyanskiy-hleb-za-chas_square,2,True,semantic_duplicate_removed
https://eda.rambler.ru/media/recepty/recepty-kulichey-na-pashu-ot-klassiki-do-bystryh-variantov,https://eda.rambler.ru/images/Article/480x480/fokachcha-s-rozmarinom-italyanskiy-hleb-za-chas_square.webp,source:srcset,,70,,,eda.rambler.ru,fokachcha-s-rozmarinom-italyanskiy-hleb-za-chas_square.webp,eda.rambler.ru_media_recepty_recepty-kulichey-na-pashu-ot-klassik_cand_000204,eda.rambler.ru_media_recepty_recepty-kulichey-na-pashu-ot-klassik,data\raw\eda.rambler.ru_media_recepty_recepty-kulichey-na-pashu-ot-klassik,eda.rambler.ru_media_recepty_recepty-kulichey-na-pashu-ot-klassik_cand_000204_6f88bbd7f2.webp,data\raw\eda.rambler.ru_media_recepty_recepty-kulichey-na-pashu-ot-klassik\eda.rambler.ru_media_recepty_recepty-kulichey-na-pashu-ot-klassik_cand_000204_6f88bbd7f2.webp,True,,True,480.0,480.0,WEBP,RGB,49782,230400.0,1.0,,True,,[],0.4712615712267427,0,False,False,,,False,
https://eda.rambler.ru/media/recepty/recepty-kulichey-na-pashu-ot-klassiki-do-bystryh-variantov,https://eda.rambler.ru/images/Article/640x640/fokachcha-s-rozmarinom-italyanskiy-hleb-za-chas_square.webp,source:srcset,,70,,,eda.rambler.ru,fokachcha-s-rozmarinom-italyanskiy-hleb-za-chas_square.webp,eda.rambler.ru_media_recepty_recepty-kulichey-na-pashu-ot-klassik_cand_000205,eda.rambler.ru_media_recepty_recepty-kulichey-na-pashu-ot-klassik,data\raw\eda.rambler.ru_media_recepty_recepty-kulichey-na-pashu-ot-klassik,eda.rambler.ru_media_recepty_recepty-kulichey-na-pashu-ot-klassik_cand_000205_cca853fca3.webp,data\raw\eda.rambler.ru_media_recepty_recepty-kulichey-na-pashu-ot-klassik\eda.rambler.ru_media_recepty_recepty-kulichey-na-pashu-ot-klassik_cand_000205_cca853fca3.webp,True,,True,640.0,640.0,WEBP,RGB,77522,409600.0,1.0,,True,,[],0.43149034832888966,0,False,False,,,False,
https://eda.rambler.ru/media/recepty/recepty-kulichey-na-pashu-ot-klassiki-do-bystryh-variantov,https://eda.rambler.ru/images/Article/480x480/fokachcha-s-rozmarinom-italyanskiy-hleb-za-chas_square.jpg,source:srcset,,71,,,eda.rambler.ru,fokachcha-s-rozmarinom-italyanskiy-hleb-za-chas_square.jpg,eda.rambler.ru_media_recepty_recepty-kulichey-na-pashu-ot-klassik_cand_000206,eda.rambler.ru_media_recepty_recepty-kulichey-na-pashu-ot-klassik,data\raw\eda.rambler.ru_media_recepty_recepty-kulichey-na-pashu-ot-klassik,eda.rambler.ru_media_recepty_recepty-kulichey-na-pashu-ot-klassik_cand_000206_c6e086c8da.jpg,data\raw\eda.rambler.ru_media_recepty_recepty-kulichey-na-pashu-ot-klassik\eda.rambler.ru_media_recepty_recepty-kulichey-na-pashu-ot-klassik_cand_000206_c6e086c8da.jpg,True,,True,480.0,480.0,JPEG,RGB,74722,230400.0,1.0,,True,,[],0.49263338719801747,1,False,True,semantic:https://eda.rambler.ru/images/article/fokachcha-s-rozmarinom-italyanskiy-hleb-za-chas_square,3,True,semantic_duplicate_removed
https://eda.rambler.ru/media/recepty/recepty-kulichey-na-pashu-ot-klassiki-do-bystryh-variantov,https://eda.rambler.ru/images/Article/640x640/fokachcha-s-rozmarinom-italyanskiy-hleb-za-chas_square.jpg,source:srcset,,71,,,eda.rambler.ru,fokachcha-s-rozmarinom-italyanskiy-hleb-za-chas_square.jpg,eda.rambler.ru_media_recepty_recepty-kulichey-na-pashu-ot-klassik_cand_000207,eda.rambler.ru_media_recepty_recepty-kulichey-na-pashu-ot-klassik,data\raw\eda.rambler.ru_media_recepty_recepty-kulichey-na-pashu-ot-klassik,eda.rambler.ru_media_recepty_recepty-kulichey-na-pashu-ot-klassik_cand_000207_cc573ab471.jpg,data\raw\eda.rambler.ru_media_recepty_recepty-kulichey-na-pashu-ot-klassik\eda.rambler.ru_media_recepty_recepty-kulichey-na-pashu-ot-klassik_cand_000207_cc573ab471.jpg,True,,True,640.0,640.0,JPEG,RGB,119171,409600.0,1.0,,True,,[],0.45918542540509716,0,False,False,,,False,
https://eda.rambler.ru/media/recepty/recepty-kulichey-na-pashu-ot-klassiki-do-bystryh-variantov,https://eda.rambler.ru/images/Article/320x320/holodnye-supy-mira-gaspacho-tarator-svekolnik_square.webp,source:srcset,,72,,,eda.rambler.ru,holodnye-supy-mira-gaspacho-tarator-svekolnik_square.webp,eda.rambler.ru_media_recepty_recepty-kulichey-na-pashu-ot-klassik_cand_000208,eda.rambler.ru_media_recepty_recepty-kulichey-na-pashu-ot-klassik,data\raw\eda.rambler.ru_media_recepty_recepty-kulichey-na-pashu-ot-klassik,eda.rambler.ru_media_recepty_recepty-kulichey-na-pashu-ot-klassik_cand_000208_0b8bcd9144.webp,data\raw\eda.rambler.ru_media_recepty_recepty-kulichey-na-pashu-ot-klassik\eda.rambler.ru_media_recepty_recepty-kulichey-na-pashu-ot-klassik_cand_000208_0b8bcd9144.webp,True,,True,320.0,320.0,WEBP,RGB,19802,102400.0,1.0,,True,,[],0.5059442407887496,1,False,True,semantic:https://eda.rambler.ru/images/article/holodnye-supy-mira-gaspacho-tarator-svekolnik_square,2,True,semantic_duplicate_removed
https://eda.rambler.ru/media/recepty/recepty-kulichey-na-pashu-ot-klassiki-do-bystryh-variantov,https://eda.rambler.ru/images/Article/480x480/holodnye-supy-mira-gaspacho-tarator-svekolnik_square.webp,source:srcset,,72,,,eda.rambler.ru,holodnye-supy-mira-gaspacho-tarator-svekolnik_square.webp,eda.rambler.ru_media_recepty_recepty-kulichey-na-pashu-ot-klassik_cand_000209,eda.rambler.ru_media_recepty_recepty-kulichey-na-pashu-ot-klassik,data\raw\eda.rambler.ru_media_recepty_recepty-kulichey-na-pashu-ot-klassik,eda.rambler.ru_media_recepty_recepty-kulichey-na-pashu-ot-klassik_cand_000209_d6cf48dced.webp,data\raw\eda.rambler.ru_media_recepty_recepty-kulichey-na-pashu-ot-klassik\eda.rambler.ru_media_recepty_recepty-kulichey-na-pashu-ot-klassik_cand_000209_d6cf48dced.webp,True,,True,480.0,480.0,WEBP,RGB,36612,230400.0,1.0,,True,,[],0.4626333461045172,0,False,False,,,False,
https://eda.rambler.ru/media/recepty/recepty-kulichey-na-pashu-ot-klassiki-do-bystryh-variantov,https://eda.rambler.ru/images/Article/640x640/holodnye-supy-mira-gaspacho-tarator-svekolnik_square.webp,source:srcset,,72,,,eda.rambler.ru,holodnye-supy-mira-gaspacho-tarator-svekolnik_square.webp,eda.rambler.ru_media_recepty_recepty-kulichey-na-pashu-ot-klassik_cand_000210,eda.rambler.ru_media_recepty_recepty-kulichey-na-pashu-ot-klassik,data\raw\eda.rambler.ru_media_recepty_recepty-kulichey-na-pashu-ot-klassik,eda.rambler.ru_media_recepty_recepty-kulichey-na-pashu-ot-klassik_cand_000210_fdfb928d52.webp,data\raw\eda.rambler.ru_media_recepty_recepty-kulichey-na-pashu-ot-klassik\eda.rambler.ru_media_recepty_recepty-kulichey-na-pashu-ot-klassik_cand_000210_fdfb928d52.webp,True,,True,640.0,640.0,WEBP,RGB,55904,409600.0,1.0,,True,,[],0.41973622241303327,0,False,False,,,False,
https://eda.rambler.ru/media/recepty/recepty-kulichey-na-pashu-ot-klassiki-do-bystryh-variantov,https://eda.rambler.ru/images/Article/480x480/holodnye-supy-mira-gaspacho-tarator-svekolnik_square.jpg,source:srcset,,73,,,eda.rambler.ru,holodnye-supy-mira-gaspacho-tarator-svekolnik_square.jpg,eda.rambler.ru_media_recepty_recepty-kulichey-na-pashu-ot-klassik_cand_000211,eda.rambler.ru_media_recepty_recepty-kulichey-na-pashu-ot-klassik,data\raw\eda.rambler.ru_media_recepty_recepty-kulichey-na-pashu-ot-klassik,eda.rambler.ru_media_recepty_recepty-kulichey-na-pashu-ot-klassik_cand_000211_24770fdf35.jpg,data\raw\eda.rambler.ru_media_recepty_recepty-kulichey-na-pashu-ot-klassik\eda.rambler.ru_media_recepty_recepty-kulichey-na-pashu-ot-klassik_cand_000211_24770fdf35.jpg,True,,True,480.0,480.0,JPEG,RGB,79036,230400.0,1.0,,True,,[],0.4909099753648109,1,False,True,semantic:https://eda.rambler.ru/images/article/holodnye-supy-mira-gaspacho-tarator-svekolnik_square,3,True,semantic_duplicate_removed
https://eda.rambler.ru/media/recepty/recepty-kulichey-na-pashu-ot-klassiki-do-bystryh-variantov,https://eda.rambler.ru/images/Article/640x640/holodnye-supy-mira-gaspacho-tarator-svekolnik_square.jpg,source:srcset,,73,,,eda.rambler.ru,holodnye-supy-mira-gaspacho-tarator-svekolnik_square.jpg,eda.rambler.ru_media_recepty_recepty-kulichey-na-pashu-ot-klassik_cand_000212,eda.rambler.ru_media_recepty_recepty-kulichey-na-pashu-ot-klassik,data\raw\eda.rambler.ru_media_recepty_recepty-kulichey-na-pashu-ot-klassik,eda.rambler.ru_media_recepty_recepty-kulichey-na-pashu-ot-klassik_cand_000212_86fcc19ffe.jpg,data\raw\eda.rambler.ru_media_recepty_recepty-kulichey-na-pashu-ot-klassik\eda.rambler.ru_media_recepty_recepty-kulichey-na-pashu-ot-klassik_cand_000212_86fcc19ffe.jpg,True,,True,640.0,640.0,JPEG,RGB,125309,409600.0,1.0,,True,,[],0.45819263131202564,0,False,False,,,False,
https://eda.rambler.ru/media/recepty/recepty-kulichey-na-pashu-ot-klassiki-do-bystryh-variantov,https://eda.rambler.ru/images/Article/320x320/domashnie-limonady-5-receptov-bez-gotovyh-siropov-i-himii_square.webp,source:srcset,,74,,,eda.rambler.ru,domashnie-limonady-5-receptov-bez-gotovyh-siropov-i-himii_square.webp,eda.rambler.ru_media_recepty_recepty-kulichey-na-pashu-ot-klassik_cand_000213,eda.rambler.ru_media_recepty_recepty-kulichey-na-pashu-ot-klassik,data\raw\eda.rambler.ru_media_recepty_recepty-kulichey-na-pashu-ot-klassik,eda.rambler.ru_media_recepty_recepty-kulichey-na-pashu-ot-klassik_cand_000213_bc6bd08239.webp,data\raw\eda.rambler.ru_media_recepty_recepty-kulichey-na-pashu-ot-klassik\eda.rambler.ru_media_recepty_recepty-kulichey-na-pashu-ot-klassik_cand_000213_bc6bd08239.webp,True,,True,320.0,320.0,WEBP,RGB,12094,102400.0,1.0,,True,,[],0.5234877129094978,1,False,True,semantic:https://eda.rambler.ru/images/article/domashnie-limonady-5-receptov-bez-gotovyh-siropov-i-himii_square,2,True,semantic_duplicate_removed
https://eda.rambler.ru/media/recepty/recepty-kulichey-na-pashu-ot-klassiki-do-bystryh-variantov,https://eda.rambler.ru/images/Article/480x480/domashnie-limonady-5-receptov-bez-gotovyh-siropov-i-himii_square.webp,source:srcset,,74,,,eda.rambler.ru,domashnie-limonady-5-receptov-bez-gotovyh-siropov-i-himii_square.webp,eda.rambler.ru_media_recepty_recepty-kulichey-na-pashu-ot-klassik_cand_000214,eda.rambler.ru_media_recepty_recepty-kulichey-na-pashu-ot-klassik,data\raw\eda.rambler.ru_media_recepty_recepty-kulichey-na-pashu-ot-klassik,eda.rambler.ru_media_recepty_recepty-kulichey-na-pashu-ot-klassik_cand_000214_d049e61e1c.webp,data\raw\eda.rambler.ru_media_recepty_recepty-kulichey-na-pashu-ot-klassik\eda.rambler.ru_media_recepty_recepty-kulichey-na-pashu-ot-klassik_cand_000214_d049e61e1c.webp,True,,True,480.0,480.0,WEBP,RGB,21822,230400.0,1.0,,True,,[],0.47732752224662983,0,False,False,,,False,
https://eda.rambler.ru/media/recepty/recepty-kulichey-na-pashu-ot-klassiki-do-bystryh-variantov,https://eda.rambler.ru/images/Article/640x640/domashnie-limonady-5-receptov-bez-gotovyh-siropov-i-himii_square.webp,source:srcset,,74,,,eda.rambler.ru,domashnie-limonady-5-receptov-bez-gotovyh-siropov-i-himii_square.webp,eda.rambler.ru_media_recepty_recepty-kulichey-na-pashu-ot-klassik_cand_000215,eda.rambler.ru_media_recepty_recepty-kulichey-na-pashu-ot-klassik,data\raw\eda.rambler.ru_media_recepty_recepty-kulichey-na-pashu-ot-klassik,eda.rambler.ru_media_recepty_recepty-kulichey-na-pashu-ot-klassik_cand_000215_fc6febe0d0.webp,data\raw\eda.rambler.ru_media_recepty_recepty-kulichey-na-pashu-ot-klassik\eda.rambler.ru_media_recepty_recepty-kulichey-na-pashu-ot-klassik_cand_000215_fc6febe0d0.webp,True,,True,640.0,640.0,WEBP,RGB,33212,409600.0,1.0,,True,,[],0.4310880410441579,0,False,False,,,False,
https://eda.rambler.ru/media/recepty/recepty-kulichey-na-pashu-ot-klassiki-do-bystryh-variantov,https://eda.rambler.ru/images/Article/480x480/domashnie-limonady-5-receptov-bez-gotovyh-siropov-i-himii_square.jpg,source:srcset,,75,,,eda.rambler.ru,domashnie-limonady-5-receptov-bez-gotovyh-siropov-i-himii_square.jpg,eda.rambler.ru_media_recepty_recepty-kulichey-na-pashu-ot-klassik_cand_000216,eda.rambler.ru_media_recepty_recepty-kulichey-na-pashu-ot-klassik,data\raw\eda.rambler.ru_media_recepty_recepty-kulichey-na-pashu-ot-klassik,eda.rambler.ru_media_recepty_recepty-kulichey-na-pashu-ot-klassik_cand_000216_44416b20ab.jpg,data\raw\eda.rambler.ru_media_recepty_recepty-kulichey-na-pashu-ot-klassik\eda.rambler.ru_media_recepty_recepty-kulichey-na-pashu-ot-klassik_cand_000216_44416b20ab.jpg,True,,True,480.0,480.0,JPEG,RGB,40799,230400.0,1.0,,True,,[],0.49634727128535117,1,False,True,semantic:https://eda.rambler.ru/images/article/domashnie-limonady-5-receptov-bez-gotovyh-siropov-i-himii_square,3,True,semantic_duplicate_removed
https://eda.rambler.ru/media/recepty/recepty-kulichey-na-pashu-ot-klassiki-do-bystryh-variantov,https://eda.rambler.ru/images/Article/640x640/domashnie-limonady-5-receptov-bez-gotovyh-siropov-i-himii_square.jpg,source:srcset,,75,,,eda.rambler.ru,domashnie-limonady-5-receptov-bez-gotovyh-siropov-i-himii_square.jpg,eda.rambler.ru_media_recepty_recepty-kulichey-na-pashu-ot-klassik_cand_000217,eda.rambler.ru_media_recepty_recepty-kulichey-na-pashu-ot-klassik,data\raw\eda.rambler.ru_media_recepty_recepty-kulichey-na-pashu-ot-klassik,eda.rambler.ru_media_recepty_recepty-kulichey-na-pashu-ot-klassik_cand_000217_c44d26b3d0.jpg,data\raw\eda.rambler.ru_media_recepty_recepty-kulichey-na-pashu-ot-klassik\eda.rambler.ru_media_recepty_recepty-kulichey-na-pashu-ot-klassik_cand_000217_c44d26b3d0.jpg,True,,True,640.0,640.0,JPEG,RGB,65000,409600.0,1.0,,True,,[],0.45489179395182855,0,False,False,,,False,
